Solution Name,Link,Summary,Who,Why,How,What,Category,Tags
Slanty: The Portable Slant Board,https://tomglobal.org/project?id=65cc0c8d9c60ec10f9180c0f,"Portable, 3-D printed slanting adaptation for a standard hardboard clip board.","People with Filum Disease have difficulty controlling eye movements and processing shapes and forms, which makes reading difficult. Looking down with the neck bent can also cause pain and vital sign issues.",Slant boards are used to help with reading because of how it stabilizes the letters' shapes to be easier to process. They also bring papers to a higher level to prevent bending the neck. Most are not portable which makes it hard to transport where needed.,"It is smaller, lighter, and more transportable which allows it to be brought to all places where reading support is needed while protecting the board. It also will not take up as much space and removes glare issues present in other slant boards.","This is a 3D printed attachment that snaps onto any clipboard, turning it into a slant board at the recommended 25 degree angle. It also comes apart to fit in a quart size bag which makes it light, compact, and easy to transport in a backpack. Tools needed FDM Printer",Daily Living,
U-Chest Support,https://tomglobal.org/project?id=661c105ee9cb5f00141d098f,This product is an adjustable postural support system that can be attached to various seating devices.,"Designed initially for our Toddler Mobility Trainer and Portable Modular Toilet Seat, this product aims to provide additional postural support for any child who may need it.","The public market lacks affordable, supportive and comfortable chest supports for children.",This solution has a central U-chest plate and four customizable straps with built in quick release buckles to provide safe and comfortable support. Tools Needed Laser cutting machine Scissors Measuring tape Pen/marker Sewing machine Needle + sewing thread Lighter Pins Bill of Materials Please see the detailed BOM and printing models in the downloadable product file. Estimated Time to Make 15 minutes of laser cutting time 1 hour of assembling + sewing Technical Requirements Laser Cutting Fabric Laser Cutting Other Textile Hobby Sewing Machine,This product is an adjustable postural support system that can be attached to various seating devices.,Daily Living,condition:autism; condition:CP; assistivetool:wheelchair; technology:sawing
Pill Pack Opener,https://tomglobal.org/project?id=64afc603af3325217568ac77,The Pill Pack Opener is a 3D printed tool with  that can be used to press pills out of blister packages with a light push force.,"This tool is designed for people who have difficulty with fine motor skills (i.e. pinching, gripping, squeezing) or with hand coordination.",People who have challenges with fine motor skills and/or hand-eye coordination can struggle to push pills out of blister packs because it requires a very precise application of force.,"This solution helps users to push pills out of the packaging with a light force. Rather than needing to push on the packaging with their fingertips, users can simply enclose the packaging in the product and use a slight force to extract the pill. Tools Needed 3D Printer Bill of Materials Please see the detailed BOM and printing models in the downloadable product file. Estimated Time to Make 2 hrs of print time",The Blister Pack Opener is a 3D printed tool with an extrusion that can be used to press pills out of blister packages with a light push force.,Daily Living; Therapy,
Utensil Holder End Unit for TOM Arm Prosthesis,https://tomglobal.org/project?id=654bb06dbcee673bde4ae9a8,This is an adjustable kitchen utensil holder attachment that connects to the TOM Parametric Arm Prosthesis enabling an amputee to use a fork or other utensils to eat.,"This project was designed and developed with two Need Knowers, Ester and Shula. Both women are below-the-elbow amputees who hoped to achieve greater independence in the kitchen.",An arm amputation poses multiple challenges to the amputee’s ability to perform basic daily tasks such as using both hands to eat using utensils.,The Utensil Holder End Unit combines 3D printed and off the shelf parts to create an attachment to the TOM Parametric Arm Prosthesis that enables the use of a fork or other utensils for eating.,This is an adjustable kitchen utensil holder attachment that connects to the TOM Parametric Arm Prosthesis enabling an amputee to use a fork or other utensils to eat.,Daily Living,condition:amputee; bodypart:hand; assistivetool:prosthesis; activity:eat
Typing Splint,https://tomglobal.org/project?id=69bdab6812b3ce00124669c5,"The Typing Splint is a palm-sized, 3D-printed hand splint that seamlessly integrates a TPU tip to allow the user to easily type, press buttons, or complete other fine motor tasks.",Intended users of this Typing Splint are individuals with limited finger dexterity. This could lead to difficulty with fine motor tasks such as typing or pushing buttons.,The Shepherd Center strives to increase patients' independence when performing activities of daily living such as fine motor tasks like typing or pushing buttons.,The Typing Splint limits the need for fine finger movement by using a touch screen compatible rubber-tipped stylus attached to a hand splint.,"The Typing Splint is a palm-sized, 3D-printed hand splint that seamlessly integrates a TPU tip to allow the user to easily type on a touchscreen, press buttons, or complete other fine motor tasks. Tools needed PC or MAC I7 + Fusion 360 Prusa slicer FDM Printer",Daily Living,
Nail Clipper - Makers Making Change,https://tomglobal.org/project?id=62d4fcb0aafd87662b35a9b8,"This 3D-printed nail clipper assistive device was designed by Makers Making Change. It is designed to allow the user to cut their own nails using the palm of their hand or forearm, making it easier for those who might have trouble using a nail clipper on its own.
Check out the Makers Making Change website to view more of their amazing products at https://makersmakingchange.com/assistive-devices/",Our project is designed for people with limited finger mobility who are looking to maintain their personal hygiene independently.,"Many people have limited finger or hand dexterity. Those people may suffer from a lack of grip strength, coordination, or fine motor skills which can prevent them from completing everyday tasks on their own.","Our device allows one to cut their own finger or toenails without the need of precise finger movements. Now, people with limited finger mobility can use their nail clippers!",A nail clipper assistive device that allows the user to use the palm of their hand or forearm to push down on the clipping mechanism. Tools Needed: 3D printer Bill of materials: Please see BOM and printing models in the downloadable product file. Estimated time to make: 2 hours of 3D-printing time,Daily Living,
Tweezer Grip (TweeziFit),https://tomglobal.org/project?id=6878a924d4eca1001430b28a,"The Tweezer Grip / Tweezifit is designed for users with limited grip or motor control, including rehab patients, elderly individuals, therapists, and professionals who use tweezers frequently. It’s a soft 3D-printed TPU adapter that attaches to standard tweezers, guiding finger placement and widening the pinch angle for improved stability and comfort. By enhancing grip and reducing strain, it enables safer, more precise, and independent use in daily care, rehabilitation, or repetitive professional work.","The Tweezer Grip supports users with limited grip or motor control, including rehab patients, elderly individuals, therapists, and professionals like estheticians who use tweezers often and seek comfort, precision, and reduced strain.",Individuals with limited grip or fine motor skills struggle to use tweezers safely and accurately.,"The Tweezer Grip improves grip stability and finger alignment, allowing users with limited motor control to hold and operate tweezers comfortably. Its ergonomic design reduces strain and supports safe, independent use in both rehab and daily tasks.","The Tweezer Grip is a soft TPU 3d printing adapter that attaches to standard tweezers. It guides finger placement or widens the pinch angle, making tweezer use easier, more stable, and less straining for users with grip or motor challenges. Tools needed PC or MAC I7 + Fusion 360 Prusa slicer FDM Printer",Daily Living; Therapy,
Cup holder for crutches,https://tomglobal.org/project?id=66bdc7441eafbd00123990a2,A gyro system that easily connects to a crutch to carry and stabilize beverages on-the-go.,Any person who uses crutches permanently or temporarily and wants to carry drinking glasses from one place to another.,People who use crutches cannot carry a drink on their own because their hands are in use!,The solution will allow people who use crutches to move cups from one place to another without spilling the liquid inside.,A gyro system that easily connects to a crutch to carry and stabilize beverages on-the-go. Tools needed Prusa slicer Pliers Cutter Hammer FDM Printer,Daily Living,assistivetool:crutches
EZ-Grip Utensil Grip,https://tomglobal.org/project?id=5cb7015eb506a2297168b070,3D-printed adaptation that allows people with motor problems in their fingers and wrists to be able to hold flatware and utensils without external help. This TOM Product was developed by TOM:Milbat and updated by TOM NYC Studio.,,,,,Daily Living,technology:DIY; priority; condition:paralysis; bodypart:hand; technology:3D Printing; bodypart:fingers; activity:eat
Nail Clipper Assistant,https://tomglobal.org/project?id=6182e2f94f10776dbe488605,"The Nail Clipper Assistant is a 3D printed tool that helps people cut their own nails with rough hand or arm movements.
This product is adapted from a Makers Making Change design. - https://makersmakingchange.com/project/nail-clipper-holder/#reviews","The Nail Clipper Assistant is helpful for many individuals such as those with a lack of grip strength, coordination, or fine motor skills.","Many individuals struggle with the precise and consecutive motions involved with clipping one’s own nails, so this tool provides a cheap, simple solution to this problem.","This tool has a compartment that securely holds a nail clipper, and a wide-area lever and rod-shaped attachment option that convert the standard “squeezing” action required of nail clippers to a “push” or “pull” action. Tools Needed: - 3D printer - Screwdriver Bill of materials: Please see BOM and printing models in the downloadable product file. Estimated time to make: - 1 hour of printing time - 30 minutes for assembly Technical requirements: - 3D Printing",The Nail Clipper Assistant is a 3D printed tool that helps people cut their own nails with rough hand or arm movements.,Daily Living,condition:amputee; bodypart:hand; condition:hygiene; technology:3D Printing; bodypart:nails; condition:motor problems
3DTMT: 3D-Printed Toddler Mobility Trainer,https://tomglobal.org/project?id=692e2cf350c53a00132f2b35,"The 3D-Printed Toddler Mobility Trainer (3DTMT) is an affordable, open-source device that empowers young children with disabilities to explore their environment independently. Designed for indoor use, it fills the gap in early-age mobility options, especially for toddlers who lack the strength or coordination to crawl or walk and have limited access to age-appropriate wheelchairs. By enabling seated, arm-driven movement, the 3DTMT provides a practical, easily manufactured solution that promotes early mobility, engagement, and development.","The 3DTMT is an affordable, open-source solution designed to support independent mobility for young children in indoor environments.","Many toddlers and young children with disabilities lack the physical strength or coordination needed to crawl or walk independently-- even though they may be ready to explore and engage with their environment. Wheelchair options for this age group are rarely available, affordable, or covered by most insurance providers.","This product helps kids learn to move in a seated position using their arms and/or hands, providing increased mobility for those with limited lower limb strength.","An affordable and easily manufactured mobility trainer suitable for younger ages in indoor environments. Inspired— and informed by— the original TOM Toddler Mobility Trainer, this newly-designed model brings together the ease of 3D printing and the expertise of our partners, collaborators and Need-Knowers. A design collaboration between LINK PBC, Tikkun Olam Makers, and MakeGood. Tools needed FDM Printer Filament Dryer 13mm Socket Wrench Wrench Rubber Mallet Scissors Tools to remove filament (recommended) Putty Knife Tweezer Wire Cutters Pliers Sandpaper Cutting Mat",Fun/Leisure; Daily Living; Therapy,condition:motor problems; technology:3D Printing; condition:paralysis; assistivetool:wheelchair; condition:walking problems; age:kids
3DTMT Headrest,https://tomglobal.org/project?id=692f48d37f008a0012e76877,Adjustable and removable headrest installs on the back of the 3DTMT (3D-Printed Toddler Mobility Trainer) with a mounting bracket and a knob for adjusting the height.,Users of the 3DTMT who need additional head support.,Some children using the Toddler Mobility Trainer need some extra support for their head. The 3DTMT headrest is a 3D-printed accessory for the 3DTMT which installs using the existing channels on the back of the TMT.,Adjustable and removable headrest installs with a mounting bracket and a knob for adjusting the height.,A headrest attachment for the 3DTMT featuring a hardware-free installation and adjustable height options. Tools needed Rubber Hammar FDM Printer,Daily Living,
Custom Arm Prosthesis - Lightweight Parametric Prosthetic Arm,https://tomglobal.org/project?id=65664967b5e3760523ea14c1,"This solution is an inexpensive, quick-to-manufacture, 3D printed custom parametric prosthesis for below-the-elbow amputees. This prosthesis is the base unit that is connected to the arm and can be paired with different end units for a variety of functions for daily tasks or recreational activities (See below).","Below-the-elbow amputees who hope to achieve greater independence in every day actions, such as working in the kitchen, playing the guitar, playing basketball and more. We worked with 8 different Need Knowers throughout the development process.","For amputees, a prosthesis is often a necessity. However, there are no effective low-cost custom prostheses available on the market. Therefore a person that needs a prosthesis, usually can afford/ will receive from health care, only one. Getting a customized prosthesis today requires a lot of time and money, and most need to be replaced every few years.","Utilizing 3D printing and parametric design enables this prosthesis to be both affordable and easily customizable for a comfortable fit for all users. It is designed to connect to a system of end units to remain multifunctional despite not being robotic. Our manufacturing process is cheap, simple & fast, so any makerspace center (e.g., a TOM community) can produce it.","This solution is an inexpensive, quick-to-manufacture, 3D printed custom parametric prosthesis for below-the-elbow amputees. NEED KNOWERS, DESIGNERS, AND CONTRIBUTERS: Designed with: Ester, Shula, Moshe, Eliran, Max, Moran, Lishye, Eliasaf, Yael, Noam, Boon Designed by: TOM R&D Team: Dana Yichye Shwachman, Alexander Geht, Aviad Kelner, Hannah Landau, Tom Avisar, Geffen Dotan, Devin Smith, Amit Lavie. TOM Studio Summer ‘23 Internship Program: Netanel Aharonov, Tamar Meiri ‘22 Internship Program: Ahuvia Haneman, Vincent Chang ‘21 Internship Program: Sharona Simhi, Roy Borkin, Or Raizberg ‘20 Internship Program: Friedman Lev End units: TOM Israel community Developers group ‘23: Teddy Cohen, Itay Siman Tov, Maya Paruz, Noga Rosen, Rotem Ben Yehuda, Rotem Gabay",Daily Living,condition:amputee; bodypart:hand; technology:3D Printing; assistivetool:prosthesis
Coggon Crawler,https://tomglobal.org/project?id=6a22e7d8353b87001304897c,"An affordable device that supports children with disabilities in crawling and quadruped movement-- providing secure positioning and head support, and freeing caregivers' hands to engage more actively with the child.
Conceived by Cassidy Sanchez, PT; with help from Emerald, Evan and their families, Peter Noonan, Jesse Darley, Landon Bilkia, Jacob Hansen + University of Wisconsin Grainger Engineering Design Innovation Labs.","Children roughly 18 months and older who still need quadruped positioning and crawling practice-- to develop shoulder and hip stability, depth perception and protective responses.","Crawling is critical for motor, sensory, and cognitive development. Many children with disabilities cannot access this stage independently, and existing solutions tend to be costly or inadequate. The Coggon Crawler makes this therapy more accessible.","The Coggon Crawler provides secure positioning+head support so a child with limited strength/head control can safely practice crawling, while a caregiver's hands are free to engage, encourage, and interact face-to-face instead of supporting their weight.","An affordable, open-source mobility device supporting children with disabilities in crawling and quadruped movement through secure positioning, head support, and customizable 3D-printed components. Tools needed Protective glasses Prusa slicer Screwdriver set Allen keys set Needle-nose pliers Cutter Hammer Pvc pipe cutter Electric Srewdriver FDM Printer",Daily Living; Therapy,
Walker Adapter for Hemiplegic Hand,https://tomglobal.org/project?id=67ceed0463ce640013c8a60f,"The Walker Adapter for Hemiplegic Hand is designed for people with limited hand function from stroke, cerebral palsy, or injury, helping them maintain a secure grip on a walker. It’s a 3D-printed cylindrical attachment that holds therapy straps in place, supporting proper hand positioning and posture. By improving stability and comfort, it enhances mobility and independence during rehabilitation.","The Walker Adapter for Hemiplegic Hand is designed for individuals with limited hand function due to stroke, cerebral palsy, or injury. It provides secure hand support, aiding mobility and posture. Ideal for patients, therapists, and caregivers in rehabilitation.","Many individuals with hemiplegia struggle to maintain a stable grip on a walker, affecting their mobility and posture. The Walker Adapter for Hemiplegic Hand provides a secure and adjustable solution, enhancing safety, comfort, and independence during rehab and physical therapy.","The Walker Adapter for Hemiplegic Hand securely holds therapy straps, allowing users with limited hand function to maintain proper hand positioning on a walker. Its easy-to-attach design ensures stability, improves posture, and enhances mobility.",The Walker Adapter for Hemiplegic Hand is a 3D-printed cylindrical attachment designed to securely hold various therapy straps used by occupational therapists. It features a slot for easy strap insertion and holes at the base for mounting securely. Tools needed Protective glasses PC or MAC I7 + Prusa slicer Pliers Cutter FDM Printer,Therapy,
Flexible Cuff Holder - multiple sizes,https://tomglobal.org/project?id=655b2c1fbcee673bde4dc03e,"Flexible and easy to use, this tool adjusts for eating utensils or toothbrushes and securely fits various hand shapes.","This product is an aid for independent eating and teeth brushing, perfect for those who face difficulty gripping utensils.","Those facing fine motor skills, hand stability, or coordination challenges may struggle with everyday tasks like eating and brushing teeth. The standard process, involving precise control of thin utensils, can be difficult for them.","With its flexible attribute, this tool effortlessly adapts to eating utensils or toothbrushes. Its flexibility allows it to conform to various hand shapes, securely fastening to the user's hand for a tailored experience.","Flexible and easy to use, this tool adjusts for eating utensils or toothbrushes and securely fits various hand shapes. Tools needed Prusa slicer FDM Printer",Daily Living,
Table Mounted Bottle Opener,https://tomglobal.org/project?id=657c3ed0c2fc0d3c279cbe3d,"This 3D-printed bottle opener helps open medicine and other bottles, compensating for limited dexterity or strength in the hands. It’s graduated design fits various sizes and allows the user to open them with minimal effort and movement.",Doaa Abu Aesha is a 25 year old multiple sclerosis patient whose limited dexterity and muscle tone affects her day-to-day activities.,"Doaa suffers from many symptoms that affects her every day activities and we want to help her achieve more independence. After meeting with our Need-Knower, we found that she has a hard time opening her pill bottles.","This 3D-printed bottle opener helps her open medicine and other bottles despite having limited muscle strength in her hands. It targets the number one difficulty with soft motor skills that our Need-Knower has, shortening the amount of time and the strength needed to complete the task.",This 3D-printed bottle opener has a graduated design which fits various sized bottles and allows the user to open them with minimal effort and movement. It can also be detached from the table to be used handheld. Tools needed PC or MAC I7 + FDM Printer,Daily Living,
Adaptive Can Opener,https://tomglobal.org/project?id=69cbeb7540335c00126166fe,"Another great can opener tool for our collection: This one is a small, 3D-printed lever tool that hooks under a can tab and lifts it with minimal effort. Also has a hole for key ring or string.","People who struggle to open cans (e.g., those with weak grip strength, long nails, or limited dexterity).","This project was taken from the maker fifindr from BambuLab's Open Source platform, Makerworld. Find out more about the project and the maker here - https://makerworld.com/en/models/1333843-beverage-can-opener?from=search#profileId-1372748","It increases leverage and reduces the force needed, making cans easier to open while protecting fingers and nails.","A small, 3D-printed lever tool that hooks under a can tab and lifts it with minimal effort. Tools needed Prusa slicer FDM Printer",Daily Living,
I Can - Drinking Can Opener,https://tomglobal.org/project?id=616453330a3b463bd05551c5,A 3D printed tool that helps users lacking fine motor skills to open canned beverages on their own.,This tool is designed to help individuals who have difficulties with fine motor skills and/or a weak grip.,People who have challenges with fine motor skills and/or a weak grip can struggle to open cans on their own because the standard design requires one to firmly grip the tab and pull.,"This solution utilizes the principle of leverage to help users open cans on their own by converting the ""pull"" action to a ""push"" action - all one needs to do is hook the key of the tool and push. Tools Needed: - 3D printer Bill of materials: Please see BOM and printing models in the downloadable product file. Estimated time to make: - 30 minutes of printing time",The Drinking Can Opener is a 3D printed tool that helps users open cans on their own.,Daily Living,
Utensil U-Cuff,https://tomglobal.org/project?id=6986239eee1e610012df1797,"A handheld, 3D-printed device that uses a universal cuff handle extension, allowing the user to easily hold and manipulate a utensil with limited fine motor control.",Intended users of this Utensil U-Cuff are individuals with limited finger dexterity. This could lead to difficulty grasping and manipulating basic utensils.,The Shepherd Center strives to increase patients' independence when performing activities of daily living such as using utensils.,The Utensil U-Cuff limits the need for fine motor control when eating with utensils by using a handle extension rather than the utensil's handle itself.,"The Utensil U-Cuff is a handheld, 3D-printed device that uses a universal cuff (u-cuff) handle extension, allowing the user to easily hold and manipulate the utensil with limited fine motor control. Tools needed PC or MAC I7 + Fusion 360 Prusa slicer FDM Printer",Daily Living,
Palm Pen Holder,https://tomglobal.org/project?id=62de7d61ca7981134236c7a0,"The Palm Pen Holder is a writing aid designed to fit comfortably in the user's hand and can hold a variety of different writing utensils. This device helps the user with grip and control while writing, drawing, or painting. Palm Pen Holder was designed by Makers Making Change. To learn more, visit their website at https://makersmakingchange.com/","The Palm Pen Holder is designed as a writing aid for people who may have trouble gripping, holding, or controlling a writing utensil on their own.","Writing is an important part of daily life and is often vital for communication. However, writing utensils are thin and can be difficult to grasp or control for people with limited hand/finger mobility.","The device is able to be slid onto the hand of the user or gripped in various positions. A pen or pencil is inserted through the Palm Pen Holder pen hole and is fixed in place by tightening a set screw to allow for different writing utensil sizes. The device can be gripped in multiple ways and also gently squeezes the hand for stability when writing. With different sizing available, this device works well with narrow writing utensils like paintbrushes or wider ones like sharpie markers. In addition, the device itself has alternate sizing to provide options for the user. Tools Needed: 3D Printer Screwdriver Bill of Materials: Please see BOM and printing models in the downloadable product file. Estimated Time to Make: 2-4 hours of machine time (size-dependent) 5 minutes of assembly time","The Palm Pen Holder is a customizable (parametric) 3D printable writing aid. The Palm Pen Holder makes it easier to grip a pen, pencil, or other writing utensil and may be useful for someone who has difficulty holding a pen or pencil directly. It can be printed in a variety of sizes or even customized to the user’s hand.",Daily Living,
Adaptive Surfboard,https://tomglobal.org/project?id=611272ea7dd11749d515142c,Waveability is a modified surfboard that empowers people with disabilities to spend time in the water and participate in extreme water sports.,"The Waveability surfboard is designed for people with physical or developmental disabilities that prevent them from safely surfing on a store-bought board. Examples include people with amputations, limited mobility, and Cerebral Palsy.","Surfing empowers people to be a part of a team, enjoy the ocean, and have fun.","Using this specialized surfboard, volunteers in the water, and adapting surfing practices. [Project formerly titled Adaptive Surfboard] Tools Needed Pencil Meter Stick Square Drill 6mm Drill Bit 8mm Drill Bit 10mm Drill Bit Phillips Drill Bit Box Cutter Scissors Flat Head Screwdriver Paintbrush (Or Piece Of Cardboard) Scissors SLS Nylon 3d Printer (Or Printing Service) Low grit sandpaper Clamps (Optional) Laser Cutter (Optional) Angle Grinder (Optional) Bill of Materials Please see detailed BOM and printing models in the downloadable product file. Estimated Time to Make 10 hrs of machine time 9 hrs of assembly time","The modified surfboard built in this project includes handles, cushioning, boundaries, and other safety features to enable people with disabilities to surf.",Sports; Outdoor; Hobbies; Fun/Leisure,condition:amputee; condition:paralysis; bodypart:legs; assistivetool:wheelchair; activity:surfing; general:water surfing; condition:walking problems; activity:swim
Cards 6Line Holder,https://tomglobal.org/project?id=60e42ab384b39a232e88209d,This product was designed for people who can use only one arm or people who experience problems with holding objects for an extended period of time.,"People with the use of only one arm, or people who experience challenges with holding objects for an extended period of time.","Playing cards is a fun way to interact with friends or challenge your brain. However, for many people, it is difficult to hold their cards in front of them while also playing the game.",The product enables people to play card games without the need of constantly holding the cards.,A simple card holder that is 3D printed with PLA filament. Tools needed FDM 3D Printer Bill of materials Please see detailed BOM and printing models in the downloadable product file. Estimated time to make 2 hours of printing time,Fun/Leisure,condition:amputee; bodypart:hand; technology:3D Printing; general:games
Open-grip Writing Aid,https://tomglobal.org/project?id=6967bb300b9eb10013d26ffd,"The flexible cuff fits over the hand and holds the pen in place using the palm rather than the fingers. This allows users to write, draw, or paint with natural hand movement while reducing strain and effort.","Designed for people who experience hand fatigue, reduced grip strength, tremors, pain, or limited finger dexterity, and find holding a pen, pencil, or brush difficult.","Traditional pens rely on grip strength and fine motor control, which can be tiring or inaccessible for many users. This design shifts the work from squeezing to supporting, enabling longer, more comfortable use and greater independence.","The flexible cuff fits over the hand and holds the pen in place using the palm rather than the fingers. This allows users to write, draw, or paint with natural hand movement while reducing strain and effort.","A cuff-style pen holder that slides comfortably over the palm, securely positioning a writing or drawing tool without requiring a tight grip or sustained squeezing. Tools needed Prusa slicer FDM Printer",Daily Living,
Tube Opener - Unscrew Caps with Ease!,https://tomglobal.org/project?id=62de9a9cca7981134236cc60,"This entirely 3D-printed device was designed as a tool to open containers with screwable caps that range from about 10–25 mm in diameter. Tube Opener was designed by Makers Making Change. To learn more, visit their website at https://makersmakingchange.com/",The Tube Opener is designed for people who have trouble unscrewing small caps - whether it is due to arthritis or any limitation regarding finger/hand movement.,Unscrewing caps takes a great deal of force and precise finger movements that can be challenging for many people. This device was designed to allow people to open and close their items independently and with ease.,"Place the Tube Opener down on stable surface. Position the tube to be opened so that the tube cap is located within the working grip area of the opener. Press down on the opener to grip the cap, and twist the tube to unscrew the cap. The guard along the back and the thumb rest helps stop fingers curling into the working grip area. Tools Needed: 3D Printer Bill of Materials: Please see BOM and printing models in the downloadable product file. Estimated Time to Make: 1.5 hours of machine time","The Tube Opener help open tubes or small lids for anyone that has difficulty gripping and twisting the caps. The tool is designed for tube caps that range from about 10–25 mm in diameter, typically 12–50 ml capacity. This device is entirely 3D printable. This device can be used to open: Toothpaste or ointment Hot sauce, condiment jars, vanilla extract, apple cider vinegar Paint supplies Travel size products Nail polish and remover And more!",Daily Living,
Door Grabber,https://tomglobal.org/project?id=62b9c29ea98d3f12deff1c9e,"Our device is a lightweight handle grabber designed to be
kept in your pocket or hang freely from your keys. It can be
used to open doors, grab onto various objects, or even push
buttons.",Anyone looking for extra precautions or to stay safe in the wake of the COVID-19 pandemic.,The COVID-19 pandemic has caused many people to avoid direct contact with objects and surfaces normally touched by others.,This product allows people to interact with high-traffic surfaces without risking contact with pathogens. Tools Needed 3D printer Bill of Materials Please see detailed BOM and printing models in the downloadable product file. Estimated Time to Make 30 minutes of print time,A tool used to open doors and push buttons without direct contact.,Daily Living,technology:3D Printing; general:handle; general:door
Portable Accessible Ramp,https://tomglobal.org/project?id=661bf5bfe9cb5f00141d0375,"This is a portable, foldable ramp that smooths uneven grounds so power wheelchairs can travel across.","This ramp was originally designed for Galit Lavi, but can help anyone using a wheelchair!","Uneven floors pose a real barrier to accessibility for individuals in wheelchairs. This solution was originally designed to enable smooth entrance and exit from bomb shelters, however, it can be useful for any uneven floor transitions!","Using simple materials such as wood, screws, and a sheet of polypropylene, this ramp is cheap, simple to produce, and easy to bring wherever helpful.","This is a portable, foldable ramp that smooths uneven grounds so wheelchairs can travel across.",Daily Living,assistivetool:wheelchair; general:ramp
Cuff Utensil Holder,https://tomglobal.org/project?id=618245524f10776dbe488601,"The Cuff Utensil Holder is a 3D-printed tool that helps people who have challenges with fine motor skills, hand stability and/or coordination, eat independently.","This product is designed to help people with difficulties with fine motor skills (i.e. gripping), keeping their hands stable, or with hand-eye coordination.","People who have challenges with fine motor skills, hand stability or coordination can struggle to feed themselves because the standard process involves needing to firmly grip and precisely direct relatively thin utensils.","This tool has a component that holds eating utensils and extending strap pieces that, once heated, can be molded to a user’s palm/arm to comfortably and securely fasten the product and utensil to the user. Tools Needed: - 3D printer - Bowl with hot water (≳60℃) / heat gun / blow dryer - Heat resistant gloves - Towel Bill of materials: Please see BOM and printing models in the downloadable product file. Estimated time to make: - 2 hours of printing time - 30 minutes for sizing customization Technical requirements: - 3D Printing","The Cuff Utensil Holder is a 3D-printed tool that helps people eat independently, even if they struggle to hold utensils.",Daily Living,bodypart:hand; condition:CP; technology:3D Printing; condition:motor problems
Dressing Tool​,https://tomglobal.org/project?id=699cac3c1c70e200126fd2b4,"The Dressing Tool is a handheld, 3D printed device that uses an extension with various hooks and ridges that can grab and manipulate edges of sleeves, zippers, and more.",Intended users of this Dressing Tool are individuals with limited hand dexterity or range of motion. This could lead to difficulty when dressing oneself.,The Shepherd Center strives to increase patients' independence when performing activities of daily living such as putting on and taking off clothing items.,"The Dressing Tool limits the need for fine motor movement or range of motion when dressing by using an extension to pull up pants, pull down sleeves, zippers, and other tasks.","The Dressing Tool is a handheld, 3D printed device that uses an extension with various hooks and ridges that can grab and manipulate edges of sleeves, zippers, and more. Tools needed PC or MAC I7 + Fusion 360 Prusa slicer FDM Printer",Daily Living,
Large Grip Key Holder,https://tomglobal.org/project?id=5cb5af75b506a2297168b030,"The Key Holder enables people who lack fine motor skills to open door locks or any key-using mechanism by themselves.
This product has two different sizes, to accommodate different palm sizes.
This product is made from 3D printed files that are then connected to a key using glue or a screw.",Key Holder is designed for people who lack fine motor skills and have trouble grasping and using ordinary keys.,"Household keys are small, slippery, and difficult to hold onto and control for people with limited finger mobility or range. However, opening one’s house, car, or other personal doors is an important part of a person’s independence.",The Key Holder aims to make holding and using keys easier by attaching to the key and expanding the graspable surface. There are a few design options to fit various key and hand shapes.,Key Holder is a 3D printed part designed to attach to any key and enable people who lack fine motor skills open doors independently. This product comes in 5 different models. Tools Needed: 3D printer (FDM) Screwdriver Hot glue gun Bill of Materials: Please see BOM and printing models in the downloadable product file. Estimated Time to Make: 1.5 hours of 3D-printing time <5 minutes of assembly time,Daily Living,priority; condition:paralysis; bodypart:hand; technology:3D Printing; general:handle; general:door
Toothbrush Holder,https://tomglobal.org/project?id=6182db704f10776dbe488604,"For people with difficulty with fine motor skills, hand stability and/or coordination, brushing one’s teeth can be difficult. This tool holds a toothbrush and has a moldable handle that fits to a user’s palm/arm to remove the gripping requirement for holding and controlling a toothbrush.","The Toothbrush Holder is designed for people who have difficulty with fine motor skills (i.e. gripping), hand stability and/or coordination.","For people with difficulty with fine motor skills, hand stability and/or coordination, brushing one’s teeth can be difficult because standard toothbrushes are designed in a way that requires continuous firm gripping.",This tool holds a toothbrush and has a moldable handle that fits to a user’s palm/arm to remove the gripping requirement for holding and controlling a toothbrush. Tools Needed: - 3D printer - Bowl with hot water (≳60℃) / heat gun / blow dryer - Heat resistant gloves - Towel Bill of materials: Please see BOM and printing models in the downloadable product file. Estimated time to make: - 2 hours of printing time - 30 minutes assembly time Technical requirements: - 3D Printing,"The Toothbrush Holder is a 3D-printed tool that helps people brush their teeth independently, even if they struggle to grip a toothbrush.",Daily Living,bodypart:hand; condition:hygiene; technology:3D Printing; condition:motor problems
3-Finger Pencil Holder,https://tomglobal.org/project?id=66d58812cb3e430013d5f62c,"The 3-Finger Pencil Holder is a completely 3D-printed accessory made from flexible TPU material. The product helps the user grip a pencil or pen securely in place while stabilizing the user’s fingers, preventing excessive movement and enabling smooth, continuous writing.","This product is designed for individuals who have difficulty using writing instruments due to limited finger mobility or involuntary movements. It provides finger fixation, enabling users to maintain a stable writing position.","This solution was developed to promote independence for people with motor impairments, giving them the ability to write efficiently and comfortably, anytime and anywhere. It helps individuals regain the basic ability to write despite their limitations.","By stabilizing the fingers around the writing instrument, the product reduces involuntary movements, allowing users to write in a more controlled and comfortable way. It provides a secure grip, supporting the hand to improve both comfort and accuracy.","The product is a 3D-printed accessory made from flexible TPU material. It holds a pencil or pen securely in place and features three finger holes to stabilize the user’s fingers, preventing excessive movement and enabling smooth, continuous writing. Tools needed PC or MAC I7 + Prusa slicer Pliers FDM Printer",Daily Living,bodypart:hand; bodypart:fingers
Ring Book Holder,https://tomglobal.org/project?id=6321dd7b269fea0a809ed147,The Ring Book Holder is designed to extend the grip of the thumb and enable the user to hold a book with just one hand.,The Ring Book Holder is designed as a reading aid for people who may have trouble gripping or holding books open with one hand.,"Reading is an important part of daily life and is vital for learning and exploring new ideas and stories. However, books can be difficult to grasp for people with limited hand/finger mobility and gets more difficult overtime.",The Ring Book Holder has a hole for a finger and long branched sides following the natural curvature of the standard book to provide support for holding one open. Tools Needed 3D printer Bill of Materials PLA Estimated Time to Make 30 minutes of machine time,The Ring Book Holder is designed to extend the grip of the thumb and enable the user to hold a book with just one hand.,Hobbies,bodypart:hand; bodypart:fingers
Accessible Can Opener,https://tomglobal.org/project?id=698116f9cfe0d50013b23879,"A 3D-printed device that attaches to a can tab and extends it with a long handle, enabling individuals with limited hand dexterity to open cans more easily using leverage instead of fine finger movements.",Intended users of this Accessible Can Opener are individuals with limited hand or finger dexterity. This could lead to difficulty in the fine motor movement needed to pull the tab when opening a can.,The Shepherd Center strives to increase patients' independence when performing activities of daily living such as opening canned items.,"The Accessible Can Opener is a pill-shaped, 3D printed device which uses tab-sized tunneling on one end, and an extended handle on the other to support the user's leverage and easily open the tab.","The Accessible Can Opener limits the need for fine motor movements when opening a can by extending the tab past the rim of the can, providing additional leverage when opening. Tools needed Fusion 360 Prusa slicer FDM Printer",Daily Living,
Bottle Opener,https://tomglobal.org/project?id=6182d7b84f10776dbe488603,The PET Bottle Opener is a 3D printed tool with a section that grips onto bottle caps and an extended lever that enables users to twist open the cap with a light push or pull force.,"This tool is designed for people who have difficulty with fine motor skills (i.e. pinching, gripping, squeezing) or with hand coordination.",People who have challenges with fine motor skills and/or hand-eye coordination can struggle to open bottles on their own because PET bottle caps require a firm grip and twist action.,"This solution enables users to open bottle caps with a light force - rather than needing to pinch a bottle cap with their fingertips, users can simply fit the product on top of the cap and push the lever to turn it. Tools Needed: - 3D printer Bill of materials: Please see BOM and printing models in the downloadable product file. Estimated time to make: - 30 minutes of printing time Technical requirements: - 3D Printing",The PET Bottle Opener is a 3D printed tool with a section that grips onto bottle caps and an extended lever that enables users to twist open the cap with a light push or pull force.,Daily Living,bodypart:hand; general:drink; bodypart:fingers; condition:motor problems
3D Toddler Mobility Trainer AAC/Tablet Mount,https://tomglobal.org/project?id=6a0fb5b64275ea0013c63371,This AAC/ tablet mount fits seamlessly into the accessory slot on the 3D-Printed Toddler Mobility Trainer.  It allows children to have their tablets or communication devices within easy reach while using the 3DTMT.,"Designed for users of the TMT, physical and occupational therapists, as well as SLP's working with children that use AAC devices.",To allow for AAC communication devices to be easily mounted to the TMT enabling children the ability to communicate with there AAC's.,"It will allow for AAC devices to be easily mounted to the accessory slot on the TMT, enabling children easy reach to the AAC devices.","AAC tablet/mount accessory, for the Toddler mobility trainer. Tools needed FDM Printer",Daily Living,
Medicinal Smoking Aid,https://tomglobal.org/project?id=6809dc39b1049f00124c4b1f,"This 3D-printed joint holder compensates for limited finger mobility by providing a stable, ergonomic wearable grip for medical pre-rolls. It enables the user to smoke without the need for fine motor skills.","Designed for individuals with limited hand mobility due to disability, injury, aging, or chronic pain. Ideal for medical cannabis users, caregivers, therapists, and organizations promoting accessibility and independent living.","Many people with limited hand mobility struggle to hold medical joints independently. This solution restores autonomy, dignity, and ease of use, reducing reliance on caregivers for a simple yet essential daily activity.","The holder compensates for limited finger mobility by providing a stable, ergonomic grip for medical joints. It enables users to hold and use the joint without fine motor skills, promoting independence, comfort, and safe daily use.","The solution is a 3D-printed TPU holder that securely grips medical joints, allowing people with limited finger mobility to use them independently. Its ergonomic, flexible design ensures comfort, stability, and ease of use. Tools needed PC or MAC I7 + Fusion 360 Prusa slicer Measurement tool Cutter FDM Printer",Daily Living,
Toddler Mobility Trainer (TMT) - Small Size - Rev 2.0 - Latest model!,https://tomglobal.org/project?id=63ee2186f041a658aee42e39,"The product is an affordable and easily manufactured mobility trainer suitable for younger ages in indoor environments.
This product has been developed with the help of Go Baby Go Israel, Shenkar College students, TOM Israel Summer 2022 Interns, and the TOM Global R&D Team.
This product file is also available in Arabic! Thank you to Yara Hijaze from the Hasoub community for translating this document to make it even more accessible!","The Toddler Mobility Trainer - Size Small - Rev 2.0 is designed for children aged 6 months to 3 years old, living with physical challenges, having diﬃculty moving independently in their homes or schools.","Many toddlers lack the physical strength or coordination needed to move independently (crawl or walk), yet they have the cognitive ability to understand the necessary mechanics. This being said, insurance companies in Israel, and many other countries around the world, sadly do not cover/help provide wheelchairs for children under the age of 3 years old.","This product helps kids learn to move in a seated position using their arms and/or hands, eliminating the need for lower limb mobility or strength. Tools Needed CNC router Sander + sandpaper Rubber mallet/hammer Scrap wood piece Scissors *Optional* laser cutter Sewing machine + pins Seam cutter Lighter Ruler Pencil & marker Electric drill 2.5mm twist drill bit 6mm twist drill bit 8mm twist drill bit M4 Phillips head bit M4 allen key Contact glue *Optional* paint brushes for glue application M12 wrench M12 socket wrench Bill of Materials Please see detailed BOM and printing models in the downloadable product file. Estimated Time to Make 4 hours of machine time (CNC + sewing machine) 2 hours of assembly time",The product is an affordable and easily manufactured mobility trainer suitable for younger ages in indoor environments.,Daily Living,condition:paralysis; bodypart:legs; assistivetool:wheelchair; condition:walking problems; bodypart:full body; age:kids; condition:motor problems
Toddler Mobility Trainer (TMT) - Large Size,https://tomglobal.org/project?id=66a8e04319f08100135acff1,"The Toddler Mobility Trainer is an affordable, open-source solution designed to support independent mobility for young children in indoor environments. Since its release, the design has been replicated hundreds of times by communities around the world.","Toddlers living with physical challenges, with limited ability to move independently in their home or schools.","Many toddlers lack the physical strength or coordination needed to move independently (crawl or walk), yet they have the cognitive ability to understand the necessary mechanics, yet there is no accessible, affordable solution available on the market.","This product helps kids learn to move in a seated position using their arms and/or hands, eliminating the need for lower limb mobility or strength. Tools Needed CNC router Sandpaper Rubber mallet/hammer Scrap wood piece Scissors *Optional* laser cutter Sewing machine + pins Seam ripper Lighter Ruler Pencil & marker Electric drill 2.5mm twist drill bit Phillips head bit M4 allen key Contact glue (if using polypropylene side wheel covers) *Optional* paint brushes for glue application M12 wrench M12 socket wrench Bill of Materials Please see detailed BOM and printing models in the downloadable product file. Estimated Time to Make 4 hours of machine time (CNC + sewing machine) 2 hours of assembly time",An affordable and easily manufactured mobility trainer suitable for younger ages in indoor environments.,Daily Living,condition:CP; condition:motor problems; condition:paralysis; assistivetool:wheelchair; age:kids
Raindrop Switch - Adaptive Electronic Switch,https://tomglobal.org/project?id=62dd5f25ca7981134236b156,"The Raindrop Switch is an affordable adaptive switch, designed to make using electronics more accessible. The switch fits any standard 3.5mm jack, and expands the activation surface to 20mm. This product was designed by Makers Making Change. To learn more, visit their website at https://makersmakingchange.com/",This product was designed for people with limited finger mobility who have trouble using electronics. Our adaptive Raindrop Switch is a cost-effective solution that bridges the gap between people with disabilities and daily electronic usage.,"These days, many electronic devices are controlled by small switches, buttons or knobs. For those with limited finger mobility, using these devices can be a challenge.","This switch has an activation surface of 20mm, making it easy to control for people with a variety of abilities. It is a cheap, durable alternative to other accessibility switches on the market. Adaptive switches modify complex electronic controls and allow people to work and play independently.","This is a cost-effective 3D printable accessibility switch that uses a standard 3.5 mm cable. Using the model of tactile switch specified, the activation force is about 1.3 N (130 gf). The switch is well-suited for use by a finger. It can be plugged into any standard 3.5 mm AT interface and also can be used with the Xbox Adaptive Controller. Multiple switches can be used to get input from more than one finger. The switch can be mounted using adhesive on the rear surface. Tools Needed: 3D Printer Solder Iron Hot Glue Gun Wire Cutter/Stripper Bill of Materials: Please see BOM and printing models in the downloadable product file. Estimated Time to Make: 1 hour of machine time 30 minutes of assembly time",Fun/Leisure,
Bottle Opener 2.0,https://tomglobal.org/project?id=6328564e269fea0a809f601b,"The Bottle Opener is a 3D printed tool with an end that grips onto bottle caps and an extended squeezable lever that enables users to twist open a cap with a light push or pull force.
This product was originally developed by our TOM: Tokyo Team, and was further developed by the TOM R&D Team to maximize tool usability for different size bottle caps.","This tool is designed for people who have difficulty with fine motor skills (i.e. pinching, gripping, squeezing) or with hand coordination.",People who have challenges with fine motor skills and/or hand-eye coordination can struggle to open bottles on their own because bottle caps require a firm grip and twist action.,"This solution enables users to open bottle caps with a light force - rather than needing to pinch a bottle cap with their fingertips, users can simply fit the product on top of the cap and push the lever to turn it. Tools Needed 3D printer Bill of Materials Please see detailed BOM and printing models in the downloadable product file. Estimated Time to Make 30 minutes of machine time",The Bottle Opener is a 3D printed tool with an end that grips onto bottle caps and an extended squeezable lever that enables users to twist open a cap with a light push or pull force.,Daily Living,bodypart:hand; technology:3D Printing; general:drink; condition:parkinson; condition:motor problems
Finger Brush - Painting Assistant,https://tomglobal.org/project?id=62d6bb12aafd87662b35de5d,"Finger Brush is a 3D-printed device designed to simplify the action of painting for people with limited hand or finger control. While extremely versatile and compatible with most brushes, this design is made to fit IKEA paintbrushes as part of Milbat, IKEA, TOM, and Access Israel's ThisAbles project. To learn more, please visit their website at https://www.milbat.org.il/en/thisables/",ThisAbles Finger Brush is designed to enable people with special needs to enjoy the quality of life provided by IKEA products. This design is for people with limited hand mobility or who may have trouble holding a thin paintbrush steady.,"The beauty of our project is that it allows people with different abilities to use mainstream products, so we aim to make our design as accessible as possible. Therefore, our design is readily available on our open-source website, and it is easy to download and print independently using a 3D printer.","With the help of a ring that holds the brush in place, the user can easily gain control of a paintbrush. Now you can paint just by moving your hand and without having to worry about the finger movements associated with holding a paintbrush manually.","Our design simplifies the action of painting for people with limited hand or finger control. The symmetrical base design fits comfortably on two fingers, leaving a open ring for one of 4 different-sized brush holders. Tools Needed: 3D Printer Bill of Materials: Please see BOM and printing models in the downloadable product file. Estimated Time to Make: 2 hours of 3D-printing time",Hobbies,
Painting Tool Grip,https://tomglobal.org/project?id=6617f9e0e9cb5f00141c1bd4,A painting tool grip that allows the user to paint or draw with different tools easily and comfortably. It's made from flexible material (TPU) that you can 3D print and modify to the user's hand dimensions.,For people with limited dexterity who wish to use painting and drawing tools with their hands.,Tair is a 25 years old woman who was born with cerebral palsy. Her favorite hobby is painting but she struggles to do that because of difficulties controlling her muscles. Right now Tair paints with a rubber band tied to her hand and it's really painful.,It's made especially for Tair's hand and has 2 straps : the first one makes it easy to put it on Tair's hand and the second one to hold any painting tool easliy. It's made from flexible material that is comfortable and easy to clean.,A painting tool grip that allows the user to paint with every tool easily and comfortably. It's made from a flexible material (tpu) that you can 3d print and modify to the user's hand dimensions. Tools needed Prusa slicer FDM Printer,Hobbies; Fun/Leisure,
Card Holder 2.0,https://tomglobal.org/project?id=6580688ac2fc0d3c279ddccf,"A curved 3D printed card holder featuring two rows. The back row is raised to enhance card visibility.  **This product was tested and updated by the TOM Global team to add a deeper, more firm hold for the cards.","This product was designed for individuals who can only use one arm, or those who experience challenges in holding objects for prolonged periods.","For individuals with fine motor challenges, holding cards and taking one or a few out at a time can be incredibly challenging. The card holder allows individuals to enjoy card games without the necessity of holding onto the cards for extended periods.",This solution holds cards for the user so they don't need to on their own!,A curved 3D-printed card holder featuring two rows. The back row is raised to enhance card visibility. ** This product was tested and refined by the TOM Global team to enhance usability and card stability! Tools needed FDM Printer,Hobbies; Fun/Leisure,
Contact Lens Opener,https://tomglobal.org/project?id=680c891f72c3c7001276bdac,"This 3D-printed contact lens opener is designed for people who have difficulty opening disposable contact lens packs, especially those with reduced grip or pinch strength. It cleverly makes use of a common hairpin as part of the construction.
*2025 Global Innovation Challenge— Prize Winner: Best Inclusive Design*","This product is designed for people who have difficulty opening contact lenses, especially those with reduced grip or pinch strength.","Matsuri lives alone in a wheelchair and has little grip or pinch strength due to a progressive disease, making it difficult for her to perform daily tasks.","The proposed solution, a contact opener, is designed to allow her to independently open her contacts even with her grip, reducing her patience with fashion and helping her to live more independently.","The contact lenses opener is unique because it uses a common hairpin to open contact lenses quickly without spilling the liquid. By inserting the pin into the lid and rotating the handle forward, the contact case can be opened easily and securely. Tools needed Fusion 360 FDM Printer",Daily Living,
AeroTip: Custom Finger Extension,https://tomglobal.org/project?id=695274e8b4f7cc0012f8ca31,"The AeroTip is a 3D-printed finger thimble that slips over the finger knuckle. It enables precise, reliable button pressing in a flight simulator by adding tactile feedback (friction ribs on an area with remaining sensation) and a tip sized to match the button.","Potential users are people with a hand injury that reduces fingertip sensation or control, such as nerve damage or post-trauma impairment, who need more accurate button presses in a flight simulator or other button-based control panels.","It’s needed because a hand injury can remove sensation at the fingertip, making it hard to feel contact and press small simulator buttons accurately. The thimble restores feedback through friction ribs on an area with remaining sensation.","It solves the challenge by moving feedback from the numb fingertip to an area with sensation: friction ribs create a clear tactile cue during pressing. A button-sized tip guides placement and focuses force for accurate, reliable clicks.","We are offering a 3D-printed finger thimble (in two sizes) that enables precise, reliable presses in a flight simulator by adding tactile feedback (friction ribs on an area with remaining sensation) and a tip sized to match the button. Tools needed PC or MAC I7 + Prusa slicer FDM Printer",Hobbies,
3DTMT Seat Cushion,https://tomglobal.org/project?id=6936ea5d8fc6170012df51ff,"A soft, removable seat cushion + cover designed specifically for the 3DTMT: 3D-Printed Toddler Mobility Trainer. This updated cover design features a fold-over construction, making removal for washing easy.","Toddlers and young children who use the 3DTMT, particularly those with limited core strength, mobility challenges, or conditions that make prolonged sitting uncomfortable without added support.","Many young children who use early-mobility devices benefit from improved stability, pressure distribution, and gentle postural support. A dedicated cushion helps reduce fatigue, increase comfort, and encourage longer, more engaged use of the device.","The cushion adds comfort and light postural support, reducing pressure points so children can sit upright and use the device for longer. Its removable, washable design makes it easy to maintain in home or clinical settings.","A soft, removable seat cushion designed specifically for the 3DTMT: 3D-Printed Toddler Mobility Trainer. Tools needed Measurement tool scissors sewing machine scissors set of needles",Daily Living,
3DTMT Caregiver Push Handle,https://tomglobal.org/project?id=69615c4e8832b40012be739e,A push handle which connects to the 3DTMT utilizing the accessory channels on the back of the seat. Caregivers can use it to stabilize the chair as needed or to guide their child around their environment.,Caregivers of 3DTMT Users,"This push handle gives caregivers a safe, simple way to guide and support a child’s movement so they can explore their environment.",The push handle is an easily assembled solution that helps caregivers control the 3DTMT by being at hand level.,A push handle which connects to the 3DTMT utilizing the accessory channels on the back of the seat. Caregivers can use it to stabilize the chair as needed or to guide their child around their environment. Tools needed Protective glasses Rubber Hammar FDM Printer,Daily Living,
Sturdy XL Card Holder,https://tomglobal.org/project?id=6983c33ed626150013add35f,"This playing card holder is a 3D printed solution that holds 4 rows of cards securely in a sturdy, nonslip base. This allows the user to easily sort, pick up, and discreetly display playing cards, hands-free.",Intended users of this Playing Card Holder are individuals with limited hand or finger dexterity. This could lead to difficulty holding playing cards.,"The Shepherd Center strives to increase patients' independence during leisurely activities, such as discreetly displaying and playing with cards.",The Playing Card Holder limits the need for fine hand or finger dexterity when discreetly displaying and playing with cards by placing the cards vertically in four rows.,"The Playing Card Holder is a small, 3D printed device that uses 4 long slots of varied heights which hold cards vertically. This allows the user to easily sort, pick up, and discreetly display playing cards. The product also features a sturdy nonslip base Tools needed PC or MAC I7 + Fusion 360 Prusa slicer FDM Printer",Fun/Leisure,
Forearm-Supported Space Bar Activator,https://tomglobal.org/project?id=69e63320f460ab001420fc68,"This is a forearm support device that elevates and stabilizes the arm in a fixed position, allowing the user to activate the space key through controlled wrist movement. Excellent for use in a rehabilitation setting and can be sized up or down for your needs.",Designed for wrist rehabilitation to maintain mobility and prevent stiffness.,A solution that encourages wrist movement during gameplay by using the space key as a repetitive motion exercise. Designed for rehabilitation to help maintain mobility and prevent stiffness.,"This enables repetitive wrist motion during gameplay as part of rehabilitation, helping maintain mobility and prevent stiffness","A forearm support device that elevates and stabilizes the arm in a fixed position, allowing the user to activate the space key through controlled wrist movement Tools needed Protective glasses Protective headphones Electric Srewdriver Jigsaw FDM Printer",Fun/Leisure; Therapy,
Custom Heat Formed Writing Splint,https://tomglobal.org/project?id=69af1158904ba30012de4618,"The Custom Heat Formed Writing Splint is a hand-held, 3D printed device that uses a palm-sized hand insert and [optional] heat formed utensil slot. The ""squiggle"" shape limits splint rigidity, allowing more natural writing strokes.",Intended users of this Custom Heat Formed Writing Splint are individuals with limited hand dexterity. This could lead to difficulty holding a writing utensil.,The Shepherd Center strives to increase patients' independence when performing activities of daily living such as writing.,"The Custom Heat Formed Writing Splint limits the need for fine motor movement when holding and using any writing utensil by using a hand insert and custom, heat formed utensil slot rather than holding the utensil itself.","The Custom Heat Formed Writing Splint is a hand-held, 3D printed device that uses a palm-sized hand insert and custom, heat formed utensil slot. The ""squiggle"" shape limits splint rigidity, allowing more natural writing strokes. Tools needed Heavy duty gloves Fusion 360 Prusa slicer Hot air blower FDM Printer",Daily Living,
Guitar Pick Large Grip Holder,https://tomglobal.org/project?id=678fadad30ee740012d83295,"This is a 3D-printed solution with flexible and hard material options. It holds a guitar pick while enabling the user to maintain a more comfortable palmar position, as recommended by occupational therapists.","This solution is designed for individuals who face difficulties holding and using a guitar pick due to physical challenges such as limited finger mobility, reduced grip strength, or hand-related injuries.","Playing the guitar often requires precise finger movements and a stable grip on the pick, which can be challenging for individuals with physical limitations such as hand injuries, arthritis, or reduced finger dexterity.","The solution will give the patient the correct hand position, allowing him to use the pick to play the guitar.","This is a 3D-printed solution with flexible and hard material options. It holds a guitar pick while enabling the user to maintain a more comfortable palmar position, as recommended by occupational therapists. Tools needed PC or MAC I7 + Fusion 360 Prusa slicer Screwdriver set Pliers Cutter Electric Srewdriver FDM Printer",Hobbies,
Tension Rod & Dumbbell Grip Adapter,https://tomglobal.org/project?id=6733368e6b07820013a09810,"Many times when it comes to a sports accessory, the grips can be too narrow for people who cannot bend their hand all the way, those people need a thicker grip in order to effectively use the muscles of the hand. When the adapter is of a diameter that will not suit the patient, this will allow him a full grip and proper use of his hand capabilities",People who cannot fully bend their wrist and want to use fitness equipment with a grip bar.,"Many times when it comes to a sports accessory, the grips can be too narrow for people who cannot bend their hand all the way, those people need a thicker grip in order to effectively use the muscles of the hand.","When the adapter is of a diameter that will suit the patient, this will allow him a full grip and proper use of his hand capabilities",An adapter made of TPU with a non-slip texture that will allow a full grip for the patient Tools needed PC or MAC I7 + Prusa slicer Cutter FDM Printer,Sports,technology:3D Printing; general:handle; bodypart:fingers
Shoe Heel Guide,https://tomglobal.org/project?id=697a87291e346f00130b2a5d,"The Shoe Heel Guide is a palm-sized, 3D-printed device that uses a curved, rigid heel adaptation that allows the heel of the foot to easily slip into most everyday footwear. Optional strings pull off the shoe without bending down to adjust.","Intended users of the Shoe Heel Guide are individuals with limited lumbar movement or control, as well as limited hand dexterity or foot flexion.",The Shepherd Center strives to increase patients' independence when performing activities of daily living such as putting on footwear.,"The Shoe Heel Guide limits the need for lumbar movement, hand dexterity, and foot flexion when putting on footwear by adding a hard heel backing and pull-on strings","The Shoe Heel Guide is a palm-sized, 3D-printed device that uses a curved, rigid heel adaptation that allows the heel of the foot to easily slip into most everyday footwear. Optional strings pull off the shoe without bending down to adjust. Tools needed PC or MAC I7 + Fusion 360 Prusa slicer FDM Printer",Daily Living,
Read & Write Guide,https://tomglobal.org/project?id=617193064f10776dbe4885bd,"This product is designed for anyone who struggles with reading and/or writing along straight lines (or drawing straight lines!) due to cognitive, visual, attentive, or physical challenges. It helps users read more easily by hiding surrounding text so there are fewer distractions and to draw straight lines by providing shape boundaries.","This product is designed for anyone who struggles with reading and/or writing along straight lines (or making straight lines) due to cognitive, visual, attentive, or physical challenges.",This tool offers cheap and accessible assistance to anyone who struggles with reading sentences and/or larger bodies of text or with drawing straight lines.,This tool helps users read more easily by hiding surrounding text so there are fewer distractions and to draw straight lines by providing shape boundaries. Tools Needed: - 3D printer Bill of materials: Please see BOM and printing models in the downloadable product file. Estimated time to make: - 20 minutes of printing time Technical requirements: - 3D Printing,The Read & Write Guide is a 3D-printed flat rectangle with a line gap.,Daily Living,condition:visually impaired
Oneg: Accessible Mezuzah,https://tomglobal.org/project?id=6a0378890c49b3001286bd85,"Rooted in centuries of tradition, the mezuzah is a sacred object placed on the doorways of Jewish homes as a daily reminder of faith, protection, and intention. This collaboration reinterprets that enduring symbol through a contemporary lens, using 3D printing to explore new forms of craftsmanship and accessibility while preserving the object’s spiritual significance. The mezuzah features the Hebrew letter shin in raised lettering and braille, making it accessible to individuals who are blind or have low vision.",This product was developed in collaboration with Oneg Home. It can be used by those with limited vision as well as anyone seeking a beautiful and traditional addition to their home or office.,"This collaboration reinterprets the enduring symbol of the mezuzah through a contemporary lens, using 3D printing and braille to explore new forms of craftsmanship and accessibility while preserving the object’s spiritual significance.","It offers an affordable version of a traditional item, as well as making it more inclusive to blind or low-vision individuals.","The mezuzah is a sacred object placed on the doorways of Jewish homes as a daily reminder of faith, protection + intention. This Accessible version is open-source, affordable, and features the hebrew letter Shin in traditional form as well as in braille. Tools needed PC or MAC I7 + scissors FDM Printer",Daily Living,
Large Grip Keyholder with Flashlight,https://tomglobal.org/project?id=6a2aecfb4bb48000134e9fab,This 3D-printed large key grip features an embedded flashlight--designed to attach to any key and enable people who lack fine motor skills open doors independently.,"This key holder is designed for people who lack fine motor skills and have trouble grasping, seeing and using ordinary keys.","Household keys are small, slippery, and difficult to hold and control for people with limited finger mobility or range. Users of the previous version reported also having trouble with visibility and that resulted in this updated version with a flashlight.",The Key Holder aims to make holding and using keys easier by attaching to the key and expanding the graspable surface. The flashlight aids in seeing the action and keyhole better.,This product contains a 3D printed grip with an embedded keychain flashlight--designed to attach to any key and enable people who lack fine motor skills open doors independently. Tools needed PC or MAC I7 + Prusa slicer Screwdriver set Cutter FDM Printer,Daily Living,
Butterfly Chest Support,https://tomglobal.org/project?id=6492e760109c19774998ab26,The Butterfly Chest Support is an adjustable postural support system that can be attached to various seating devices.,"Designed initially for our Toddler Mobility Trainer and Portable Modular Toilet Seat, this product aims to provide additional postural support for any child who may need it.","The public market lacks affordable, supportive, and comfortable chest supports for children.",This solution has a central butterfly chest plate and four customizable straps with built-in quick-release buckles to provide safe and comfortable support. Tools Needed Laser cutting machine Scissors Measuring tape Pen/Marker Sewing machine Needle + sewing thread Lighter Bill of Materials Please see the detailed BOM and printing models in the downloadable product file. Estimated Time to Make 15 minutes of machine time 1.5 hours of sewing + assembly time,This product is an adjustable postural support system that can be attached to various seating devices.,Daily Living,condition:paralysis; condition:autism; condition:CP; assistivetool:wheelchair; technology:sawing; general:vest; condition:walking problems; general:toilet; age:kids; condition:motor problems
Magic Mouse Holding Adapter,https://tomglobal.org/project?id=66d6c364cb3e430013d6abbe,This is an adapter for Apple's Magic Mouse which inlcudes a 3D-printed base and two elastic straps. This project is designed to give independence to people who have some difficulty holding a computer mouse and allow them the freedom to use the computer for work or hobbies.,"This solution was originally designed in collaboration with Katya, but it can benefit anyone who has the motor skills to click a mouse yet struggles with proprioception (the awareness of body position in space).",This project is designed to give independence to people who have some difficulty holding a computer mouse and allow them the freedom to use the computer for work or hobbies.,"The user slides their hand under the straps, securing it completely to the mouse. This guarantees that the user's hand will always be on the mouse and will not ""wander"" from it while working on the computer.",This is an adapter for Apple's Magic Mouse which inlcudes a 3D-printed base and two elastic straps. Tools needed Protective glasses PC or MAC I7 + Prusa slicer Screwdriver set Pliers scissors FDM Printer,Hobbies; Daily Living,
Seatbelt Pusher,https://tomglobal.org/project?id=6597427ba41b5427742e8005,The Seatbelt Pusher was developed to help Hugh-- a child with club arm syndrome-- have more independence in his family's car. The product attaches to a standard seatbelt and assists in pressing down the buckle release. *****Please check safety regulations in your state/country before using. It may be recommended to remove the Seatbelt Pusher while the vehicle is in motion*****,"This product was designed to help Hugh, a boy with club arm syndrome, unbuckle his seat belt on his own. It may be helpful for others with limb/hand differences.",This project helps Hugh gain independence by being able to get himself out of the car on his own.,"The Seatbelt Pusher is threaded onto the seat belt, and can release a seatbelt buckle using simple downward pressure.","The seatbelt pusher is a 3D-printed device that helps Hugh, and others, easily release their seatbelt buckle. Tools needed PC or MAC I7 + Fusion 360 FDM Printer",Daily Living,
Cup Holder and Handle Extension,https://tomglobal.org/project?id=698a531527502f0013cdb0a3,"The Cup Holder and Handle Extension is a one-size-fits-most, 3D- printed device that uses a C-shaped holder and hooked handle to easily pick up and carry most cups.",Intended users of this Cup Holder and Handle Extension are individuals with limited finger dexterity or grip strength. This could lead to difficulty picking up and holding cups of various sizes.,The Shepherd Center strives to increase patients' independence when performing activities of daily living such as picking up and holding cups.,The Cup Holder and Handle Extension removes the need for full finger dexterity or grip strength when holding or picking up a tapered cup by using a cup holder and handle that does not require curling of the fingers.,"The Cup Holder and Handle Extension is a one-size-fits-most, 3D- printed device that uses a C-shaped holder and hooked handle to allow the user to easily pick up and carry most cups. Tools needed PC or MAC I7 + Fusion 360 Prusa slicer FDM Printer",Daily Living,
Portable Modular Toilet Seat,https://tomglobal.org/project?id=647c3027671841694b5c27e2,"The Portable Modular Toilet Seat is a fully-adjustable portable seating support system, making it practical for use in public restrooms, airplanes, porta-potties, the home, etc.
This product was originally developed by Yarin Silbershmit and Bracha Haviv as part of the TOM Summer Internship 2022, and was further developed by the TOM R&D Team to maximize both usability and scalability.",This product is designed for any individual who struggles yet desires to sit on a toilet or other seating arrangement independently.,"The public market lacks mobile seating support options for people with body motor and control challenges; almost all available models are expensive, large, and not easily portable.","This solution is built upon a commercial collapsible chair ensuring it is safe, lightweight, durable, portable, and easy-to-reassemble, yet strong, and supportive. Tools Needed 3D printer CNC Laser Cutting Machine Sander/Sandpaper Heat gun/Hot wire line Vise/Clamps (or other solution for bending polycarbonate by heating) Scissors Measuring tape Pen/Marker Sewing Machine Needle + Sewing thread Screw Driver Small Pliers Bill of Materials Please see detailed BOM and printing models in the downloadable product file. Estimated Time to Make 28 hours of machine time 1.5 hours of assembly time","This product is a fully-adjustable portable seating support system, making it practical for use in public restrooms, airplanes, porta-potties, the home, etc.",Daily Living,condition:hygiene; condition:autism; condition:CP; technology:3D Printing; bodypart:full body; general:toilet; age:kids; condition:motor problems
Writing Grip,https://tomglobal.org/project?id=698cf42493fdb200129d2474,"The Writing Grip is a small, 3D-printed device that fits around the shaft of most writing utensils, attaching ergonomic finger slots and a larger frame to properly grip and use the tool.",Intended users of this Writing Grip are individuals with limited hand dexterity. This could lead to difficulty tools like pens or pencils with a traditional grip.,The Shepherd Center strives to increase patients' independence when performing activities of daily living such as using writing utensils.,"The Writing Grip limits the need for traditional writing utensil grip when busing a larger, ergonomic attachment to hold rather than the small stem of a pen or pencil.","The Writing Grip is a small, 3D-printed device that fits around the shaft of most writing utensils, attaching ergonomic finger slots and a larger frame to properly grip and use the tool. Tools needed PC or MAC I7 + Fusion 360 Prusa slicer FDM Printer",Daily Living,
Dice Box 2.0,https://tomglobal.org/project?id=6367d99c8694e6363718a838,"The product is made from a plastic dome, a 3D-printed base, and dice. The dome can be bought at any hardware store.
This product was originally developed by our TOM: Milbat Team, and was further developed by the TOM R&D Team to minimize material usage and printing time.
Thank you, Bank Hapoalim, for helping to sponsor the product development efforts that went into furthering the design for this product!",The Dice Box 2.0 helps people who lack fine motor skills to play dice-based games.,Enables to play games with dice independently.,"This product is a simple and smart solution for people who would like to play games with dice, but whose fine hand motor skills do not enable them to pick up the dice and/or throw them. This product enables them to play in a different and independent way. Tools Needed 3D printer - FDM will work great Coping saw / Pliers Instant glue Bill of Materials Please see the detailed BOM and printing models in the downloadable product file. Estimated Time to Make 1.75 hours of machine time 10 minutes of assembly time","The product is made from a plastic dome, a 3D-printed base, and dice. The dome can be bought at any hardware store.",Fun/Leisure,condition:amputee; condition:paralysis; bodypart:hand; condition:CP; technology:3D Printing; activity:dice; general:games; bodypart:fingers; age:kids; condition:motor problems
Large Grip Utensil Holder,https://tomglobal.org/project?id=6931a66f0c53500013984ad3,"A custom 3D-printed TPU ball that sits in the palm, secured with a hair elastic, with a cut fork inserted at a fixed angle, enabling palm-up gross grasp and independent guiding of the fork to the mouth.","Individuals with limited hand and finger function, such as people with C4–C6 spinal cord injuries or neurological conditions that prevent gripping standard utensils. The adapter supports users who rely on gross grasp to eat independently.","Because standard utensils require finger control and wrist rotation that the user cannot perform. The adapter enables safe, independent self-feeding using a gross grasp, restoring autonomy in a daily activity that previously required full assistance.","By replacing precise finger grip with a stable ball-in-palm grasp, and fixing the fork at the optimal angle, the adapter lets the user guide food to their mouth independently, reducing effort and reliance on caregivers.","A custom 3D-printed TPU ball that sits in the palm, secured with a hair elastic, with a cut fork inserted at a fixed angle, enabling palm-up gross grasp and independent guiding of the fork to the mouth. Tools needed PC or MAC I7 + Prusa slicer Pliers Circular saw FDM Printer",Daily Living,
Basketball Prosthesis,https://tomglobal.org/project?id=65cb32229c60ec10f91739ed,"This solution is an inexpensive, quick-to-manufacture, 3D-printed “hand” attachment that connects to the TOM Parametric Arm Prosthesis, allowing an amputee to play basketball.","This project was designed and developed with Eliran, a father of two and basketball coach and player. Eliran is a below-the-elbow amputee who hoped to achieve greater stability and precision on the basketball court.","Everyone deserves to live a happy and active life! For someone with an arm amputation, activities such as playing basketball can be very difficult due to the limited reach, control, and grip.",The Basketball End Unit combines 3D-printed and off the shelf parts to create a “hand” alternative for amputees to play basketball.,"This solution is an inexpensive, quick-to-manufacture, 3D-printed “hand” attachment that connects to the TOM Parametric Arm Prosthesis to help an amputee play basketball.",Sports,condition:amputee; bodypart:hand; technology:3D Printing; assistivetool:prosthesis
HandAbility,https://tomglobal.org/project?id=64edf1615a73c213940a6046,"The product supports Shani's hand, wrist, palm, and arm in a variable adjustable way so she can draw independently. The drawing dreams solution provides a lifting for the lower arm, creates tension between the lower and upper arm, and provides a stable posture for the hand.","Orit is the mom of Shani, a happy 5-year-old girl who loves drawing, playing, and being with her family. She lives in Haifa, Israel, and was diagnosed with CP (Cerebral Palsy).","In order to do any activity with her hands, Shani’s arms need physical support to keep them in the right positions. Until the ﬁrst model of this TOM project, Shani was dependent on a caregiver to provide this assistance and consistently exerted a majority","The constructive elements of this solution support Shani's upper limbs by creating lift for her lower arm, tension between the lower and upper arm, and a stable posture for the hand.","This device consists of easily adjustable poles and straps, enabling Shani to draw, eat, and play more independently with less physical effort. Tools needed Measurement tool Clamps Monkey wrench sewing machine scissors Circular saw CNC Machine Laser Cutter",Daily Living; Hobbies,bodypart:hand; condition:CP; activity:eat; age:kids; condition:motor problems
Spray Bottle Lever,https://tomglobal.org/project?id=698b597527502f0013cde917,"The Spray Bottle Lever is a small, 3D printed device that allows the user to easily press a spray bottle using a lever.",Intended users of this Spray Bottle Lever are individuals with limited hand dexterity. This could lead to difficulty actuating the fine spray tops on most spray bottles.,The Shepherd Center strives to increase patients' independence when performing activities of daily living such as actuating a spray bottle.,The Spray Bottle Lever limits the need for fine motor control when actuating a spray bottle by using a hooked lever extension that lessens the force and accuracy needed to press the top down.,"The Spray Bottle Lever is a small, 3D printed device that uses a rounded top with a large slot attached to a hooked lever, allowing the user to easily press the lever and actuate the top of the Spray Bottle. Tools needed PC or MAC I7 + Fusion 360 Prusa slicer FDM Printer",Daily Living,
Writing Splint,https://tomglobal.org/project?id=698b40de27502f0013cdccf9,"The Writing Splint is a hand-held, 3D printed device that uses a palm- sized handle extension and adjustable utensil attachment to allow the user to easily hold and manipulate most writing utensils.",Intended users of this Writing Splint are individuals with limited hand dexterity. This could lead to difficulty holding a writing utensil.,The Shepherd Center strives to increase patients' independence when performing activities of daily living such as writing.,The Writing Splint limits the need for fine motor movement when using a writing utensil by providing an extended handle rather than holding the utensil itself.,"The Writing Splint is a hand-held, 3D printed device that uses a palm- sized handle extension and adjustable utensil attachment to allow the user to easily hold and manipulate most writing utensils. Tools needed Fusion 360 Prusa slicer FDM Printer",Daily Living,
Credit Card Inserter,https://tomglobal.org/project?id=697cf3e9f3710a00133d5b6b,"A 3D-printed handheld device that helps individuals with limited hand dexterity or grip strength insert and remove credit cards by reducing the need for precise pinching through the use of large finger holes, a long handle, and a guided card slot.",Intended users of this Credit Card Inserter are individuals with limited hand dexterity or grip strength. This could lead to difficulty maintaining the appropriate pinching motion needed to insert and remove cards from various payment modalities.,The Shepherd Center strives to increase patients' independence when performing activities of daily living such as the use of a credit card when making purchases.,The Credit Card Inserter limits the need for fine finger control or grip strength when making transactions by using large finger holes and a long handle to finely carry the card.,"The Credit Cart Inserter is a handheld, 3D printed device which uses two finger holes, a long handle, and a thin slot to allow the user to easily insert or swipe cards during transactions. Tools needed Fusion 360 Prusa slicer FDM Printer",Daily Living,
Switch-Adapted My Pal Scout/Violet,https://tomglobal.org/project?id=62fa5203a7ed4865a540fbb6,"A DIY switch-adaptive plush toy is simple, quick, and inexpensive to make. It is designed to allow children with disabilities to play with a toy just by pressing a button.",Children with physical disabilities that are not able to independently play with toys as they come off-the-shelf may benefit from switch-adaptive toys.,"Market prices of switch-adaptive toys can be 3-5x that of non-adaptive versions. Given children’s quickly changing interests and these high costs, children with disabilities tend not to have adequate access to play.","Compared to purchasing adapted toys, DIY adapting is significantly more cost-effective and may allow a family, school, or clinic to get several more accessible toys and play options within the same budget. Tools Needed Hot glue gun Wire strippers (20-30 AWG) Scissors or wire cutters Sewing needle and thread Bill of Materials Please see detailed BOM and printing models in the downloadable product file. Estimated Time to Make 0 hours of machine time 1 hour of assembly time","This guide is for a DIY switch-adaptive plush toy that is simple, quick, and inexpensive to make.",Fun/Leisure,technology:DIY; general:games; age:kids
Parastroll: Hands-free Stroller Belt,https://tomglobal.org/project?id=65b55479f89bc4648f789d3b,"The ParaStroll is a hands-free stroller connector that belts around the user's waist. It attaches securely to the stroller’s handlebar and uses a dual-piston mechanism which helps compensate for crutch-assisted walking, ensuring a smooth ride for the child and stroller.","Erel is a former Paralympian swimmer who participated in three Paralympic Games. She has partial paralysis in both legs and walks with the assistance of forearm crutches. When becoming a mother, she wanted to find a way to take her child for walks outside while relying on her crutches. The ParaStroll was designed for parents who rely on crutches for mobility, such as those with partial paralysis in their legs or other disability.","Using crutches typically requires both hands, which makes pushing a stroller difficult or even impossible. This limitation can impact the independence of parents who need to move around with their child. The ParaStroll addresses this challenge, allowing these parents to reclaim freedom in their daily routines.","By connecting the stroller to the user's waist, the ParaStroll allows parents to walk with crutches while effortlessly moving the stroller forward without using their hands. This innovative design provides a practical solution, enabling parents to walk safely, confidently, and independently with their child.","The ParaStroll is a hands-free stroller connector that belts around the user's waist. It attaches securely to the stroller’s handle and uses a dual-piston mechanism to translate the user’s crutch-assisted walking motion into a smooth, forward glide for the stroller. Tools needed 3D printing software/slicer SLS/MJF Printer Measurement tool Metal lathe Laser cutter or marker and fabric scissors 2.5mm allen key Sewing machine + regular and zipper presser feet Pins/clips Needle-nose pliers Lighter",Daily Living; Outdoor,assistivetool:crutches; condition:walking problems; condition:motor problems
Finger-Mounted Small Item Holder,https://tomglobal.org/project?id=6978d6fd1b6a700014223091,"The Finger-Mounted Small Item Holder is a palm-sized, 3D printed attachment with three circular mounts. The outer two mounts are used for grasping and item manipulation using two fingers, and the small item is securely placed inside the inner circle.",Intended users of this Finger-Mounted Small Item Holder are individuals with limited grip strength or hand dexterity.,"The Finger-Mounted Small Item Holder allows for the use of two static fingers, rather than complex fine movement, to grasp and use small objects of daily living.","The Finger-Mounted Small Item Holder does not require a high-level of hand dexterity to grasp and purposefully move the inserted object. Rather, two static fingers may be used for object manipulation.","The Finger-Mounted Small Item Holder is a palm-sized, 3D printed attachment with three circular mounts. The outer two mounts are used for grasping and item manipulation using two fingers, and the small item is securely placed inside the inner circle. Tools needed Fusion 360 Prusa slicer Measurement tool FDM Printer",Daily Living,
Accessible Dishwasher Handle,https://tomglobal.org/project?id=65ef42c6c360e6292912fc4b,A 3D-printed dishwasher handle that attaches directly to the dishwasher without the need for screws or glue. Works best with European/Middle Eastern dishwasher models but can also be used with some American styles.,For everyone! But this product was originally created for people who have trouble opening a dishwasher because of the minimalist integrated handle design.,"Many modern dishwashers have handles that are not accessible for people with hand disabilities, making them difficult to open and limiting user independence.",This 3D-printed dishwasher handle attaches directly to the dishwasher without the need for screws or glue. Works best with European/Middle Eastern dishwasher models but can also be used with some American styles.,A 3D-printed dishwasher handle that attaches directly to the dishwasher without the need for screws or glue. Tools needed PC or MAC I7 + Fusion 360 Prusa slicer Measurement tool Digital caliber FDM Printer,Daily Living,
Finger Joint Blocker,https://tomglobal.org/project?id=67863d5b30ee740012d6ca58,"This offers a custom-fit plastic sleeve that adapts to the finger at 60° for precise adjustment and is 3D-printed for optimal design flexibility. The device features two Velcro straps that secure it firmly to the hand and finger, providing stability.","The project is intended for individuals recovering from finger injuries who require joint rehabilitation through occupational therapy, and for therapists who need a reliable and precise tool to assist in stabilizing finger joints during treatment.","This project is necessary because there are individuals who suffer finger injuries and need to exercise their joints through occupational therapy. Additionally, therapists currently can only manually stabilize and hold the joints during treatment.",The solution addresses the identified need by providing a dedicated device to replaces manual stabilization of finger joints by therapists. The 3D-printed plastic sleeve is custom-fit to the patient to support their rehabilitation process.,"This offers a custom-fit plastic sleeve that adapts to the finger at 60° for precise adjustment and is 3D-printed for optimal design flexibility. The device features two Velcro straps that secure it firmly to the hand and finger, providing stability. Tools needed PC or MAC I7 + Prusa slicer Measurement tool scissors FDM Printer",Therapy,
Accessible VR Adapter,https://tomglobal.org/project?id=66cc41fe2447740012ed6b2f,"This is a 3D-printed accessory that attaches to the lower part of a VR controller, such as the Meta Quest 3, and features a push handle to evenly distribute force.","This product is designed for individuals with motor limitations or weakness in their palm and fingers, particularly those who struggle to press buttons on VR controllers.","Patients often use VR (Meta Quest 3) as part of their rehabilitation process. However, those with limited strength or mobility in certain fingers—or who lack the use of some fingers—can't fully benefit from standard controllers.","The product is easy to attach to the VR controller and features a push handle that distributes force across all fingers, compensating for reduced hand strength or mobility.","This is a 3D-printed accessory that attaches to the lower part of a VR controller, such as the Meta Quest 3, and features a push handle to evenly distribute force. Tools needed PC or MAC I7 + Prusa slicer Pliers Cutter FDM Printer",Therapy,
Toothbrush stand,https://tomglobal.org/project?id=698b552b27502f0013cddc34,"The Toothbrush Stand is a small, 3D printed device that stabilized a toothbrush on a flat surface, allowing the user to easily apply toothpaste with one hand.","Intended users of this Toothbrush Holder are individuals with hemiplegia, paralysis on one side of the body.",The Shepherd Center strives to increase patients' independence when performing activities of daily living such as using a toothbrush.,The Toothbrush Holder limits the need for two-handed toothpaste application by using an angled holder rather than a vertical holder.,"The Toothbrush Holder is a small, 3D printed device that uses a large base and angled holder to allow the user to easily apply toothpaste with one hand. Tools needed PC or MAC I7 + Fusion 360 Prusa slicer FDM Printer",Daily Living,
Adaptive Nail Clipper​,https://tomglobal.org/project?id=69810667cfe0d50013b2291d,"A 3D-printed adaptive nail clipper that mounts standard clippers onto a stable base, enabling individuals with limited pinch strength or fine motor control to trim their nails using a simple downward motion instead of precise finger positioning and squeezing.",Intended users of this Adaptive Nail Clipper are individuals with limited pinch strength or fine motor movement in the fingers. This could lead to difficulty aligning and compressing nail clippers properly.,The Shepherd Center strives to increase independence during activities of daily living such as trimming nails.,"The Adaptive Nail Clipper limits the need for pinch strength and fine motor movement in the fingers when trimming nails. A base is attached to stabilize the clippers on a surface, requiring only one downward motion to clip the nail.","The Adaptive Nail Clipper is a small, 3D printed plate with a flat base screwed into a nail clipper. The plate allows for 120-degree movement of the clippers. Tools needed Fusion 360 Prusa slicer Screwdriver set FDM Printer",Daily Living,
External Fixator Pin Cap,https://tomglobal.org/project?id=686fe7c704d0da0013d72583,"This product features flexible + customizable 3D-printed TPU caps with a rounded top, designed to cover the sharp ends of metal fixator pins. They're parametrically modeled for easy size adjustment to fit various pin diameters.","These pin caps were originally designed for Moshe and Alexei during a TOM: Tel Aviv clothing customization effort, but can help anyone with an external metal fixator with exposed sharp edges.","Exposed fixator pins can snag on fabrics and/or skin, causing discomfort and injuries. Current commercial solutions are often not accessible, customizable, or affordable, especially in areas with limited resources.","The TPU pin caps provide a soft, protective covering, reducing snags, tears, and skin abrasions. Their rounded, customizable design ensures a snug fit, improving comfort, reducing garment damage, and increasing safety for fixator users.","This product features flexible, 3D-printed TPU caps with a rounded top, designed to cover the sharp ends of metal fixator pins. They're parametrically modeled for easy size adjustment to fit various pin diameters. Tools needed PC or MAC I7 + Fusion 360 Prusa slicer Needle-nose pliers FDM Printer",Daily Living; Therapy,
Talker mount,https://tomglobal.org/project?id=6187c8994f10776dbe48861d,"The talker mount is a mechanism that can fold the talker under
the table. This mechanism is driven by a stepper motor and
is based on Arduino.
If the user needs the talker outside of the wheelchair, the
talker can be easily disassembled from the mechanism.","Franziska is 20 years old and has a spastic cerebral palsy. Cerebral palsy is a group of disorders that affect movement and muscle tone or posture. It's caused by damage that occurs to the immature, developing brain, most often before birth.","She needs a talker for communication and a wheelchair. Her hand motor skills are very limited and her arm muscles and joints are very stiff. Anyway, she manages to control the wheelchair and the talker almost with the back of her hand.","She needs a talker for communication and a wheelchair. Her hand motor skills are very limited and her arm muscles and joints are very stiff. Anyway, she manages to control the wheelchair and the talker almost with the back of her hand.","We developed a mechanism that can fold the talker under the table. This mechanism is driven by a stepper motor and is based on arduino. If Franziska needs the talker outside of the wheelchair, the talker can be easily disassembled from the mechanism. Product story The talker mount was designed with and for Franziska Schilling, who wanted to control her wheelchair and her talker independently without the need to ask for other people's help. The team from TOM: Ingolstadt community developed the solution as part of the TOM Global Innovation Challenge (which they won 👏) and was led by: Jaume Sanchez - Engineer Oscar Alvarez - Software developer Tobias Lengemann - Therapist Product Specs Approximate Cost of materials: USD $120 Machine time: 100 hours Assembly time: 4 hours To build this product, simply download the product file which contains assembly instructions, bill of materials, parts files, and helpful videos.  Please take adequate safety precautions when using manufacturing equipment. You can also press the CHOOSE A MAKERSPACE button to connect with makers to build the product for you. For any questions regarding the assembly, operation or specifications of this device, please contact the TOM:Ingolstadt community page. To follow updates on the talker mount, other assistive tech solutions by TOM communities and our global network of makers, follow us on social media here.",Daily Living; Outdoor,assistivetool:wheelchair
Pen Holder - Mouth Stylus Support,https://tomglobal.org/project?id=62d6bc63aafd87662b35de74,"Pen Holder is a mouth stylus holder designed to sit at a comfortable height for the user so the stylus can be picked up and returned to the holder with ease. This design was made as a part of Milbat, IKEA, TOM, and Access Israel's ThisAbles project. To learn more, please visit their website at https://www.milbat.org.il/en/thisables/",Many people interact with digital touch screens by using special tools. This device is designed for people who use a mouth stylus to operate a computer.,"Many people live with challenges that do not allow them to use their hands to use a computer. A common special tool is a mouth stylus that lets the user navigate a touch screen using their mouth. However, there is no way to hold that mouth stylus up or to make it easily reachable for the user.",This device serves as a holder for a mouth stylus that can be kept by a computer. It can be adjusted to a person’s comfortable desired height and lets the user put their stylus down and easily pick it back up again.,"Pen Holder is a 3D-printed tool which attaches to a table and serves as a support and holder for a mouth stylus or similar tool. When the user is finished using the stylus, they can simply place it on the holder for next time! Tools Needed: 3D Printer Bill of Materials: Please see BOM and printing models in the downloadable product file. Estimated Time to Make: 12 hours of 3D-printing time",Fun/Leisure,
Geek - Tech Prosthesis for Digital Screens,https://tomglobal.org/project?id=62bb06ffb5d54e22c71e7245,"A light, digital-office arm prosthesis with stylus tips for touching screens and other
standard functions for office life such as: using a door chip/card,
stump extension for stability, pulling a computer from the bag, removing outlet plug, etc. This device was designed as part of TOM's Abraham Accords Open Innovation Challenge in 2022.",Single arm amputees who wish to use their prosthetic arm to perform everyday office tasks and use smartphones/computers.,"Single arm amputees may find it difficult to multitask while using their smartphone or computer, since their one hand is interacting with the device.",Geek effectively turns your prosthesis into a stylus that can be used on touch screens and track pads. The styluses are also a modular component which can be swapped out for other attachments with alternative functions. Tools Needed 3D printer Tray for hot water Screwdriver set Fabric scissors Sewing Machine Big sewing needles Nails Pliers Bill of Materials Please see detailed BOM and printing models in the downloadable product file. Estimated Time to Make 14 hours of print time 0.5 hours of assembly time,A modular prosthesis designed to help the user perform everyday tasks around the offices. The prosthesis is primarily used for interacting with digital touch screens.,Daily Living,condition:amputee; bodypart:hand; technology:3D Printing; assistivetool:prosthesis
Cutting Board for Use with One Hand,https://tomglobal.org/project?id=618ccaa74f10776dbe488633,"Cutting Board for Use with One Hand is a simple, cheap, and easy to manufacture solution with metal clip handles that are attached to an existing thin cutting board and a vegetable catcher that attaches to the center of the board allows cutting and transferring vegetables to a bowl with one hand.","The product is intended for people with one functioning hand due to amputation, stroke, or other conditions. Cutting board for use with one hand was designed with and for Shiri and the therapeutic kitchen team at Loewenstein rehabilitation hospital. The team developed the solution as part of the ""Fixperts"" course in the Industrial Design department at Holon Institue of Technology and have won the Most Inclusive Design award at GIC 2021 👏.",People with one functioning hand have difficulty functioning independently in the kitchen. Our product facilitates them in several operations in the cooking process and allows them independence in trivial operations in the kitchen.,"We found a simple, cheap and easy to manufacture solution. Any “Handyman” can produce our product easily. The feedback we received from the patients in the therapeutic kitchen was very gratifying. The product seems to have met their needed.","Metal clips handles that interface to an existing thin cutting board, and a vegetable catcher that attaches to the center of the board and allows cutting and transferring vegetables to a bowl with one hand. Product Specs Approximate Cost of materials: USD $20 Machine time: 1 hour Assembly time: 0.2 hours",Daily Living; Therapy; Hobbies,condition:amputee; bodypart:hand
Flosser Refill Stand,https://tomglobal.org/project?id=698f9b9493fdb200129e0cc4,"The Flosser Refill Stand is a small, 3D printed device that uses a static stand and large base to hold a flosser refill head and allow the user to easily place it on the handle.",Intended users of this Flosser Refill Stand are individuals with hemiplegia or limited hand dexterity. This could lead to difficulty replacing flosser heads.,The Shepherd Center strives to increase patients' independence when performing activities of daily living such as using oral hygiene tools.,"The Flosser Refill Stand limits the need for using two hands when replacing flosser heads, one holding the new flosser and one holding the handle, by using a static stand to position the head.","The Flosser Refill Stand is a small, 3D printed device that uses a static stand and large base to hold a flosser refill head and allow the user to easily place it on the handle. Tools needed PC or MAC I7 + Fusion 360 Prusa slicer FDM Printer",Daily Living,
Inclusive Music Control Knobs,https://tomglobal.org/project?id=6839ecc9fe165900123e9f1c,"This product is comprised of two different styles of 3D-printed control knobs which can replace existing knobs, allowing for greater usability for people with limited dexterity. Simply remove your existing control knob and slide this one on, no need for glue or tools. The knobs were made specifically to fit Pioneer XDJ-RX2, but can work with any ""D shaft"" style knob attachments.","This product was modified from Rotem's Inclusive DJ Controller Kit. It was originally developed for Rotem, a professional DJ with a physical disability making it difficult for him to turn the knobs on the controller panel.","As part of the recovery process, Rotem wished to get back to his work and hobby as a DJ. These knobs allow Rotem, and anyone with limited dexterity or eyesight, to to use their existing musical equipment with greater ease.",The extended shape of the knobs enable the user to turn them without a pinch motion.,"2 sets of adaptive knobs: one features a solid construction with a small directional indicator, and the other is a two-part construction for printing in 2 colors. Designed to fit Pioneer XDJ-RX2, these can work with any ""D shaft"" style knob attachment. Tools needed Prusa slicer FDM Printer",Hobbies,bodypart:hand; technology:3D Printing; general:handle; bodypart:fingers; general:music
Partitions for bridge matches,https://tomglobal.org/project?id=6081834a6a4bc57101dcd213,"Designed for bridge players who cannot play during COVID-19.
The product allows bridge players to play while
maintaining social distance and sterility
There are no similar low-cost solutions on the market.
The product consists of two modular transparent
partitions, which can simply be assembled
together and placed on a table to allow a
safe Bridge game.",Bridge players who cannot play during COVID-19,Social distancing precautions make it difficult for players to play in groups. There are currently no low cost similar solutions on the market.,"The product consists of two modular transparent partitions, which can simply be assembled together and placed on a table in order to allow a safe Bridge game.",The product allows bridge players to play while maintaining social distance and sterility. Bill of Materials: Please see detailed BOM and printing models in the downloadable product file. Tools Needed: Laser cutter Sewing machine and fabric scissors (for bag) Estimated Time to Make: Partitions: 1 hour Carrying Bag (optional): 4 hours,COVID19,general:games
Clear Mask,https://tomglobal.org/project?id=5ef472c75ea9e13b5a3af2c3,"The Clearly Mask is a DIY transparent face mask design to make Coronavirus safety measures more accommodating for lip readers. While the mask was specifically designed to benefit people with hearing impairment, we recommend it for everyone looking to benefit from more visible communication and human connection. To see the tutorial please see the resources section below.",,"People with hearing impairments often rely on lip reading to understand others interacting with them. Mask wearing during the COVID-19 pandemic, as well as in medical environment, hamper their ability to understand and interact with people in their environment.","The product is comprised of fabric, straps, and clear pvc that are sewn together to create a clear mask with the mouth visible. You can download the assembly guide and patterns from our website www.tomglobal.org, and sew a mask (or more!). TOM Clear Mask - how to sew tutorial ! from TOM Global on Vimeo. Our aim at TOM is to enable as many people as possible to have a product that fits their needs. Clear masks are in high demand, but there aren’t many open source products tackling this problem. Our objectives are: 1. To offer an open-source design that is safe to use, referencing medical requirements and standards. This affected our choice of fabric and our suggestion to seal the sewing holes. (Note: This product has not been approved for medical use or tested by health authorities, but it follows the guidelines published by the Israeli Ministry of Health). 2. To develop a mask that offers the best user experience, both in terms of comfort (ease of breathing, ease of putting on and taking off), and functionality (a large clear area to maximize the visibility of facial expressions which allows easy and clear communication). Technology: Sewing machine Laser cutter (optional - you can cut the patterns by hand) Materials: We sourced materials based on The Israeli Ministry of Health’s recommendations for fabric masks. These include: White Cotton Sateen fabric with a thread count of 200 or higher. The transparent window made of 0.25mm PVC. Anti-Fog Spray and / or Dish Soap Care instructions: Easy to clean, machine washable at 60 degrees Celsius. Open Source Development: We are calling on you to join our collaborative R&D process and help us find the safest solutions to these issues: 1. Finding the best head strap configuration for people with hearing aids. 2. Ensuring as little exposure as possible around the mouth and nose area due to needle holes in the seams surrounding the clear window (our current DIY solution: covering the seam with medical tape). Is there a better non-industrial option? We are currently running a usability test in our communities and we’re inviting you to join! Have you tried to sew a Clearly Mask? Please fill out this design feedback form and let us know how to make it better. Have you used the Clearly Mask? Please fill out this user feedback form  and let us know about your user experience.","The Clear Mask is a DIY transparent face mask design to make Coronavirus safety measures more accommodating for lip readers. While the mask was specifically designed to benefit people with hearing impairment, we recommend it for everyone looking to benefit from more visible communication and human connection.",COVID19,technology:DIY; priority; condition:hygiene; bodypart:face; technology:sawing; general:mask
Curtain Gripper,https://tomglobal.org/project?id=62d7c4baaafd87662b35e807,"Curtain Gripper is a 3D-printed tool that transforms any shower curtain into something that is accessible and easy to grasp onto. It allows for more independent bathroom use for people with limited finger/hand control. This design was made as part of Milbat, IKEA, TOM, and Access Israel's ThisAbles project. To learn more, please visit their website at https://www.milbat.org.il/en/thisables/",This design is for people who may lack fine motor skills or live with restricted hand mobility who are looking to expand their independence while using the restroom.,People living with limited hand function may have trouble grasping and manipulating thin objects like shower curtains. Opening and closing shower curtains are an important part of everyday person hygiene.,"As part of IKEA’s mission to “create a better everyday life for as many people as possible,” Milbat & Access Israel joined forces to develop a new, revolutionary line of products to bridge the gap and enable more people to enjoy IKEA products. The Curtain Gripper is one of these products","A rigid, easily graspable 3D-printed handle that can attach to any shower curtain. Slippery curtains will never be a problem with the Curtain Gripper at your disposal! Tools Needed: 3D Printer Bill of Materials: Please see BOM and printing models in the downloadable product file. Estimated Time to Make: 3.5 hours of 3D-printing time <5 minutes of assembly time",Daily Living,
Snap Cup - Bedside Cup Holder,https://tomglobal.org/project?id=62d6b094aafd87662b35dbf3,"Snap Cup is designed to hold cups and glasses within reach by your bedside. It is particularly helpful for those who spend much of their day in bed and often need assistance while drinking. This design is specifically made to fit IKEA beds as part of Milbat, IKEA, TOM, and Access Israel's ThisAbles project. To learn more, please visit their website at https://www.milbat.org.il/en/thisables/",ThisAbles Snap Cup is designed to enable people with special needs to enjoy the quality of life provided by IKEA products. This design is for those who want to keep a glass by their bedside but are unable to reach a bedside table.,"The beauty of our project is that it allows people with different abilities to use mainstream products, so we aim to make our design as accessible as possible. Therefore, our design is readily available on our open-source website, and it is easy to download and print independently using a 3D printer. This product is perfect for people with mobility difficulties who have trouble holding a cup steady while in bed or who cannot reach a bedside table.","As part of IKEA’s mission to “create a better everyday life for as many people as possible,” Milbat & Access Israel joined forces to develop a new, revolutionary line of products to bridge the gap and enable more people to enjoy IKEA products. This product allows the user to keep a glass of water safely next to the bed.",Device that enables people with mobility difficulties to keep a glass close at hand while in bed. The device includes two holders for different sized cups and slides nicely onto an IKEA bed. Tools Needed: 3D Printer Bill of Materials: Please see BOM and printing models in the downloadable product file. Estimated Time to Make: 7.5 hours of 3D-printing time,Daily Living,
MeasureUp Utensil Grip,https://tomglobal.org/project?id=662e99bd853f090012cd128d,Universal cuff that uses a linear spring mechanism to securely hold a variety of kitchen tools.,Those with dexterity challenges who face difficulty gripping everyday kitchen items.,Constructive Partnerships Unlimited promotes opportunities for people with intellectual and developmental disabilities to achieve fulfilling lives. This project allows their members cook independently.,Measure Up! keeps the utensil in place so it can be used when cooking.,A U-cuff with customized attachments that connects to kitchen utensils. Tools needed Fusion 360 Prusa slicer Measurement tool Pliers FDM Printer,Daily Living; Hobbies,
Flexible Drinking Straw,https://tomglobal.org/project?id=61b9cf804f10776dbe488798,"A 3D-printed ""tube"" that holds an off-the-shelf silicone straw in a certain position, so it can easily be used for drinking by a handicapped user.",People at the ICP Munich who are handicapped and aren't able to drink from an ordinary glass without assistance.,"Although such individuals were able to drink on their own with an ordinary plastic drinking straw, those were banned in the EU this year.","This product offers a cheap, easy-to-use, and sustainable solution for Need-Knowers to drink independently. Tools Needed 3D Printing Bill of Materials Please see detailed BOM and printing models in the downloadable product file. Estimated Time to Make 10 minutes of machine time 2 minutes of assembly time Flexible Drinking Straw is one of the participating projects of the 2022 International Makeathon with Ben Gurion University, Kibbutzim College, and TOM:Ingolstadt community. You can learn more about the challenge on the GIC website or browse the projects on the  GIC community page.","A 3D-printed ""tube"" that holds an off-the-shelf silicone straw in a certain position, so it can easily be used for drinking by a handicapped user.",Daily Living,technology:3D Printing; general:drink; age:kids; condition:motor problems
Friendly Straw - Straw Stabilizer,https://tomglobal.org/project?id=62d6b4ccaafd87662b35dd58,"The Friendly Straw is designed to stabilize a drinking straw by fixing it to the cup and allow the user to drink independently. This design is specifically made to fit IKEA cups/mugs as part of Milbat, IKEA, TOM, and Access Israel's ThisAbles project. To learn more, please visit their website at https://www.milbat.org.il/en/thisables/","This device is designed for people with a variety of everyday challenges. For example, our product is perfect for people with limited hand mobility, arm amputations, or people who are cared for by others. It is especially helpful for those who have trouble drinking on their own.",This device allows the user to drink comfortably without having to hold their straw in place or raise the cup to their mouth. Its primary focus is to give the user independence while feeding themselves.,This solution helps the user by adapting a common household item into a specialized product. There is no need to buy special cups when your favorite ones can be transformed with the Friendly Straw!,"Our device assists in stabilizing a drinking straw and preventing it from moving around inside the cup. It is also customizable, and can help identify which cup belongs to you. Tools Needed: 3D Printer Bill of Materials: Please see BOM and printing models in the downloadable product file. Estimated Time to Make: 2 hours of 3D-printing time",Daily Living,
Cup2Hold - Extended Cup Holder,https://tomglobal.org/project?id=5d778401b810e413a5281079,Cup2Hold is a lightweight cup holder for people with motor and dexterity problems in their fingers and wrists. Cup2Hold is a 100% 3D printed device that attaches a gripping bar to a traditional cup holder to give people the independence to sip freely from a cup.,"Cup2Hold is a lightweight cup holder for people who lack fine motor skills, specifically in their fingers and wrists.","For many people, holding a cup and tilting it to their mouths on their own can be challenging. This product aims to make the drinking process easier for people with a variety of different abilities.",Cup2Hold’s strong 3D-printed structure and accessible handle gives people more room to grasp their cup and also makes tilting the cup to the mouth easier.,Cup2Hold is a fully 3D-printed cup holder with a handle in order to give people with a variety of limitations the ability to sip freely from a cup. Tools Needed: 3D printer (FDM) Bill of Materials: Please see BOM and printing models in the downloadable product file. Estimated Time to Make: 6 hours of 3D-printing time,Daily Living,technology:DIY; condition:paralysis; bodypart:hand; technology:3D Printing; general:handle; general:drink
One-Handed Cutting Board 2.0,https://tomglobal.org/project?id=63283dbd269fea0a809f5b81,"This is an adaptive cutting board designed to hold items in place for the user and to enable the user to transfer the cut items to another surface with only one usable hand.
This product was originally developed as part of the ""Fixperts"" course in the Industrial Design department at the Holon Institute of Technology. It was further developed incorporating 3D-printed components by the TOM R&D Team to ease the production process.",People with one useable hand that want to cook.,The conventional acts of cooking such as holding an item steady while cutting or peeling it and moving items from a cutting board to another surface can be extremely challenging for individuals with only one usable hand.,The one-handed cutting board includes attachable components such as food spikes to hold items and gripping handles for easy transfer to create a simple- and cheap-to-produce solution. Tools Needed 3D printer Banding Machine \ Table clamps Table sander Bill of Materials Please see detailed BOM and printing models in the downloadable product file. Estimated Time to Make 4 hours of machine time 15 minutes of assembly time,"This is an adaptive cutting board designed to hold items in place for the user and to enable the user to transfer the cut items to another surface with only one usable hand. This product was originally developed as part of the ""Fixperts"" course in the Industrial Design department at the Holon Institute of Technology. It was further developed by incorporating 3D-printed components by the TOM R&D Team to ease the production process.",Daily Living,condition:amputee; condition:paralysis; bodypart:hand; technology:3D Printing; activity:eat; condition:motor problems
Tap On - Faucet Attachment,https://tomglobal.org/project?id=62d6acfaaafd87662b35db21,"Tap On is a 3D-printed device designed to extend a sink faucet to make it easier to reach the tap. This design is specifically made to fit IKEA sink faucets as part of Milbat, IKEA, TOM, and Access Israel's ThisAbles project. To learn more, please visit their website at https://www.milbat.org.il/en/thisables/","ThisAbles Tap On was designed to allow people with special needs to enjoy the quality of life provided by IKEA products. This product is designed for people who have trouble reaching sink faucets. This can be for a variety of people; whether they are children, short, people who use wheelchairs, or anyone else looking for a way to turn on hard-to-reach faucets..","The beauty of Tap On is that it allows people with different abilities to use mainstream IKEA faucets, so we aim to make our design as accessible as possible. Therefore, our design is readily available on our open-source website, and it is easy to download and print independently using a 3D-printer.","As part of IKEA’s mission to “create a better everyday life for as many people as possible,” Milbat & Access Israel  joined forces to develop a new, revolutionary line of products to bridge the gap and enable more people to enjoy IKEA products.","Our design makes faucets easier to reach. The product attaches to IKEA faucets and extends the handle, turning hard-to-reach taps into a faucet that can be used by everyone. Tools Needed: 3D Printer Bill of Materials: Please see BOM and printing models in the downloadable product file. Estimated Time to Make: 9 hours of 3D-printing time",Daily Living,
Easy Handle,https://tomglobal.org/project?id=62d7c5a3aafd87662b35e826,"Easy Handle is a 3D-printed attachment piece designed to give users the ability to open cabinets and doors with their forearm. This design is specifically made to fit IKEA cabinets and doors as part of Milbat, IKEA, TOM, and Access Israel's ThisAbles project. To learn more, please visit their website at https://www.milbat.org.il/en/thisables/",ThisAbles Easy Handle is designed to enable people with special needs to enjoy the quality of life provided by IKEA products. This product is design for people with limited hand mobility who may have trouble opening cabinets or other storage solutions.,Cabinets and other storage containers often have small handles that can be difficult to grasp for a variety of people. Our product aims to ensure that as many people as possible can access and use IKEA furniture independently.,This product attaches to the side of the door and enlarges the grip area. The handle ensures an easier opening experience.,"A handle for opening the door with the forearm or the whole hand. The handle comes in two versions: for opening with the right or left hand, based on the user’s ability/need. Tools Needed: 3D Printer Bill of Materials: Please see BOM and printing models in the downloadable product file. Estimated Time to Make: 4 hours of 3D-printing time <5 minutes of assembly time",Daily Living,
TOM Weighted Blanket - heavy blanket for trauma and stress relief,https://tomglobal.org/project?id=6542806977fb1657e353b90c,"Weighted blankets are heavy blankets weighing about 10% of the body's weight allowing relaxation, sensory regulation and in some cases improved concentration.","Adults and children dealing with difficulty in sensory regulation, anxiety, and lack of focus in their daily lives","People who suffer from trauma, anxiety, and attention disorders, sometimes experience difficulty in sensory regulation. The blanket is a therapeutic product for physical relaxation of the body.",The added weight of the blanket provides a calming effect through deep contact that mimics an embrace. The blankets can be sewn in different sizes and weights suitable for different ages and needs.,"Weighted blankets are heavy blankets weighing about 10% of the body's weight allowing relaxation, sensory regulation and in some cases improved concentration.",Therapy,condition:autism; technology:sawing; bodypart:full body; condition:PTSD; general:bed; activity:sleep
Friendly Zipper,https://tomglobal.org/project?id=62d6b25daafd87662b35dc8c,"Friendly Zipper is an attachment that enlarges a zipper, making it easier to grasp and control. This design was made as part of Milbat, IKEA, TOM, and Access Israel's ThisAbles project. To learn more, please visit their website at https://www.milbat.org.il/en/thisables/",ThisAbles Friendly Zipper was designed to allow people with special needs to enjoy the quality of life provided by IKEA products. This design is targeted at those who struggle with gripping and using zippers.,"The beauty of our project is that it allows people with different abilities to use mainstream products, so we aim to make our design as accessible as possible. Therefore, our design is readily available on our open-source website, and it is easy to download and print independently using a 3D printer.","As part of IKEA’s mission to “create a better everyday life for as many people as possible,” Milbat & Access Israel joined forces to develop a new, revolutionary line of products to bridge the gap and enable more people to enjoy IKEA products.","Our design makes using zippers infinitely easier. The product is specifically designed for people who may need extra help gripping or holding onto zippers. The original design is perfect for zippers on sheets or pillows, but it can be adapted for clothing zippers and more! Tools Needed: 3D Printer Bill of Materials: Please see BOM and printing models in the downloadable product file. Estimated Time to Make: 1 hour of 3D-printing time 1 minute of assembly time",Daily Living,
Wheelchair Rugby Bumper,https://tomglobal.org/project?id=6321d21b269fea0a809ece01,"This is an affordable, easy-to-manufacture and attach rear bumper for rugby wheelchairs to help players avoid blocks from opponents.",This product was designed with the Israeli National Wheelchair Rugby team and for any wheelchair rugby player whose wheelchair lacks a built-in bumper.,"The existing chairs do not have a rear blocker necessary for the game, which puts the team at a disadvantage until they purchase new models.",The bumper is made of polycarbonate or polypropylene and attaches to the rugby wheelchair with screws and nuts to enable easy replacement if/when necessary. Tools Needed Laser cutter Heat gun Tongue-And-Groove Pl Screwdriver set (big) Philips screwdriver Locking Pliers Drill Drill m6 Pliers Meter Caliber Marker Bill of Materials Please see detailed BOM and printing models in the downloadable product file. Estimated Time to Make 45 minutes of machine time 30 minutes of assembly time,"This is an affordable, easy-to-manufacture and attach rear bumper for rugby wheelchairs to help players avoid blocks from opponents.",Sports,assistivetool:wheelchair; general:games
Re-play:  wrist-attached guitar pick,https://tomglobal.org/project?id=6141e89e7dd11749d5151572,"The Re-Play device fits around the arm and has a connection piece at the end farthest from the elbow that connects to a guitar pic. This enables the Need Knower to play the guitar while practicing arm movements which also helps with the rehabilitation process.
This solution was designed with the assistance of Tzvika Shahar of Haifa 3D.","People diagnosed with complex regional pain syndrome (CRPS) which is a broad term describing excessive and prolonged pain and inflammation that follows an injury to an arm or leg usually often find themselves avoiding certain activities such as writing, typing, playing instruments, etc. These actions make their symptoms worse. The pain associated with these movements is intense, so they feel like they're about to explode. But, the more those people use the affected limb, the more bearable the pain. With the thought that playing allows movement therapy for the hand as well as a pleasant creation. The re-play was created for people with a hand injury below the elbow and allows you to play the guitar from the forearm. The re-play was first created for Israel, a strong and hopeful husband and father who suffers from chronic hand pain due to a car accident. He has always loved music and was an avid guitar player prior to his accident.","There are almost no devices that help CRPS patients play the guitar, as the device has to be light and adapted to areas where the patient does not feel pain so that he can wear the device and play with it",The Re-Play device fits around the arm and has a connection piece at the end farthest from the elbow that connects to a guitar pic. Light and easy to wear and can help with the patients rehabilitation. ESTIMATED COST Materials 1.28 USD Machine Time 2.2 HOURS Assembly Time 30 MINUTES,3D printing solution which enables people to play the guitar on there own without experiencing pain.,Hobbies,bodypart:hand; technology:3D Printing; assistivetool:prosthesis; general:music
Spray Plane Costume for Assistive Equipment,https://tomglobal.org/project?id=6228fdec0abab55beec71b78,"Although there are some adaptive clothing costumes on the market for individuals with disabilities, there remains a lack of options including assistive equipment and technologies such as wheelchairs, walkers, and strollers in the design. This lack of inclusion often leaves users feeling segregated from peers. This is an adaptive, customizable costume for use with assistive equipment. It was originally designed to be a spray plane, however, it can, and is encouraged to be, used as a base template for any costume you might imagine!","This costume design and assembly approach was created to enable and empower wheelchair users of all sizes and ages to enjoy dressing up without feeling left out or limited! In fact, we believe that wheelchair users have an advantage - an amazing base for an awesome structure! So this guide is how to make a wheelchair part of a costume :)","Although there are some adaptive clothing costumes on the market for individuals with disabilities, there remains a lack of options including assistive equipment and technologies such as wheelchairs, walkers, and strollers in the design. This lack of inclusion often leaves users feeling segregated from peers.",This costume is more a guiding template than a single-directed-use design. It includes multiple components intended to be independently attached to the user’s wheelchair and uses basic square materials such as cardboard and zip ties to enable size and aesthetic personalization while remaining affordable. Bill of materials - please see detailed BOM {optional: and laser cutting files} in the downloadable product file. Estimated time to make Cutting Parts: 0.5 Hours - if using laser cutter machine 1 Hour - if manually tracing & cutting Assembly: 1.5 Hours,"This is an adaptive, customizable costume for use with assistive equipment. It was originally designed to be a spray plane, however, it can, and is encouraged to be, used as a base template for any costume you might imagine! Please share with us any new designs you come up with!",Fun/Leisure,assistivetool:wheelchair; age:kids
Market Stand Costume for Assistive Equipment,https://tomglobal.org/project?id=622dfedb0abab55beec71b83,"Although there are some adaptive clothing costumes on the market for individuals with disabilities, there remains a lack of options including assistive equipment and technologies such as wheelchairs, walkers, and strollers in the design. This lack of inclusion often leaves users feeling segregated from peers. This is an adaptive, customizable costume for use with assistive equipment. It was originally designed to be a market stand, however, it can, and is encouraged to be, used as a base template for any costume you might imagine!","This costume design and assembly approach was created to enable and empower wheelchair users of all sizes and ages to enjoy dressing up without feeling left out or limited! In fact, we believe that wheelchair users have an advantage - an amazing base for an awesome structure! So this guide is how to make a wheelchair part of a costume :)","Although there are some adaptive clothing costumes on the market for individuals with disabilities, there remains a lack of options including assistive equipment and technologies such as wheelchairs, walkers, and strollers in the design. This lack of inclusion often leaves users feeling segregated from peers.",This costume is more a guiding template than a single-directed-use design. It includes multiple components intended to be independently attached to the user’s wheelchair and uses basic square materials such as cardboard and zip ties to enable size and aesthetic personalization while remaining affordable. Bill of materials - please see detailed BOM {optional: and laser cutting files} in the downloadable product file. Estimated time to make Cutting Parts: 0.5 Hours - if using laser cutter machine 1 Hour - if manually tracing & cutting Assembly: 1.5 Hours,"This is an adaptive, customizable costume for use with assistive equipment. It was originally designed to be a market stand, however, it can, and is encouraged to be, used as a base template for any costume you might imagine! Please share with us any new designs you come up with!",Fun/Leisure,assistivetool:wheelchair; age:kids
Tractor Costume for Assistive Equipment,https://tomglobal.org/project?id=6227518a0abab55beec71b6a,"Although there are some adaptive clothing costumes on the market for individuals with disabilities, there remains a lack of options including assistive equipment and technologies such as wheelchairs, walkers, and strollers in the design. This lack of inclusion often leaves users feeling segregated from peers. This is an adaptive, customizable costume for use with assistive equipment. It was originally designed to be a tractor, however, it can, and is encouraged to be, used as a base template for any vehicle-including costume!","This costume design and assembly approach was created to enable and empower wheelchair users of all sizes and ages to enjoy dressing up without feeling left out or limited! In fact, we believe that wheelchair users have an advantage - an amazing base for an awesome structure! So this guide is how to make a wheelchair part of a costume :)","Although there are some adaptive clothing costumes on the market for individuals with disabilities, there remains a lack of options including assistive equipment and technologies such as wheelchairs, walkers, and strollers in the design. This lack of inclusion often leaves users feeling segregated from peers.",This costume is more a guiding template than a single-directed-use design. It includes multiple components intended to be independently attached to the user’s wheelchair and uses basic square materials such as cardboard and zip ties to enable size and aesthetic personalization while remaining affordable. Bill of materials - please see detailed BOM {optional: and laser cutting files} in the downloadable product file. Estimated time to make Cutting Parts: 0.5 Hours - if using laser cutter machine 1 Hour - if manually tracing & cutting Assembly: 1.5 Hours,"This is an adaptive, customizable costume for use with assistive equipment. It was originally designed as a tractor, it can also be used as a base template for any vehicle-including costume! Please share with us any new designs you come up with!",Fun/Leisure,assistivetool:wheelchair; age:kids
Drill Trigger Finger Adapter,https://tomglobal.org/project?id=6789026130ee740012d773c7,"This solution offers a flexible 3D-printed attachment that fits onto the user’s finger. This attachment bridges the gap in range of motion, enabling the user to comfortably press the trigger of a power drill. It is designed to be ergonomic, lightweight.",People who have injured their hands or have partial joint movement and need assistance with range of motion to press the trigger of a power drill.,"The solution is needed because it addresses the challenges faced by individuals with limited finger mobility or hand strength when using power tools. Pressing the trigger of a power drill requires precise movement and strength, which can be difficult or e","The solution is a flexible 3D-printed attachment that extends reach, reduces strain, and enables easy, safe trigger use, improving accessibility and independence.","This solution offers a flexible 3D-printed attachment that fits onto the user’s finger. This attachment bridges the gap in range of motion, enabling the user to comfortably press the trigger of a power drill. It is designed to be ergonomic, lightweight. Tools needed Protective glasses PC or MAC I7 + Fusion 360 Prusa slicer Pliers FDM Printer",Hobbies; Daily Living,
Adaptive Costume Connector,https://tomglobal.org/project?id=64ea83d75a73c213940a14f8,"The Adaptive Costume Connector allows for quick and easy installation of a cardboard costume + accessories from a wheelchair or walker. The more complex the costume, the more attachment points you can add.","Designed for the amazing children who participated in HIT’s Dream Costumes project, a program bringing together industrial design students and children with disabilities to design and create adaptive costumes. Centered around the Purim holiday, the effort was created to increase inclusion and joy with costumes that are build around/with the children’s mobility devices.",We needed an adaptive costume connector that allows quick and easy installation and removal of the costume from the mobility aid.,"Using a 3d-printed Connector, a simple rubber band and a paper fastener, the Connector allows for an easy and comfortable connection between the costume and the mobility aid.",An Adaptive Costume Connector for securely attaching costumes and accessories to wheelchairs and walkers. Tools needed PC or MAC I7 + 3D Printer,Daily Living; Hobbies; Fun/Leisure,assistivtool:walker; assistivetool:wheelchair
Tactile Puzzles for the Visually Impaired,https://tomglobal.org/project?id=68c916eb6459a10013dc0c26,"Tactile Puzzles for the Visually Impaired is a set of 3D-printed tactile puzzles with a combination of braille labels, raised shapes, and easy-to-grasp pieces. Matching tactile cues guide assembly by touch, and the design can be customized in shape, size, and language.","Puzzles for the Visually Impaired were designed for children ages 2–3 who are blind or visually impaired. It can also be used by therapists, educators, and parents who support early tactile learning and cognitive development through play.",There is a significant gap in the market when it comes to tactile and sensory-based games that are truly accessible to blind and visually impaired kids. This project was developed with ELIYA nonprofit to address these needs.,"A 3D-printed tactile puzzle with braille labels, raised shapes, and easy-to-grasp pieces. Matching tactile cues guide assembly by touch, and the design can be customized in shape, size, and language.","A 3D-printed tactile puzzle designed with Braille labels, raised geometric features, and simple, graspable pieces. Each puzzle piece includes matching tactile cues on connecting edges, helping children identify correct pairings through touch. Tools needed PC or MAC I7 + Fusion 360 Prusa slicer FDM Printer",Therapy; Fun/Leisure,
Counter-Grip End Unit for TOM Arm Prosthesis,https://tomglobal.org/project?id=654aa09a2e36701daa3b3875,"This is a Counter-Grip End Unit that connects to the TOM Parametric Arm Prosthesis designed to help hold vegetables, bread and other food in place, acting as a counterforce to a knife or other kitchen utensil.","This project was designed and developed with two Need Knowers, Ester and Shula. Both women are below-the-elbow amputees who hoped to achieve greater independence in the kitchen.","Arm amputees face multiple challenges when working in the kitchen, mainly because they cannot use two hands to hold the food they wish to prepare. This poses both operative and safety challenges when using knives and other kitchen tools.","The Counter-Grip End Unit provides support and counter pressure that holds objects in place, replacing the missing hand and fingers. It enables actions that require two hands in the kitchen such as cutting vegetables and bread and performing other kitchen duties. This solution combines 3D printed and laser cut parts to create an end unit that clicks into place on the TOM Parametric Arm Prosthesis.","This is an end unit that connects to the TOM Parametric Arm Prosthesis designed to help hold vegetables, bread and other food in place, acting as a counterforce to a knife or other kitchen utensil.",Daily Living,bodypart:hand; technology:3D Printing; assistivetool:prosthesis; activity:eat
Guitar Pick End Unit - TOM Arm Prosthesis,https://tomglobal.org/project?id=65d343e6a3e42b7b7d5256a8,This is a 3D-printed guitar pick holder attachment that connects to the TOM Parametric Arm Prosthesis enabling an amputee to pluck strings on a guitar.,"This project was designed and developed with Moshe Cohen, a below-the-elbow amputee who hoped to play guitar.","To play a guitar independently, players need to press selected strings against frets while simultaneously plucking the strings at the other end. For someone with only one hand, this poses a challenge!",The Guitar Pick End Unit is a 3D-printed attachment to the TOM Parametric Arm Prosthesis that enables the use of one or two guitar picks by an amputated arm.,This is a 3D-printed guitar pick holder attachment that connects to the TOM Parametric Arm Prosthesis enabling an amputee to pluck strings on a guitar.,Hobbies,condition:amputee; bodypart:hand; technology:3D Printing; assistivetool:prosthesis; general:music
Long Utensil Holder End Unit // Compatible with TOM Arm Prosthesis,https://tomglobal.org/project?id=66d5f3c9cb3e430013d62b49,"This project was designed for Noam, a below-the-elbow amputee seeking greater independence in the kitchen. It is an adjustable kitchen utensil holder that attaches to the TOM Parametric Arm Prosthesis, allowing the user to hold and use long utensils like spatulas or wooden spoons. By enabling stirring and scraping tasks, it helps overcome daily challenges and supports independent cooking.","This project was designed and developed with Noam, below-the-elbow amputee who hoped to achieve greater independence in the kitchen.",An arm amputation poses multiple challenges to the amputee’s ability to perform basic daily tasks such as using both hands to hold a spatula or use a wooden spoon to stir.,"This end unit has an ability to hold long kitchen utensils such as a wooden spoon, which helps to scoop food or stir a pot. The unit is printed as one piece and it's built so that a wooden spoon can be held through it.",This is an adjustable kitchen spatula/wooden spoon holder that connects to TOM Parametric Arm Prosthesis enabling an amputee to stir and scrape food out of a pan. Tools needed Protective glasses Fusion 360 Cutter FDM Printer,Hobbies; Fun/Leisure; Daily Living,condition:amputee; assistivetool:prosthesis
Violin Prosthesis - soft version,https://tomglobal.org/project?id=61f7c9ea80d3da1fe566f507,"The PJ Prosthesis Soft Version is a flexible prosthesis base design that enables amputees to independently perform daily functions and hobbies that require swift, precise natural movements, using custom and generic attachments.","The TOM Prosthesis Soft Version was designed for arm amputees who wish to engage in hobbies that require swift, precise natural movements.","Many amputees choose not to use a prosthesis in day-to-day life or when practicing certain hobbies because they are too bulky, heavy, uncomfortable, need to be charged, or simply cannot perform wanted actions. For Yael, we design a 3D printed part that holds the bow and provides her full control and freedom when playing.","The TOM Prosthesis Soft Version allows amputees to perform daily functions and hobbies independently using custom and generic attachments, while maintaining maximum comfort and control. The printed part is manually sewn to the soft base, making it customizable for every user!","The TOM Prosthesis Soft Version is a flexible prosthesis base design that enables continuous development of attachments to accommodate a wide variety of features and functionalities. Product Specs Approximate Cost: USD $15 Time Required: 7 Hours Watch the story of the TOM Violin Prosthesis here! The story of the TOM Violin Prosthesis from TOM Tikkun Olam Makers on Vimeo. To build this product, please download the product file and take adequate safety precautions when using manufacturing equipment. For any questions regarding the assembly, operation, or specifications of this device, please contact danays@tomglobal.org. To follow updates on PJ Prosthesis, other assistive tech solutions by TOM communities, and our global network of makers, follow us on social media here. Product Development History PJ Prosthesis is a universal platform that enables the continuous development of modules and attachments, both custom-made and generic, to accommodate a wide array of functionalities and features for different users of different sizes. Development of the PJ Prosthesis platform began in 2018 when TOM’s Tel Aviv community created a lightweight yet durable 3D printed prosthetic arm for IDF veteran Noam Guez. After losing his left arm in basic training, Guez wanted a comfortable device to regain his independence in daily tasks and beloved hobbies like cooking (especially Shakshuka) and painting. TOM: Singapore adapted the platform in 2019 to accommodate the needs of Tan Wee Boon, a Quadruple Amputee who lost his limbs to a flesh-eating bacteria, resulting in the PJ Prosthesis Double Amputee Module. This new module employs generic functions for double upper-limb amputees, such as easily attaching and removing the device independently using a pull string, as well as tailor-made sizing and functionality to allow the user, Boon to shower and use the toilet independently. Additional developments in Singapore include refining the prosthesis base to boost the appeal and creating a grip for holding spoons and bottles. See the PJ Prosthesis Double Amputee Module here. Most recently, TOM: Shenkar outfitted the prosthesis with two new specialized attachments to the modular limb to allow Yael and Itamar (27) in Israel to play the violin and drums respectively. These developments took place at the annual Merkaha or Jam Week at Shenkar College of Engineering and Design in Israel, where Shenkar’s TOM community held a 72-hour makeathon. Additional PJ attachments developed at the TOM: Shenkar Makeathon includes a smartphone holder for Itamar, and a chef’s knife attachment for Ester. “TOM communities hope to develop multiple product lines of modular device attachments for PJ to enable amputees to regain freedom of function and pleasure in the arts, crafting, and more,” says Daniel Levy, Head of TOM R&D. Levy heads the development of PJ, along with two other industrial designers from Tel Aviv. PJ Prosthesis has been featured in Channel News Asia, the Jerusalem Post, and Baltimore Jewish Life. Changing the World with a Modular Prosthesis by TOM from TOM Global on Vimeo.",Daily Living; Hobbies,condition:amputee; bodypart:hand; technology:3D Printing; assistivetool:prosthesis; general:music
3D-Printed TMT Butterfly Chest Strap,https://tomglobal.org/project?id=65ef36f0c360e62929121cd5,"This is a 3D-printed version of the TOM Butterfly Chest Support. It is an adjustable postural support system that can be attached to various seating devices, such as the TOM Toddler Mobility Trainer and Portable Modular Toilet Seat.","Designed initially for our Toddler Mobility Trainer and Portable Modular Toilet Seat, this product aims to provide additional postural support for any child who may need it","Current design requires a lot of sewing, and this design is entirely 3D printed and/or ordered and assembled by hand with no tools.","This design requires no sewing or assembly skills, so this will be far easier to produce especially for larger scale TMT builds. It takes about 5 hours to print, but under 5 minutes to assemble.",This design is a 3D printed butterfly strap with a button style securement method for the buckles that can be put together by hand. Tools needed PC or MAC I7 + FDM Printer,Daily Living; Therapy,
Kangarun: Dynamic Stander,https://tomglobal.org/project?id=672a46bd6b078200139f96e0,"The stand is used to keep the child in a standing position, offering the necessary support so they do not have to exert effort with their legs. This allows the child to engage with their surroundings and peers at eye level, promoting social interaction and participation in daily activities without physical strain.","This product is designed for young children like Nathaniel, a two-and-a-half-year-old with a progressive metabolic condition that affects muscle function and movement, limiting his ability to stand independently.","Nathaniel is highly alert and motivated to engage with his surroundings, but his physical condition prevents him from standing on his own. This product was developed to strengthen his leg muscles and enable him to participate in activities while standing, which is essential for interaction with peers and overall development.","It is a supportive stand that securely holds a child, allowing them to maintain an upright position without putting strain on their legs. The design is focused on ensuring safety while promoting engagement in their environment, such as in a kindergarten setting.","The stand is used to keep the child in a standing position, offering the necessary support so they do not have to exert effort with their legs. This allows the child to engage with their surroundings and peers at eye level, promoting social interaction and participation in daily activities without physical strain. Tools needed CNC Router + R10 roundover bit Sander and sandpaper (≥ 400 grit) Hammer Electric drill Phillips head bit Conic hole bit (if CNC is only cutting one side) M6 allen key 1.5mm allen key Laser cutter Scissors Sewing machine + sewing clips or pins",Daily Living,condition:CP; condition:motor problems; bodypart:legs; bodypart:full body; assistivetool:crutches; condition:autism; assistivtool:walker; condition:walking problems; age:kids
Affordable hinged Ankle-Foot Orthosis,https://tomglobal.org/project?id=6a0f30744275ea0013c4d6d9,Affordable hinged Ankle-Foot Orthosis,People who have mild to moderate foot drop or who need ankle support.,People who are uninsured are unable to afford a prescribed hinged AFO. There is also no off-the-shelf alternative that provides an equivalent solution.,It keeps the ankle in the desired position (in most cases: neutral) which facilitates a user's walking patterns.,A device capable of assisting a person's gait speed and prolonging their walking distance. Tools needed Protective glasses PC or MAC I7 + Fusion 360 Prusa slicer Measurement tool Screwdriver set Allen keys set Pliers Wood Filing Tool scissors Circular saw Dremel FDM Printer,Daily Living,
Lefty - One Hand Diaper Changer,https://tomglobal.org/project?id=62e129341d56322f7170cb02,This solution transforms the process of changing a diaper into a simple and efficient task that individuals with only one usable hand can do on their own.,Our need-knower is a woman who’s about to become a mother for the first time. Her right hand is paralyzed due to spine surgery. Our Need-Knower wants to have the independence of changing a newborn's diaper with one functional hand.,"The waterproof lightweight diaper changing pad has features that allow opening a new diaper, spreading the baby's legs, cleaning the baby's intimate areas, and changing the diaper effectively indoors and outdoors. It is an affordable easy-to-use, easy-to-clean solution.","We created a compact product that solves the problematics steps: from opening the diaper with one hand, crossing the legs to changing the baby's intimate areas with one single active hand. This solution is suitable for a wide range of people as well. Tools Needed Fabric scissors Serger/overlocker sewing machine Cloth tape measure Sewing machine Embroidery needles Box knives Sewing needles Snap setter Bill of Materials Please see detailed BOM and printing models in the downloadable product file. Estimated Time to Make 1 hour of machine time 5 hours of assembly time","We created a solution that transforms the process of changing a diaper into a simple and efficient task for our Need-Knower. The solution will assist in critical steps of the process, allowing her to perform on her own on a regular basis.",Daily Living,condition:amputee; condition:paralysis; general:vest; condition:motor problems
Dressing Assistance Device,https://tomglobal.org/project?id=6a16c02e4ab7ac0012a93dc6,Dressing Assistance Device,"People with lower-body mobility impairment who have difficulty dressing or undressing lower garments independently, especially in the bathroom.",Roni is paralyzed in the lower part of his body and cannot undress and dress in the bathroom without the help of others. He sought a solution that would allow him to do this independently,We offer a ceiling-mounted dressing assistance device using two adjustable lifting belts. The belts are positioned under the user’s arms and provide body support while seated.,"The device slightly lifts the user above the toilet seat, creating enough clearance to dress or undress lower garments independently. Because the user’s arms remain free, they can manage clothing without assistance from another person. Tools needed Heavy duty gloves Measurement tool",Daily Living,
Independent Feeding Device,https://tomglobal.org/project?id=640a81396377df4983c8648d,Independent Feeding Device,Jameson is a young boy with an autoimmune inflammatory brain disorder. He has mild to severe mobility issues and eats through a feeding tube.,"Jameson wants to go to summer camp, but the camp does not have a registered nurse. Therefore, due to liability issues, Jameson needs to be able to feed himself independently.","Jameson will be able to use this device to independently feed himself at summer camp, as well as at school and at home.",Our proposed solution is a manual syringe pump with a specialized handle that Jameson will be able to easily turn to drive the motion of the syringe. Tools needed Fusion 360 Clamps Allen keys set Cutter Rubber Hammar scissors sewing machine FDM Printer Laser Cutter,Daily Living,
TeraBridges Motorized TMT,https://tomglobal.org/project?id=6a09c4a945f88f0012021ab3,TeraBridges Motorized TMT,"Toddlers and preschoolers  with mobility impairment at Child's Way- a daycare facility for medically fragile children located in Pittsburgh, PA","Many young children with mobility impairments lack affordable powered mobility devices due to high costs. They may struggle to push standard TMT wheels independently. Our Motorized TMT offers a safe, stable, low-cost solution for mobility and independence.","We adapt a 3D-printed TMT with motors into a safe, low-cost mobility solution. Without changing the TMT design, motors drive Rhino wheels attached to the TMT wheels. A joystick controls motion while the electronics limit speed for a safe, stable operation.","We are adapting a 3D-printed TMT with motors to create a safe, low-cost, and easy-to-build mobility solution. Children control movement with a joystick, while automated electronics limit speed for safe and stable operation. Tools needed Protective glasses PC or MAC I7 + Measurement tool Digital caliber Clamps Screwdriver set Allen keys set Ratchet + Boxes set Pliers Needle-nose pliers Cutter scissors Monkey wrench Electric Srewdriver Hot air blower FDM Printer Soldering set Cable stripper Tester",Daily Living,
HeavyVest,https://tomglobal.org/project?id=67bda1fe30ee740012e1d7ee,HeavyVest,"HeavyVest provides deep pressure therapy for children with ASD, ADHD, and SPD, helping with anxiety, focus, and sensory regulation. It should weigh 10% of the child's body weight, up to 1340g.","HeavyVest helps children by: Promoting calmness and focus through deep pressure. Enhancing physical and sensory integration. Supporting posture and muscle strength. Improving balance and outcomes for children with ASD, ADHD, and SPD.","The vest works by: Using adjustable, removable weight pockets for therapy needs. Distributing weight evenly for deep pressure and self-regulation. Offering flexibility for daily activities, school, or therapy.","HeavyVest is a customizable, durable therapeutic tool made for comfort. It features adjustable weight pockets for tailored therapy, helping reduce anxiety, improve focus, and promote relaxation in children with sensory sensitivities. Tools needed Measurement tool scissors sewing machine scissors set of needles",Outdoor; Daily Living; Therapy,
The-Super-Standing -frame,https://tomglobal.org/project?id=6638f3188a678500137443ea,"A standing frame device and speech therapy in order to complete his whole rehabilitation process, additional stuff like clothing or other can be used also in the process","two years old Diagnosis/ Delay development Brief Description of the Case: premature child case of delay development with intravenous hemorrhage grade one, which affected his overall physical condition; when first assessed him on june 2023","this project will help , Mahmoud and other kids who face Delay development challenge , in way that the solution is affordable and adaptable , and can be customized , to get closer to a full recovery status",the frame will help Mahmoud and kids with similar challenge be able to stand and walk and develop and read state of very close to recovery,"standing frame device and speech therapy in order to complete his whole rehabilitation process, additional stuff like clothing or other can be used also in the process Tools needed Heavy duty gloves Protective glasses Face shield Protective headphones PC or MAC I7 + Fusion 360 Measurement tool Digital caliber Screwdriver set Cutter Hammer Rubber Hammar scissors Pull saw Leather punture Wood Filing Tool Nail Gun sewing machine scissors set of needles Electric Srewdriver Hot air blower Jigsaw Circular saw Hot glue gun CNC Machine",Daily Living,
Button Lever Attachment,https://tomglobal.org/project?id=69bd9d4712b3ce00124660c5,Button Lever Attachment,"Intended users of this Button Lever Attachment are individuals with limited hand or finger dexterity. This could lead to difficulty pressing small, unraised buttons on everyday items like electric toothbrushes or razors.",The Shepherd Center strives to increase patients' independence when performing activities of daily living such as pressing small buttons on everyday tools,"The Button Lever Attachment limits the need for fine motor movement when pressing small buttons by adding a lever extension with a larger, raised surface area.","The Button Lever Attachment is a small, 3D device that uses a raised and hinged lever which is zip-tied in place to enable the user to easily press small buttons. Tools needed PC or MAC I7 + Fusion 360 Prusa slicer FDM Printer",Daily Living,
One-Handed Plant Clamp,https://tomglobal.org/project?id=698c53a927502f0013ce1715,One-Handed Plant Clamp,For individuals with limited mobility who have only one functional hand,To assist users in performing two-handed planting tasks with one hand,"The tool stabilizes and securely holds the plant in position, allowing the user to cut branches with scissors for propagation",A hand-operated tool designed for use with one functional hand. Pressing the handle opens small clamps that grip the plant upon release. The tool is directly mounted to the worktable using a clamp that can also be secured with one hand Tools needed Prusa slicer FDM Printer,Hobbies,
Tools for getting Dressed and Undressed,https://tomglobal.org/project?id=644f2b334996735f844bf651,Tools for getting Dressed and Undressed,"Lucas is a very funny and clever kid from Cochabamba, Bolivia. He is 12 years old. He loves to play with his gaming console. When he was born, he got cerebral palsy because of medical negligence and his left side would not work as expected.","Right now, he can’t insert his pants and underwear into his feet. He has the same problem when undressing.  Also, he is becoming a teenager and doesn't want his parents to put his clothes on.","This solution will make it easier to introduce his underwear, pants and socks into his feet. It will also help him take those clothes off without struggling so much.","It is a set of PVC pipe frames that have special forms so the user can place his underwear, pants and socks. They have two handles so he can place his clothes near his feet with ease. There is also a tool so he can undress himself. Tools needed Heavy duty gloves Face shield PC or MAC I7 + Fusion 360 Prusa slicer Measurement tool Digital caliber Screwdriver set Pliers Rubber Hammar Silicone gun Pvc pipe cutter Electric Srewdriver Jigsaw Hot glue gun FDM Printer Soldering set",Daily Living,
Portable Phone Stand,https://tomglobal.org/project?id=6a675929d9643800136fad34,Portable Phone Stand,"Anyone with a smart phone who loves watching TV, reels, or sports","Many individuals would love a way to utilize their phone while eating food or doing work, and want a cheap solution that is keychain accesible.","Provides a cheap, small, portable plastic holder that can be taken anywhere and works with iPhone/Samsung","A portable, keychain accesible phone stand with a working hinge, ruler, and slot for horizontal/vertical phone viewing Tools needed PC or MAC I7 + FDM Printer",Daily Living; Fun/Leisure,
TOM Figure,https://tomglobal.org/project?id=6a660d8a68db1b0013c18153,TOM Figure,"This product is designed for TOM interns, fellows, donors, partners, and visitors as a unique keepsake of their connection to the TOM community.","This project was created to provide a more engaging and memorable giveaway that better reflects TOM's mission, values, and maker culture.",This solution addresses the challenge by creating a customizable giveaway that represents TOM’s maker-focused identity and encourages greater user investment through hands-on assembly and personalization.,"Our solution is a TOM mascot figure made from interchangeable snap-together parts. Users can assemble and customize the figure with different colors and pieces, then use it as a keychain. Tools needed PC or MAC I7 + Prusa slicer Needle-nose pliers FDM Printer",Fun/Leisure,
Smart Paper,https://tomglobal.org/project?id=6a1580e84648830012af163a,Smart Paper,People with a disability in one of their upper limbs,"User knower, Kobi, a disabled veteran with limited right-arm mobility, needed a toilet paper holder for one-handed use with minimal effort and left-side placement.","In everyday life, using toilet paper is a simple and routine task. However, for individuals with limited mobility in one hand, this everyday action can become a significant challenge.","Our solution provides roll resistance, touch-free operation, and accessible installation. Tools needed PC or MAC I7 + Screwdriver set FDM Printer Soldering set Cable stripper Laser Cutter",Daily Living,
Violin Prosthesis - 3D printed version,https://tomglobal.org/project?id=5e6f8f2b94711e10b13ebdff,The PJ Prosthesis Violin Module is a 3D printed modular attachment for the original PJ Prosthesis that allows amputees to play bowed string instruments with ease. The device was designed for a violinist and should be applicable for other users wanting to play bowed string instruments.,,,,,Daily Living; Hobbies,priority; condition:amputee; bodypart:hand; technology:3D Printing; technology:sawing; assistivetool:prosthesis; general:music
Archery Prosthesis,https://tomglobal.org/project?id=64db323511cbb40cdff42ce5,"An adaptive archery device for individuals with hand amputations, offering support, flexibility, and control to safely draw, aim, and release a bow, making archery accessible to a broader range of athletes.","Adam, who experienced a work accident resulting in an amputated hand, wanted to start playing archery. This solution can also support other individuals with hand or wrist amputations who wish to participate in bow-and-arrow sports.","Adam needed a device that allows him to fully control hand movement for drawing, aiming, and releasing the arrow. The solution was precisely adjusted to his measurements to enable safe, effective, and enjoyable participation in archery.","The device supports the arm and hand while allowing full movement in the correct position for shooting. It also facilitates holding and releasing the arrow, with the option to use chin assistance for additional control, ensuring accuracy and stability.","An adaptive archery aid consisting of a rigid upper section strapped to the arm for support, a rigid lower section that holds the bow, and flexible material between the sections to allow full hand movement. This combination of rigid and flexible components provides both support and mobility. [Project formerly titled Bow and arrow] Tools needed Heavy-duty gloves PC or MAC I7 + Fusion 360 Measurement tool Clamps Screwdriver set scissors Pvc pipe cutter Nail Gun sewing machine scissors set of needles Electric Srewdriver Dremel FDM Printer",Sports,
One-handed broom,https://tomglobal.org/project?id=68457610ab4668001324c669,"This project was designed for individuals who need or prefer to work with one functional hand, providing balanced support and comfortable operation while sweeping. It features a broom with a horizontal handle for proper grip, an elastic band for support and stability, and flexible joints that enable smooth, ergonomic movement. The solution reduces pain from imbalance, supports proper posture, and even helps strengthen muscles during use.",This project is suitable for individuals who need or prefer to work with one functional hand and value balanced support and comfortable operation.,"This project is designed to enable the use of a broom and the performance of cleaning and sweeping tasks with one hand, without causing pain. The project also helps strengthen muscles and maintain a proper ergonomic posture during the activity.",The solution allows the user to work with less pain caused by imbalance and in a way that supports proper body posture.,"The solution in this project uses a horizontal handle for proper grip, an elastic band that provides support and balance during the activity, and joints that enable optimal movement. Tools needed Protective glasses PC or MAC I7 + Prusa slicer Measurement tool Screwdriver set Ratchet + Boxes set sewing machine scissors set of needles Electric Srewdriver FDM Printer",Outdoor; Daily Living; Therapy,
Upper Limb  Rehabilitation Board 2.0,https://tomglobal.org/project?id=68a49a24852c3e00128f838c,"It is a rehabilitation device consisting of a brace mounted on rails. The brace supports the patient’s hand and guides it through controlled lateral movements, enabling targeted exercises to restore and strengthen hand function.","This was designed with occupational therapists at a geriatric institute for individuals in rehabilitation who have weakened upper limbs due to injury, illness, or age-related decline.","Many geriatric patients experience reduced upper limb strength and mobility, which limits their ability to perform daily tasks independently. Traditional rehabilitation methods can be challenging without proper support, leading to slower recovery and patient frustration. A structured, supportive tool ensures exercises are performed safely and effectively, helping patients build confidence and progress more consistently.","The device provides a controlled environment for practicing spatial and lateral hand movements. By stabilizing the hand in a brace and guiding its motion along rails, it reduces strain, prevents unsafe movement, and ensures patients can focus on building strength and improving range of motion. This makes rehabilitation more accessible, safer, and more effective for patients with weak upper limbs, while also giving therapists a reliable tool to facilitate treatment.","It is a rehabilitation device consisting of a brace mounted on rails. The brace supports the patient’s hand and guides it through controlled lateral movements, enabling targeted exercises to restore and strengthen hand function.",Therapy,bodypart:hand; condition:CP; technology:3D Printing; condition:tremor; bodypart:fingers; condition:motor problems
Hand Splint,https://tomglobal.org/project?id=67c08b1830ee740012e26c29,Hand Splint,"Children with similar conditions, such as cerebral palsy, nerve impairments, muscular dystrophy, or post-injury rehabilitation needs, as well as rehabilitation patients, therapists, and caregivers.","It provides proper hand positioning, prevents complications, and offers a lightweight, customizable, and comfortable alternative to traditional splints.","Using 3D printing, the splint can be precisely customized to the child's needs, produced quickly, and at a very low cost, making it an efficient and accessible solution.","A lightweight, comfortable, and adjustable splint that is customizable to the child’s needs and affordably priced. Tools needed Fusion 360 sewing machine scissors FDM Printer",Therapy,
Universal Bottle opener,https://tomglobal.org/project?id=663262418a6785001372ab42,Universal Bottle opener,Anyone with use of one hand only,Brian had a stroke leaving his left arm paralyzed. He is looking for a way to open a bottle or jar of any size with one hand.,"The device holds the bottle or jar down securely, allowing the user to twist off the lid with their dominant hand without having to use another hand to hold it down.","The device allows the user to secure the bottle or jar in the clamp, and it can be attached to any surface with the use of suction cups. Tools needed Prusa slicer Hot glue gun FDM Printer",Daily Living; Hobbies,
Accessible Graphics,https://tomglobal.org/project?id=69ad49c5904ba30012ddc634,Accessible Graphics,Students with visual impairments and blindness,"Visually impaired and blind students face major barriers in math classes, especially with graphs. Traditional 2D drawings are inaccessible, making it incredibly hard for them to understand visual mathematical concepts and leaving them behind","The kit turns abstract math into a physical experience. By creating instant embossed lines, visually impaired and blind students can literally ""see"" graphs with their hands in real-time. This bridges the educational gap and allows equal learning","An accessible tactile drawing kit. It uses a special rubber pad and a pen. When a teacher or student draws on a standard paper placed over the pad, the lines instantly rise into a clear physical relief that can be fully explored by touch Tools needed Measurement tool Screwdriver set Stanley knife Hot glue gun",Daily Living,
Folding table for a wheelchair,https://tomglobal.org/project?id=66bdb1d51eafbd0012398aa2,"This project is for people with upper limb weakness or paralysis, who are at risk of shoulder subluxation. The solution is a few 3D-printed parts to help connect a ready-made transparent folding table securely to a wheelchair. This allows users to get in and out more independently and also meets caregivers’ needs for visibility and ease of use.",People with neurological damage - paralysis/weakness in the upper limb (leads to subluxation in the shoulder).,Today in rehabilitation they use a full table that does not allow exit and entry without the help of a therapist/family member,"The solution allowing people with neurological impairment to be more independent in space, to get out and get into the wheelchair and is transparent according to the requirements of the caregivers",A transparent folding table that conveniently connects to a wheelchair Tools needed Prusa slicer Screwdriver set Pliers Cutter Hammer FDM Printer,Daily Living,
Arm Prosthesis - GripEase,https://tomglobal.org/project?id=67caff49aed018001306cd38,Arm Prosthesis - GripEase,"This project was designed and developed with Need Knower, Malak. Malak has lost both her right and left hands and hopes to achieve greater independence in writing, drawing, and eating.","The loss of both hands poses multiple challenges to the individual's ability to perform basic daily tasks, such as writing, drawing, and eating using utensils.","The GripEase end unit combines 3D-printed and off-the-shelf parts to create an attachment to the TOM Parametric Arm Prosthesis, enabling individuals with bilateral hand loss to hold a pen for writing and drawing or to grip a fork and spoon for eating.","This is an adjustable gripper attachment that connects to the TOM Parametric Arm Prosthesis, enabling an individual with bilateral hand loss to hold a pen for writing and drawing or to grip a fork and spoon for eating. Tools needed Prusa slicer scissors FDM Printer",Daily Living,
Hemi Independence Strap,https://tomglobal.org/project?id=69524586b4f7cc0012f886fd,Hemi Independence Strap,"Hemi Independence Strap is for people with one-sided arm/hand weakness (e.g., post-stroke) using a forearm-support walker who need a one-handed way to secure and position the affected arm safely, without help.","Needed because users with hemiparesis can’t self-attach the affected arm to a walker, delaying safe transfers. The one-handed strap enables quick, independent arm securing, earlier walker adoption, more practice, and potentially shorter rehab.","It enables one-handed, fast arm attachment to the walker: the magnetic buckle closes easily, the twist-to-tighten strap sets secure tension, and rear Velcro wraps prevent slip-out—reducing assistance, speeding transfers, and improving stability.","Hemi Independence Strap: a 3D-printed TPU walker grip with a magnetic buckle and one-hand twist-to-tighten strap, plus rear Velcro wrist wraps—allowing users to quickly and safely secure the affected arm to the walker. Tools needed PC or MAC I7 + Prusa slicer Measurement tool Pliers Cutter scissors sewing machine scissors FDM Printer",Daily Living; Therapy,
U-Cuff Right Angle Pocket,https://tomglobal.org/project?id=699cb47e1c70e200126fdb1a,U-Cuff Right Angle Pocket,Intended users of this U-Cuff Right Angle Pocket  are individuals with limited hand dexterity. This could lead to difficulty hold small items like hygiene tools.,The Shepherd Center strives to increase patients' independence when performing activities of daily living such as holding small items like hygiene tools.,"The U-Cuff Right Angle Pocket limits the need for fine motor movements when using small, handheld items at a right angle by attaching items to the hand with a custom cuff rather than requiring the fingers to grasp.","The U-Cuff Right Angle Pocket is a handheld, 3D printed device that uses a customizable, universal cuff and slotted base to secure various hand-held items to the hand. Tools needed PC or MAC I7 + Fusion 360 Prusa slicer FDM Printer",Daily Living; Therapy,
U-Cuff Mount,https://tomglobal.org/project?id=698f86c693fdb200129dfd43,U-Cuff Mount,Intended users of this U-Cuff Mount are individuals with limited hand dexterity. This could lead to difficulty hold small items like hygiene tools.,The Shepherd Center strives to increase patients' independence when performing activities of daily living such as holding small items like hygiene tools.,"The U-Cuff Mount is a handheld, 3D printed device that uses a customizable, universal cuff, Velcro straps, backing, and base to secure various hand-held items to the hand.","The U-Cuff Mount limits the need for fine motor movements when using small, handheld items by attaching items to the hand with a custom cuff rather than requiring the fingers to grasp. Tools needed PC or MAC I7 + Fusion 360 Prusa slicer FDM Printer",Daily Living,
Modified Pant Hook,https://tomglobal.org/project?id=698f6bda93fdb200129df91b,Modified Pant Hook,Intended users of this Modified Pant Hook are individuals with limited hand dexterity. This could lead to difficulty using a traditional Pant Hook device.,The Shepherd Center strives to increase patients' independence when performing activities of daily living such as using a Pant Hook device during self-catheterization.,The Modified Pant Hook limits the need for fine motor movement to manipulate the small hook on a traditional Pant Hook by adding a larger handle on the opposing side.,"The Modified Pant Hook is a handheld, 3D printed device that uses a hook on one side, and a large handle on the other. This allows the user to easily manipulate the hook onto their pants, moving them out of the way during self-catheterization. Tools needed PC or MAC I7 + Fusion 360 Prusa slicer FDM Printer",Daily Living,
Pronated Hand Cuff Stylus,https://tomglobal.org/project?id=698cfcf893fdb200129d2d10,Pronated Hand Cuff Stylus,Intended users of this Pronated Hand Cuff Stylus are individuals with limited hand dexterity. This could lead to difficulty holding a stylus pen for electronics.,The Shepherd Center strives to increase patients' independence when performing activities of daily living such as using a stylus pen.,"The Pronated Hand Cuff Stylus limits the need for fine motor control and when holding a stylus pen, often during cellphone or computer keyboard typing, by adding a hand cuff attachment.","The Pronated Hand Cuff Stylus is a handheld, 3D printed device that uses hand cuff and cylindrical slot a to allow the user to easily hold and move an inserted stylus with a pronated hand position without fine motor movement. Tools needed PC or MAC I7 + Fusion 360 Prusa slicer Vise grip Pull saw FDM Printer",Daily Living,
Shower Head Handle,https://tomglobal.org/project?id=6978ed6c1b6a700014223890,Shower Head Handle,Intended users of this Shower Head Handle are individuals with limited hand dexterity or grip strength which make it difficult to grasp a shower head without assistance.,"Traditional shower handles are rounded, required considerable hand dexterity and grip strength to utilize. This project allows the user a custom handle for independence while using a shower handle.",The Shower Head Handle limits the need for hand dexterity or grip strength when operating a shower head by using custom splinting attached to the hand rather than a small cylindrical stem.,"The Shower Head Handle is a custom, 3D-printed device that uses a curved base, clamps, and slots for custom splinting material. This attaches to most shower heads and secures to the user's hand. Tools needed PC or MAC I7 + Fusion 360 Prusa slicer Screwdriver set scissors Hot air blower FDM Printer",Daily Living,
Assistive Seatbelt Handles,https://tomglobal.org/project?id=6a0111cd1311e800134532de,Assistive Seatbelt Handles,Wheelchair users unable to close their seatbelts independently due to limited dexterity,"Saif has a condition called Ullrich Congenital Muscular Dystrophy. Many wheelchair users, including Saif, experience limited dexterity, grip strength, or range of motion that makes operating standard seatbelt buckles difficult.",The solution addresses dexterity limitations through a custom mechanical attachment that fits onto both the buckle and tongue of a standard wheelchair seatbelt. The device provides handles to assist in leverage and guidance when fastening the buckle,"Our solution is two 3D-printed handles that mechanically clamp onto each side of the seatbelt buckle. These parts secure the seatbelt tongue and buckle, as well as provide an ergonomic handle on each side. Tools needed PC or MAC I7 + Prusa slicer Measurement tool Screwdriver set FDM Printer",Daily Living,
Long Shower Brush Handle,https://tomglobal.org/project?id=69713e34fe805a00136240e3,Long Shower Brush Handle,"Intended users of this Long Shower Brush Handle are individuals with limited hand dexterity or grip strength, which makes it difficult to grasp a shower brush handle without assistance.","Traditional shower brush handles are thin, requiring considerable hand dexterity and grip strength to utilize. This project allows the user a custom handle for independence while using a shower brush.",The Long Shower Brush Handle limits the need for hand dexterity or grip strength when operating a shower brush by using custom splinting attached to the hand rather than a thin stem.,"The Long Shower Brush Handle is a custom, 3D-printed device that uses clamps and slots for custom splinting material. This attaches to most long shower brushes and secures to the user's hand. Tools needed PC or MAC I7 + Fusion 360 Prusa slicer Screwdriver set scissors Hot air blower FDM Printer",Daily Living,
One-Hand Hair Puller,https://tomglobal.org/project?id=69305b66e66f230013bd7d2e,"The device enables users to create two hairstyles independently: a tight half-pony or a full hair-gathering style that lifts the hair off the nape of the neck. The result is a neat, elegant, and elevated look — fully achievable with one hand.",This product is designed for people with one active hand.,"Many hairstyles and hair-gathering actions typically require two hands. This can make it challenging for people with one-handed mobility to style their hair independently and achieve a secure, polished look.","The solution uses an off-the-shelf, bi-directional hair comb that allows one-handed gathering of hair into a half-pony. By adding an elastic attachment to the comb, users can lift and secure all of their hair using only one hand.","The device enables users to create two hairstyles independently: a tight half-pony or a full hair-gathering style that lifts the hair off the nape of the neck. The result is a neat, elegant, and elevated look — fully achievable with one hand. Tools needed: Scissors Needle or Sewing Machine (optional)",Daily Living,condition:motor problems; condition:amputee; activity:getting dressed
SoloTail - One Hand Ponytail,https://tomglobal.org/project?id=68c804320c568b00125e4914,...,The device is designed for people who have the use of only one hand or limited mobility in one arm.,"Tying a ponytail usually requires two hands. This project enables independence in personal this action, reducing reliance on others.","It allows users to tie a ponytail using only one hand. By replacing the need for two-hand coordination with a simple pull-and-release mechanism, the device makes hair styling easier and restores independence.","A modified hair tie with elastic connected to a string. The user leans forward, while narrowing the hair tie using one hand, and then releases the string to secure the ponytail. Tools needed Measurement tool scissors",Daily Living,
Arm Height-Assist Prosthetic for Pilates,https://tomglobal.org/project?id=6a539070c2c5ad0013099fd2,Arm Height-Assist Prosthetic for Pilates,People with an upper-limb amputation at or below the elbow who need additional height and support to perform Pilates exercises safely and effectively.,"This project is needed because people with an elbow amputation may have uneven shoulder and back height during Pilates exercises. The prosthetic helps equalize body position, improving balance, posture, stability, and exercise performance.","The 3D-printed prosthetic restores the missing height at the arm, helping keep the shoulders and back level during Pilates exercises. This improves balance, posture, stability, and overall exercise performance.","The solution is a lightweight, 3D-printed prosthetic that provides additional height and support during Pilates exercises, helping users maintain proper body alignment and perform movements more comfortably. Tools needed PC or MAC I7 + Prusa slicer Metal scissors scissors sewing machine FDM Printer",Sports; Therapy,
Adam's Chair,https://tomglobal.org/project?id=699ff71b68a01800124f2567,Adam's Chair,The chair is designed for children with motor impairments who are unable to sit independently and safely.,"Rehabilitative kindergartens have assistive devices for children with disabilities, but many are general solutions. Children with complex impairments need dedicated devices tailored to their bodies and specific needs.","A custom birch CNC-made chair with four leg straps, a waist belt, and asymmetrical side supports ensures Adam’s stable posture while preserving upper-body mobility. With wheels, handle, and Skai upholstery, it is practical and easy for staff use.","A floor chair designed for children with special needs, allowing safe and independent sitting while preserving freedom of movement for play and learning. Tools needed Protective glasses Prusa slicer Screwdriver set scissors Staple gun Stanley knife Nail Gun sewing machine scissors Electric Srewdriver Agle Grinder Circular saw FDM Printer CNC Machine Laser Cutter",Therapy,
Adaptive Toddler Bike,https://tomglobal.org/project?id=68f27fb55f375b0014e2abcb,Adaptive Toddler Bike,The bike is ideal for small kids ages 3 to 6 that have leg weakness or neurological issues that need additional support to bike. It aids in leg strengthening and body and foot stabilizing for comfort and safety.,"Noah's bike was improved for comfort, safety, and therapeutic benefits. Enhancements include a wider seat for stability, back support for posture, a fixed rear tire for muscle engagement, foot holders for security, and a parent handle for assistance.",Start with a 12-inch bike with training wheels. Modify a backrest seat by extending the support bars. Replace or weld the rear wheel's gear hub for a fixed gear. Add a guardian handle to the rear wheel or seat post.,"A modified toddler tricycle that has several features that an Amtryke has, but made at a fraction of the cost. Tools needed Heavy duty gloves Protective glasses Face shield Protective headphones PC or MAC I7 + Fusion 360 Prusa slicer Measurement tool Digital caliber Clamps Screwdriver set Allen keys set Needle-nose pliers Pvc pipe cutter sewing machine scissors set of needles Electric Srewdriver FDM Printer CNC Machine Laser Cutter",Sports,
Drawing Dreams,https://tomglobal.org/project?id=61890d8a4f10776dbe48862d,"The product supports Shani's hand, wrist, palm, and arm in a variable adjustable way so she can draw independently.
The drawing dreams solution provides a lifting for the lower arm, creates tension between the lower and upper arm, and provides a stable posture for the hand.",,,,,Daily Living; Therapy; Hobbies; Fun/Leisure,bodypart:hand; condition:CP; general:games; activity:communication; activity:eat; age:kids; activity:paint; condition:motor problems
Self-feeder Tray,https://tomglobal.org/project?id=6a57b88fe33b9b0013e25359,Self-feeder Tray,Intended users of the Self-feeder Tray are individuals with limited upper body dexterity. This could lead to difficulty with feeding themselves.,The Shepherd Center strives to increase patients' independence when performing activities of daily living such as eating.,"This solution uses 3D printed parts, a polycarbonate base, and various hardware.",The solution being offered is a tray with a linkage that can be pushed by the user's chin. The linkage will then push the food further down the feeding tray into the user's mouth. Tools needed Protective glasses PC or MAC I7 + Fusion 360 Prusa slicer Measurement tool Allen keys set FDM Printer Drill 3/16th Drill Bit,Daily Living,
Adaptive Hair Straightener,https://tomglobal.org/project?id=6a4ea0a8608e480012a5f22c,Adaptive Hair Straightener,Intended users of this Hair Straightener are individuals with limited hand dexterity. This could lead to difficulty holding and pinching items like a hair straightener.,The Shepherd Center strives to increase patients' independence when performing activities of daily living such as straightening hair.,The Adaptive Hair Straightener limits the need for fine motor movements when straightening hair. The hair straightener is instead controlled by the user flexing their wrist.,"The Adaptive Hair Straightener is a 3D printed device made of eight PETG parts, a hair straightener, and various hardware. Tools needed PC or MAC I7 + Fusion 360 Prusa slicer Screwdriver set FDM Printer",Daily Living,
Wheelchair Umbrella Holder,https://tomglobal.org/project?id=6a0e78cf4275ea0013c4aca0,Wheelchair Umbrella Holder,This device is intended for any wheelchair user who wants an umbrella holder that's attachable to their wheelchair.,"Dr. Stran and other wheelchair users have noted difficulties using a wheelchair in the rain, particularly because umbrella use while wheeling is impractical. Existing holders often lack adjustability, full-body coverage, or stability in windy conditions.",The attachment mechanism on the backframe ensures easy attachment while preventing obstruction of the user’s movement. The chamber mechanism provides an accessible way to insert the umbrella and is designed to maintain stability even in windier weather.,This wheelchair umbrella holder consists of an easily attachable mechanism that sits on the wheelchair's backframe and two cylindrical chambers designed to hold the umbrella. Tools needed PC or MAC I7 + Fusion 360 Prusa slicer Electric Srewdriver FDM Printer,Outdoor,
Adaptive Golf Glove,https://tomglobal.org/project?id=69be14fd12b3ce0012467de7,.,"Any Golfer who experiences arthritis, joint pain, weakness of grip, multiple sclerosis, etc.","As many golfers age, their grip strength weakens and they develop joint pain. By enhancing grip support and minimizing joint stress, this product can help golfers play comfortably and confidently with less pain and fatigue.","A BOA dial on the back of the hand tightens built-in laces to create tension, reducing grip force needed. Compatible with all gloves, it supports golfers with arthritis, injuries, or weak grip, improving comfort and reducing join stress, pain, and fatigue.","A universal golf glove attachment converts rotational twist into linear tension, reducing grip strain. Ideal for golfers with arthritis or weak grip, it improves comfort and consistency. A design that accounts for difference in hand size and anatomy Tools needed sewing machine scissors set of needles",Sports,
FetchBand,https://tomglobal.org/project?id=69afca2e904ba30012debd63,.,People with mental or physical disabilities and want a device that enables them to move around and to have fun.,Many people want to get their students moving with other students. Due to their disabilities many are limited in what kind of activities they can do or want to participate in. A lot of these athletes do not have the ability to recollect balls once thrown.,"This solution is a very appealing to the students due to the ball attachments and colors. The device is also relatively easy to use due to how simple it is. This allows the user to play with the device any way they desire to, thus keeping them engaged.",A device that encourages a repeated throwing or kicking motion with an auto return function. Tools needed Measurement tool RingOpen key set scissors Stanley knife set of needles,Sports; Outdoor; Fun/Leisure,
Hands-Free Entry,https://tomglobal.org/project?id=5e7caac2700d243bd850e08e,COVID-19 can remain on surfaces for 1-21 hours. The Materialise 3D printed hands-free door opener removes the need for direct contact with door handles by making it possible to open and close doors using your arm. The design can be attached to existing door handles without drilling holes or replacing the original handle. The opener comes in eight different models to accommodate various types of doors and handles. You can view all available models for download in the infographic below.,,,,,COVID19,technology:DIY; priority; bodypart:hand; condition:hygiene; technology:3D Printing; general:handle; general:door
Deodorant Holder,https://tomglobal.org/project?id=69712b64fe805a00136225f3,Deodorant Holder,Intended users of this Deodorant Holder are individuals with limited hand dexterity or grip strength. This could lead to difficulty applying deodorant.,The Shepherd Center strives to increase patients' independence when performing activities of daily living such as applying deodorant.,"The Deodorant Holder is a handheld, 3D-printed device that uses a clamp and a slot for custom splinting material, which is molded to the user's hand. This supports the user in easily applying deodorant.","The Deodorant Holder limits the need for fine hand control or grip strength when applying deodorant by using a custom handle extension rather than holding the thin, cylindrical product. NOTE: two sets of files are uploaded (smaller or larger deodorant). Tools needed PC or MAC I7 + Fusion 360 Prusa slicer Measurement tool scissors Hot air blower FDM Printer",Daily Living,
Skeleton chair for sitting,https://tomglobal.org/project?id=61d5b0dc80d3da1fe566f3f7,A chair with the side supports which are meant to keep a person as in more upright position and prevent further bending of the spine over time.,,,,,Daily Living,condition:paralysis; condition:CP
One-2-Go (Portable Adaptive Toilet),https://tomglobal.org/project?id=618a7a074f10776dbe488630,"This portable adaptive toilet seat is an extremely supportive seat
construction with universal adaptability into any bathroom. It is very
simple, and the portability is greatly increased over commercial
options. Strong, Light, Durable, Portable.",,,,,Daily Living,condition:CP; technology:3D Printing; general:toilet; age:kids
Soft Surfing Prosthesis,https://tomglobal.org/project?id=66dda7315eb08d00120b7ad3,A soft prothesis sleeve with an off-the-shelf plastic paddle to help paddle and swim during surfing.,"Max joined TOM through the ""Next Step Foundation."" He works at an advertising agency in 'Reuveni Pridan' as a graphic designer. Max asked us to design a prosthesis for him, with an attachment for paddling in water and surfing.",Max needed a soft prosthesis that was durable enough to withstand the ocean and that allowed fluid movement.,This solution offers a durable soft waterproof option that allows Max full arm movement in the water.,"We concentrated on the development of a soft prothesis that had a modular end piece option. In Max's case, he pairs the soft sleeve with an off-the-shelf paddle. Tools needed sewing machine scissors",Sports; Hobbies; Fun/Leisure,
Accessible Taki,https://tomglobal.org/project?id=697638f41b6a7000142152b7,Accessible Taki,"Visually impaired and blind kids, their sighted friends, families, and schools that want everyone to play together naturally.","Taki is a super popular card game, but it uses only visual colors and numbers. Right now, visually impaired and blind kids cannot play it without asking a friend to read their cards. This ruins the secret of the game and takes away their independence.",Visually impaired and blind players can now hold and read their cards secretly using their fingers. They can also find the draw and discard piles easily. This turns Taki into a fully independent and shared game with sighted friends.,"A comprehensive industrial accessibility kit featuring Braille-embossed Taki cards, 3D-printed ergonomic card holders for fingertip scanning, and a central deck organizer to bound the gameplay area. Tools needed PC or MAC I7 + Fusion 360 Prusa slicer FDM Printer",Hobbies; Fun/Leisure,
Adaptive Arm Harness for Upper-Limb Amputees,https://tomglobal.org/project?id=6a53c2e4c2c5ad001309c3f5,Adaptive Arm Harness for Upper-Limb Amputees,"People with an upper-limb amputation who need a harness to securely hold an arm support strap during Pilates exercises. The harness provides stability, comfort, and improved support while exercising.","This project is needed because people with an upper-limb amputation need a secure way to hold their arm strap during Pilates. The harness provides stability and comfort, allowing them to exercise safely and confidently without worrying about the strap.","The harness securely holds the arm support in the correct position throughout Pilates exercises. This prevents slipping, improves stability and comfort, and allows users to exercise safely and confidently.","The solution is a lightweight, adjustable harness that securely holds an arm support or strap in place during Pilates exercises, providing stability, comfort, and freedom of movement. Tools needed sewing machine scissors",Sports; Therapy,
Wrist-Worn Drawing Aid,https://tomglobal.org/project?id=6798b2f030ee740012dadf77,Wrist-Worn Drawing Aid,This product is meant for anyone with hand motor challenges,This product is needed because it provides an accessible way for individuals with hand motor disabilities to express themselves through drawing,"Instead of requiring the user to grip a drawing tool, this solution wraps around the wrist, allowing for movement-based drawing. This makes drawing more accessible and reduces physical strain",A drawing tool that enables people with hand motor disabilities to draw independently and comfortably Tools needed PC or MAC I7 + Prusa slicer scissors set of needles FDM Printer,Hobbies; Fun/Leisure,
Foon: a Freedom Spoon to Prevent Spills,https://tomglobal.org/project?id=69a9bda2cf487200128b44d8,Foon: a Freedom Spoon to Prevent Spills,"Potential users are individuals with limited motor control, including those with tremors and involuntary movements of the hand, low dexterity, and reduced muscle strength, who have difficulties with handling utensils.","Due to cerebral palsy, Drew finds it difficult to handle utensils without spilling, leading to discomforts when eating in public. A large population face this issue, but there exists a need for accessible and affordable solutions with high functionality.","The side-to-side pivot stabilizes the spoon during hand tremors, keeping it level and reducing spills, while the large handle improves grip for better control and independent eating.","An adaptive utensil with a side-to-side pivoting spoon head that stabilizes during hand tremors, reducing spills and improving independent eating. Tools needed PC or MAC I7 + Fusion 360 Prusa slicer Screwdriver set FDM Printer",Daily Living,
Blade Lock,https://tomglobal.org/project?id=6a15d3774648830012af837c,Blade Lock,"For BLADE LOCK, the target users are individuals with limited hand mobility, reduced grip strength, neurological conditions, muscular disorders, injuries, or other physical disabilities that make it difficult to safely hold and control a kitchen knife.","BLADE LOCK is needed because many people with physical disabilities or limited hand function struggle to safely perform basic kitchen tasks that most people take for granted. Simple actions such as holding, stabilizing, and applying force to kitchen knifes","BLADE LOCK solves this challenge by attaching the knife to a wearable hand support, removing the need for active gripping and allowing users with limited hand function to safely and independently cut food.","The idea behind BLADE LOCK was to develop a wearable device that fits on the hand and removes the need for active knife gripping, enabling people with limited hand function to safely cut food independently. Tools needed Screwdriver set Electric Srewdriver FDM Printer",Daily Living,
Hands Free Makeup Applicator,https://tomglobal.org/project?id=5ca3885cb506a2297168a9b7,"The purpose of this device is to hold makeup steady via several adjustable arms, allowing the user to apply makeup by moving their face along their brushes and pencils. The device has an acrylic base, Loc-Line arms, and various makeup graspers at the top of each arm. There are also two mirrors and one arm with a rotating base.",,,,,Daily Living,condition:paralysis; bodypart:hand
90° brace for pilates,https://tomglobal.org/project?id=6a538524c2c5ad0013099525,90° brace for pilates,"People with a paralyzed or non-functional arm who have little or no movement or sensation. The brace keeps the arm bent at a 90° angle, allowing them to safely lean on it and perform Pilates exercises with greater stability and support.","This project is needed because people with a paralyzed or non-functional arm cannot keep their elbow bent during some Pilates exercises. The brace holds the arm at a 90° angle, providing support, improving stability. enabling safer, more effective exercise","The 3D-printed brace keeps the elbow securely at a 90° angle, providing the support needed for Pilates exercises. It allows users with a paralyzed or non-functional arm to safely bear weight on the arm, improving stability, safety, and independence.","The solution is a lightweight, 3D-printed brace that holds the elbow at a 90° angle. It provides stable support during Pilates exercises, allowing users with a paralyzed or non-functional arm to exercise more safely and comfortably. Tools needed PC or MAC I7 + Prusa slicer FDM Printer",Sports; Therapy,
harness for pilates with one arm,https://tomglobal.org/project?id=6a534ba3608e480012a691c0,harness for pilates with one arm,people with one arm or one working arm that want to do pilates,"This project is needed because, during certain Pilates exercises, the user works with only one side of the body at a time. As a result, the pulling force is not symmetrical, which can lead to uneven movement and reduced exercise effectiveness.","The Pilates harness has a ring on each side around the arm area. These rings allow the rope being pulled by one arm to be attached to the opposite side, so that both sides of the harness are pulled forward at the same time. This creates balanced movement a",a harness Tools needed Metal scissors scissors Stanley knife sewing machine scissors set of needles FDM Printer,Sports; Therapy,
Wonder Rope,https://tomglobal.org/project?id=6a13273348a89f0012693b80,Wonder Rope,children with limited mobility who cannot easily reach toys independently,"The system is customizable, enabling families to change and adapt different sensory toys according to the child’s reactions and preferences, creating shared interaction and emotional connection.",By developing a mechanical component designed to enhance the usability and positioning of a camera/imaging system.,Our GIC project focuses on improving accessibility and independence for people with physical disabilities Tools needed Cutter,Therapy,
Adapted Finger Loom,https://tomglobal.org/project?id=67e2fdf8256ef900139946fa,Adapted Finger Loom,For people with limited dexterity and impaired hand function who wish to weave using a loom.,"Linda is a 68 year old woman with athetoid cerebral palsy who has enjoyed weaving all her life.  As she's gotten older, it has become increasingly difficult for her to use both traditional and adapted loom hooks.","Digitally-designed 3D printed pegs with hollow cavities allow her to use her finger to weave the yarn instead of a hook tool. The loom also slides laterally and locks in place with ease, allowing smooth progression as she weaves.","An adapted finger loom tailored to her abilities allows her to weave using only her fingers, eliminating the need for hand tools. Tools needed PC or MAC I7 + Screwdriver set FDM Printer",Hobbies,
Adjustable Gripper for tetraplegics,https://tomglobal.org/project?id=66ca265a2447740012ed26b4,Adjustable Gripper for tetraplegics,"People suffering from tetraplegia, upper limb paralysis and individuals with limited arm movement","Due to the lack of solutions on the market that allow for the adjustment of the size of grasped objects. It is fully customizable, allowing it to be tailored to the exact dimensions of the user's hand. It provides independence.","The mechanism is based on  movements of the wrist extensor or flexor, which cause bushes to tighten, allowing person to carry and catch things and become more independent.","Adjustable gripper is designed for individuals with limited hand mobility, allowing them to grasp and carry objects of various sizes, including heavier items. Tools needed Fusion 360 Prusa slicer Screwdriver set Allen keys set Pliers FDM Printer",Daily Living,
Sensory Arm Roller,https://tomglobal.org/project?id=65c628829c60ec10f91633d3,Sensory Arm Roller,Kaylee is an 8-year-old active girl who has been diagnosed with Autism and sensory processing difficulties.,"Many children with autism and sensory processing difficulties require additional tactile and deep pressure (proprioceptive) input to meet their sensory needs in order to effectively engage in daily living tasks including academics, self-care, and play.",The Sensory Arm Roller provides Kaylee with an opportunity to independently apply the amount of deep pressure input to meet her sensory system needs and promote self-regulation by simply rolling her arms and hands through the device.,The Sensory Arm Roller is comprised of a wooden frame with foam rollers that are secured with bungee cords that have been graded for proper tension. The device provides controlled sensory pressure / compression input to the user's arms and hands. Tools needed Protective glasses Measurement tool Screwdriver set Pvc pipe cutter Jigsaw,Daily Living,
Rigid Surfing Prosthesis,https://tomglobal.org/project?id=64db3b6d11cbb40cdff43866,"This project is a prosthesis created for Itamar Meyuhas, a 35-year-old surfer from Kedumim, Israel, who lost his right hand below the elbow and has partial function in his left hand. The device provides two key functions: balanced paddling with both arms and a secure push-off point to perform the pop-up movement when catching a wave. While designed specifically for Itamar, the solution could serve other surfers with upper limb differences who want to maintain independence and improve performance in the water.","This prosthesis was designed for Itamar Meyuhas, a 35-year-old from Kedumim, Israel, whose right hand was amputated below the elbow and who is also missing a finger on his left hand. He works as a DJ at events and weddings, spends a lot of time with computers, and enjoys surfing. While created for Itamar, this solution could be used by other surfers with upper limb differences who want a way to paddle efficiently and safely perform the pop-up movement.","Surfing requires powerful and balanced paddling as well as the ability to quickly transition from lying to standing on the board. With one full arm and partial use of the other hand, Itamar faces difficulty generating enough propulsion when paddling into a wave, and the pop-up into a standing position is especially slow and challenging. Without support, this limits his ability to catch waves consistently and independently. The prosthesis addresses both challenges by giving him a way to paddle with both arms and a stable anchor point to push off during the pop-up.","The prosthesis is designed to provide both paddling efficiency and pop-up support. It fits securely on Itamar’s residual limb and extends forward to function as an adaptive fin-like extension. While lying on the surfboard, the device allows him to row with both sides of his body in a balanced way. When transitioning to standing, the prosthesis is strong and stable enough to bear weight, giving him a solid point of leverage to push off from. This dual functionality makes it possible to both catch waves more effectively and stand more fluidly.","A surfing prosthesis that enables limb-different surfers to paddle evenly and perform a faster, more stable pop-up. By combining propulsion support and a weight-bearing design, the device expands access to surfing for individuals with upper limb amputations or limited arm function. Tools needed Protective glasses PC or MAC I7 + Measurement tool Digital caliber Needle-nose pliers sewing machine scissors set of needles FDM Printer",Sports; Outdoor; Hobbies; Fun/Leisure,
Team Michelle- Calligraphy,https://tomglobal.org/project?id=5e3b942bd848736b09554581,"The purpose of this device is to enable people without any body mobility to paint
(Japanese calligraphy in this specific example) by using eye tracking software on a
computer to control a paint brush attached to a robotic machine.",,,,,Hobbies,condition:paralysis; assistivetool:wheelchair; bodypart:full body; technology:app; activity:paint; technology:eye tracking
Adjustable Music Station,https://tomglobal.org/project?id=650f2d0fed09cf6fe1bcd530,Adjustable Music Station,"Susanna is a 5-year-old with an undiagnosed condition. She is in a wheelchair (can't walk/stand), struggles with seizure-like activity, and has very limited communication (non-verbal without devices).","Susanna loves bells and chimes, but the only accessible chime structure is at a playground near her house. She doesn't have a music set-up at home she can play with independently.",The solution will allow Susanna to play with the things she loves in all of her different seating positions.,Our proposed solution is a portable music station that Susanna can play with independently. Tools needed Protective glasses Fusion 360 Measurement tool Hammer Pvc pipe cutter scissors Electric Srewdriver Hot glue gun Laser Cutter,Therapy; Hobbies; Fun/Leisure,
Toddler Mobility Trainer Rev 1.0,https://tomglobal.org/project?id=61dac0e880d3da1fe566f413,A wheelchair designed for young children to help enable more independence within the home environment.,"Children aged 6 months to 3 years old, living with physical challenges, having difficulty moving independently in their house.","Currently, there is no solution for this problem.",This product will enable them to move more independently within their home. Tools needed CNC 3D printer Polishing machine Electric screwdriver Drill *optional* (stand drill might be easiest and safest) With a 2.5mm twist bit and Phillips Head bit Plywood birch - Scrap (16mm-20X20cm) Hack saw (to cut metal) Hammer *optional* Ruler Pencil Desktop clamps *optional* Ratchet *optional* Pliers Flathead screwdriver Mat for painting Bill of materials Please see detailed BOM and printing models in the downloadable product file. Estimated time to make 25 minutes of print time 1.5 hours of assembly time Limitations Pay attention to safety cautions throughout the assembly guide!,A wheelchair suitable for younger ages for the home environment.,Daily Living; Therapy; Outdoor,assistivetool:wheelchair; technology:3D Printing; condition:walking problems; age:kids; condition:motor problems
Sensory Regulation Station,https://tomglobal.org/project?id=69d6cf1b61f3260013b2edcb,Sensory Regulation Station,Children with sensory processing difficulties and classroom teachers,Sensory regulation is important for many children with ASD and other children with diagnoses involving sensory processing. This project helps them to stay regulated and calm in a chaotic classroom environment.,It will allow children to feel regulated,Sensory Regulation Station that can go on a table Tools needed Measurement tool Pvc pipe cutter Hot glue gun FDM Printer,Fun/Leisure; Therapy,
Button (Large Adaptive Switch),https://tomglobal.org/project?id=69c44645de5fbf00127917be,Button (Large Adaptive Switch),"This button has a wide variety of potential users. Anyone who could use a large button to activate electronics such as Go-Baby-Go style cars, electronic toys, etc.",This project was designed to create a substitute for existing expensive solutions. AMT Club was using adaptive buttons for Go-Baby-Go style cars and wanted a cost-effective solution to make these projects accessible to more kids.,The large surface area and soft TPU springs allow the button to be easily pressed,A easy to assemble and 3D-Printable button. Tools needed FDM Printer Soldering set Cable stripper,Daily Living; Therapy; Hobbies; Fun/Leisure,
Adaptive Golf Prosthetic,https://tomglobal.org/project?id=69b746c425f26c0013f6a488,.,One-armed golfers,"There are very limited adaptive devices available for upper limb amputees who play golf and currently no devices exist for one-armed golfers who still have both arms, but one is non-functional such as with Sean.",The prosthetic is designed to perform the functionality of the missing arm during a golf swing by providing stability to assist the functional arm.,This solution is a lightweight 3D printed prosthetic arm that attaches to the user through a shoulder harness and then directly attaches to the golf club. Tools needed PC or MAC I7 + Prusa slicer Measurement tool Screwdriver set set of needles FDM Printer,Outdoor; Sports,
Adaptable Guitar Pick,https://tomglobal.org/project?id=5dd41c9cd848736b095541b7,"The project started at the second TOM:Vanderbilt makeathon, in 2019. Linden Reeder, who was born with radial club hand in his right hand, wished to play a guitar but had no reasonable way to grip his pick. The first iteration was made at this makeathon, and Linden used it for a year and learned to play. He realized during this time that the sound quality was not desirable, and the two rings on the original design forced him to hold the pick too firmly, messing with control and sound quality. At the third annual TOM:Vanderbilt pretom, we came up with a thicker, more ergonomic design. Original prototypes were made from play-doh by Linden and 3D printed by Gavin Yun and Sam Lazarus. Then multiple prototypes were created at the makeathon itself, some from insta-morph plastic, the rest 3D printed. The 3D printed iterations required additional assembly. The final version was created on the last day of the makeathon.
The final product is a 3D printed casing ergonomically created to allow for long term, easy gripping of a pick. The holder has a concavity on each side to aid in grip and comfort. There are two 1/8th inch rubber linings inside the casing that holds the pick, and 2 m3 screws that hold the pick in place.",,,,,,
Comfortcall - accessibility distress button,https://tomglobal.org/project?id=656f2ba0b5e3760523ec0b1c,A hospital emergency call button that connects to any area of the hospital bed and is adaptive to a variety of injuries and disabilities.,The need knower is a occupational Therapist in Ichilov Hospital that is familiar with different patients with different cases of motoric limitations.,"Pressing an emergency button is a basic need for anyone who wants to call for help, some people cant do it because of motoric limitations caused by the injury or natural faults( errors) of the body.",The solution will make the pressing easier,"we are offering an easier way to opperate the existing emergency button. The buttons will respond to gentle and deliberate touch, rough movement of a limb and The button will be able to connect to any area of the bed. Tools needed PC or MAC I7 + Prusa slicer Cutter FDM Printer",Therapy,
Activate Arm,https://tomglobal.org/project?id=640d32e26377df4983cb4a60,Activate Arm,"Aidan is 10 years old and has hemiplegic cerebral palsy affecting the right side of his body. He enjoys gaming, animation, anime, comedy and martial arts.","Aidan's right hand is difficult to use. Some of the muscles are difficult to communicate with. This leads to him favouring his left hand. Exercising and using his right hand more would increase his autonomy, his capabilities and promote healthy growth.","Occupational therapist, Sue Berres, identified the loose, inactive wrist as the main barrier to hand use for Aidan. The elastic supports wrist extension. Inspired by Aidan's ideas for a cyborg arm, the electronics add new reasons to engage the arm.","An elastic-powered wearable to support the hand in a functional position, enabling hand and finger use. The wearable also features electronics that activate in response to motion, giving the arm new powers and reasons to move. Tools needed Protective glasses PC or MAC I7 + Fusion 360 Measurement tool Digital caliber scissors scissors scissors scissors scissors scissors scissors sewing machine scissors set of needles Stand Soldering set Voltmeter Cable stripper",Daily Living; Therapy; Hobbies; Fun/Leisure,
Whlight Cane,https://tomglobal.org/project?id=699ece659db1ac001211b0f7,Whlight Cane,People who usually carry a white cane and want to walk or hang out with friends without worrying about the time.,"Walking at night with a white cane makes it difficult to see one's path due to the darkness. Currently, he uses smartphone lights, but this requires one hand, causing safety risks.",make a hands-free lighting system,We are developing a hands-free lighting system that integrates a light into the white cane. Tools needed Fusion 360 FDM Printer,Daily Living,
Huga,https://tomglobal.org/project?id=6a15abe94648830012af45d0,Huga,one- handed parents,"Most baby carriers are designed for two-handed use and are not accessible to many disabled parents. This project promotes independence, safety, inclusion, and parent-child bonding.",The baby is secured to the carrier on a surface and only then does the parent wear it. all operation is done with one hand.,An accessible baby carrier designed for parents with one working hand. Tools needed Measurement tool scissors sewing machine scissors set of needles,Daily Living,
Sip-and-Puff Drive Mouthpiece,https://tomglobal.org/project?id=699cd4521c70e200126ff293,Sip-and-Puff Drive Mouthpiece,Intended users of this Sip and Puff Drive Mouthpiece are individuals that use a sip and puff system to drive a power wheelchair.,The Shepherd Center strives to increase patients' independence when performing activities of daily living such as using a powered wheelchair.,"The Sip and Puff Drive Mouthpiece decreases lip strain when using a sip- and-puff straw by adding a larger surrounding cone to supplement the smaller, traditional straw size.","The Sip and Puff Drive Mouthpiece is a small, 3D printed device that uses an attachable cone shape to allow the user to easily blow into an existing sip–and-puff straw. Tools needed PC or MAC I7 + Fusion 360 Prusa slicer FDM Printer",Daily Living; Therapy,
Switch-Adapted Sloth,https://tomglobal.org/project?id=65c53714f89bc4648f7d7c38,Switch-Adapted Sloth,Helen is an eight-year-old with cerebral palsy and epilepsy. She loves making noise and moving but isn't great at directing her movements.,Helen loves toys but doesn't have many that are accessible for her. This project will adapt an interactive sloth stuffed animal so that Helen will be able to activate its light and music buttons.,The project will allow Helen to play with an interactive plush toy she otherwise wouldn't have been able to play with.,We are rewiring the toy's buttons such that they can be activated by an external button switch. Tools needed Screwdriver set set of needles Hot air blower Hot glue gun FDM Printer Soldering set Cable stripper,Fun/Leisure,
Adaptive Saddle,https://tomglobal.org/project?id=698e649193fdb200129de17e,.,Need Knowers that enjoy horseback riding!,"During her physical therapy sessions, Molly is working towards riding with less support from side walkers. This project is deisgned to have wedges and handles to facilitate keeping proper form on the horse, and increase independence when riding.","By adding these components to the saddle pad, Molly will have the support she needs to be a more independent rider.","Forearm support from the wedges, handles for grip, and trunk support from the pillow. Tools needed Measurement tool scissors sewing machine scissors set of needles",Sports; Therapy,
Power Chair Toggle Switch Lever,https://tomglobal.org/project?id=69ab1960904ba30012dd2bcb,Power Chair Toggle Switch Lever,Intended users of this switch lever are individuals with limited hand dexterity or range of motion. This could lead to difficulty when operating a power wheelchair.,The Shepherd Center strives to increase patients' independence when performing activities of daily living such as using a power wheelchair.,The Power Chair Toggle Switch Lever limits the need for a pinching motion when turning a power chair's toggle switch by adding an extension piece. NOTE: there are four different sets of files posted to accomodate different types of power wheelchairs.,"The Power Chair Toggle Switch Lever is a small 3D printed device that uses a horizonal switch extension, fastened with a set screw, to allow the user to easily use a power wheelchair's toggle switch. Tools needed PC or MAC I7 + Fusion 360 Prusa slicer Allen keys set FDM Printer",Daily Living,
Accessible Bra for People with Limited Hand Mobility,https://tomglobal.org/project?id=64459895abd8c804e3215c2b,Accessible Bra for People with Limited Hand Mobility,Ruby is a 14 years old girl who has trouble using one side of her body. She especially experiences difficulties in putting on a bra without assistance as the current bra design is not user friendly to people without two hands mobility.,"Bras are an important piece of clothing. However, the design of bras proves to be unfriendly even for people with full access to their hands. For women who has limited hands mobility, putting on a bra independently is still difficult.",Our design allows the users to single-handedly put on any bra of their desire without external help or bulky contraptions. The modification preserves the comfort of bras and stays invisible under the person's garment.,"Our solution is a simple and cheap modification to any bras. It consists of a knot mechanism, which holds the bra straps in place and velcro attachment on the bra straps to allow for easy single-hand attachment and detachment. Tools needed Measurement tool Needle-nose pliers scissors sewing machine",Daily Living,
Inclusive DJ controller kit,https://tomglobal.org/project?id=65c1fbd3f89bc4648f7cece4,Inclusive DJ controller kit,Rotem is a professional DJ. As a result of his injury it became harder for him to preform certain action with the controller panel.,"As part of the recovery process, Rotem wishes to go back to his Job and preform as a DJ. The kit we developed aids him with turning and pressing some of the knobs on the board.","The shape of the knobs enable the user to turn them without a pinch motion, and the splints allow the user to press and apply pressure on a button without the fingers unintentionally folding","Within this kit are two solutions, one are 3d printed knobs the replace the existing ones, and the other is a single and a double finger splint the ""locks"" the finger joints. The knobs are made to fit Pioneer XDJ-RX2, Size can be changed in Solidworks. Tools needed PC or MAC I7 + Prusa slicer Measurement tool Digital caliber FDM Printer",Hobbies,
Right Angle U-cuff Mount,https://tomglobal.org/project?id=699cb5001c70e200126fde58,Right Angle U-cuff Mount,Intended users of this Right Angle U-Cuff Mount are individuals with limited hand dexterity. This could lead to difficulty hold small items like hygiene tools.,The Shepherd Center strives to increase patients' independence when performing activities of daily living such as holding small items like hygiene tools.,"The Right Angle U-Cuff Mount limits the need for fine motor movements when using small, handheld items at a right angle by attaching items to the hand with a custom cuff rather than requiring the fingers to grasp.","The Right Angle U-Cuff Mount is a handheld, 3D printed device that uses a customizable, universal cuff, Velcro straps, backing, and base to secure various hand-held items to the hand. Tools needed PC or MAC I7 + Fusion 360 Prusa slicer Screwdriver set Pliers FDM Printer",Daily Living; Therapy,
Sergeys Monofin prosthesis,https://tomglobal.org/project?id=6812366f77611400126d7a0e,"We offer a prosthetic monofin attachment designed to enhance the swimming and diving experience for individuals with a limb difference, providing balanced propulsion and improved efficiency.","The prosthetic monofin attachment could serve a wide range of users in the adaptive sports community, including swimmers and freedivers who require additional support to reduce strain and enhance performance in the water.","Sergey, a freediver with one shorter leg, faced strain from one-sided swimming. This custom monofin prosthesis enables balanced, full-body movement, reducing fatigue and injury risk.","This solution allows users to engage their entire body for propulsion, focusing on the core and hips rather than relying on one leg. It reduces strain, improves balance, and enhances efficiency, addressing the challenges of fatigue and injury risk.","We offer a prosthetic monofin attachment designed to enhance the swimming and diving experience for individuals with a limb difference, providing balanced propulsion and improved efficiency. Tools needed Protective glasses Face shield PC or MAC I7 + Prusa slicer Measurement tool Digital caliber sewing machine scissors Electric Srewdriver FDM Printer",Sports; Outdoor; Hobbies; Fun/Leisure,
Hand Cycle Palm Strap,https://tomglobal.org/project?id=643e90087d27a3158a395cf4,Straps that will connect the rider's palm to the handlebars,Some of the symptoms of multiple sclerosis are muscle weakness. Our hand accessory helps this weakness by adjusting the hand to the bicycle handlebar.,Hand accessory for riding a hand bike.,This solution is ideal for this challenge,Straps that will connect the rider's palm to the handlebars Tools needed PC or MAC I7 + Measurement tool Digital caliber Metal scissors scissors sewing machine scissors set of needles FDM Printer Laser Cutter,Sports,
Dr. Stran's Wheel Cover,https://tomglobal.org/project?id=678431ad30ee740012d60e8c,"Snap-on off-road wheel covers for wheelchair users, providing independence, quick setup, and improved traction on rough or muddy terrain. Ideal for outdoor enthusiasts who want a safe and convenient solution for off-road mobility.","Dr. Stran is the Director of the Adapted Athletics faciltiy at UA. She often goes on outdoor trips and hikes with rough terrain. This product is for wheelchair users who would like ""shoes"" to cover their wheels on rough or muddy terrain.","Existing solutions require Dr. Stran to be assisted in switching her regular wheelchair tires with another set specifically for offroading each time she went out. This product gives her independence in switching her tires, safely and quickly.","By acting as ""shoes"" over a user's wheel, our product substitutes the need for switching out their current wheel for a specialized off-roading one, reduces the time it takes to prepare a wheelchair user for their next offroad adventure.","The product consists of a tire of similar size as the user's existing wheel, with ends that snap together around the wheel. The user will be able to attach and detach the product without assistance. The product can be easily stored for reuse. Tools needed Protective glasses Protective headphones PC or MAC I7 + Prusa slicer Measurement tool Cutter Rubber Hammar Metal scissors sewing machine scissors set of needles FDM Printer",Outdoor; Sports; Hobbies; Fun/Leisure; Daily Living,
Adapted Bowling,https://tomglobal.org/project?id=6949487ff01c7c0013562442,.,Children with motor deficits that prevent them from participating in bowling during gym class. This could include overall weakness or lack of coordination and dexterity.,This project allows children to participate in gym class more fully and provides them with an enjoyable activity that they otherwise would not be able to engage in.,This addresses the challenge of a child having weakness and reduced fine and gross motor capabilities.,The solution we are offering is making a light-weight stand for adapted bowling. This stand would include a button that will go off and push the ball when a child presses a switch. Tools needed Protective glasses PC or MAC I7 + Measurement tool Clamps scissors Pvc pipe cutter Hot air blower FDM Printer Soldering set Cable stripper,Sports,
Rivet on Splint Pocket,https://tomglobal.org/project?id=699cb4c71c70e200126fdc94,Rivet on Splint Pocket,Intended users of this Rivet on Splint Pocket are individuals with wrist splints. This could lead to difficulty using a U-Cuff.,The Shepherd Center strives to increase patients' independence when performing activities of daily living such as using a U-Cuff.,The Rivet on Splint Pocket limits the need for finger or palm mobility when using a U-Cuff by creating a pocket for the U-Cuff that is attached to the splint.,"The Rivet on Splint Pocket is a small, 3D printed device that adds  a U- Cuff style pocket to a wrist splint with rivets for a variety of uses. Tools needed PC or MAC I7 + Fusion 360 Prusa slicer Hammer FDM Printer",Daily Living; Therapy,
Adaptive Climbing Sleeve,https://tomglobal.org/project?id=65b5a3c5f89bc4648f78e48c,"A protective, form-fitting climbing sleeve for climbers with limb differences or anyone seeking enhanced comfort and grip. It improves safety, reduces friction, and can be adapted for other high-contact sports.","This project supports climbers with limb differences, including those with upper- or lower-limb variations, by providing a form-fitting protective sleeve. It can also be adapted for other sports where friction reduction and limb protection are needed.","Dr. Retsek has an upper-limb difference, which makes climbing uncomfortable due to friction between the climbing holds and his arm. This increases the risk of injury and makes climbing more challenging. The sleeve was developed to improve comfort, reduce friction, and lower the likelihood of accidents.","The sleeve uses compressive material to provide padding while allowing a full range of motion. Grip pads are placed strategically to support high-contact areas, and the durable design reduces wear, waste, and cost compared to previous solutions.","A secure, durable, and cost-effective climbing sleeve made from compressive, form-fitting material. It includes strategically placed grip pads to protect the limb, reduce friction, and improve climbing performance indoors. [Project formerly titled The Ascent - Climbing Sleeve for Retsek] Tools needed scissors set of needles",Sports; Outdoor,
Accessible RC Car for Low Motor Skill Users,https://tomglobal.org/project?id=692d8af77ba1e40012c32dba,Accessible RC Car for Low Motor Skill Users,"Children with muscle tone and motor difficulties, for whom an accessible solution can provide a more independent way to play, participate, and feel included in their environment.",Many children with motor limitations find it difficult to use standard RC car remotes because they require precise finger movements and coordination. This can limit participation in play activities and reduce opportunities for social interaction.,"This product replaces precise hand-operated controls with larger and more accessible activation methods, reducing the need for fine motor skills and allowing users to participate in play activities more independently and comfortably.","We are offering an accessible control system for an RC car that includes foot pedals, low-profile buttons, and raised buttons, allowing users to choose the interface most comfortable for their motor abilities and range of movement. Tools needed Measurement tool Digital caliber Screwdriver set Cutter Soldering set Cable stripper Laser Cutter",Hobbies; Fun/Leisure,
Wheelchair Accessible Baby Crib,https://tomglobal.org/project?id=66b0e1b4f380b900132bb89e,...,"First time parents, who are both wheelchair users. The father has Cerebral Palsy and the mother Osteogenesis Imperfecta. She is a lawyer and he works in high tech. They live independently with an assistant.",The standard crib is at a height that does not allow frontal access for the wheelchair to get close to the crib. The standard crib side rail opens downwards which would block access.,"A raised crib allows the NK to access the crib with a frontal approach. The side sliding crib rail access enables safe access to place the baby in the crib, change a diaper and play with her.",A standard Ikea baby crib is modified with a slide opening door and is raised to the height that enables frontal wheelchair access. Tools needed Protective glasses Protective headphones PC or MAC I7 + Measurement tool Digital caliber Clamps Screwdriver set Allen keys set Electric Srewdriver Jigsaw CNC Machine,Daily Living,
Gyro Cup - Cup Holder for Crutches,https://tomglobal.org/project?id=5ca3885cb506a2297168a9a1,The Gyro Cup connects to crutches and stabilizes the user's cup to prevent it from spilling any liquid. The device is compact and fits in almost any pocket while not in use.,People with mobility challenges that use crutches in their everyday life.,People with mobility challenges that use crutches do not have free hands to hold a beverage while walking.,"The product is assembled from five 3D-Printed parts and a textile strap. The strap holds the cup that hangs from the 3D printed parts that are connected to a crutch. The Cup Holder for Crutches has an open configuration when in use and folds closed when not in use, to enable normal everyday function while moving with the crutch. Tools needed FDM 3D Printer Sewing machine Fabric scissors Sand paper Bill of materials Please see detailed BOM and printing models in the downloadable product file. Estimated time to make 24 hours of printing time 1 hour of sewing Limitations Pay attention to recommended printing directions of the STL files.",The Cup Holder for Crutches enables users to independently carry a beverage without spilling.,Daily Living,technology:DIY; priority; condition:amputee; condition:paralysis; bodypart:legs; assistivetool:crutches; technology:3D Printing; general:drink
Anti-Slip Strap for Knee Brace,https://tomglobal.org/project?id=68a323d3852c3e00128f473c,"This project is designed for patients using hinged knee braces, people with chronic knee instability, and therapists seeking stable, comfortable brace support. It uses a strap system that anchors the brace to a waist belt with elastic support, preventing downward slipping while allowing natural walking. By keeping the brace aligned, it ensures consistent support, improves comfort, and enhances rehabilitation effectiveness.","Patients using hinged knee braces after surgery or injury, people with chronic knee instability, and therapists seeking a simple way to keep braces stable and comfortable.","Hinged knee braces often slip down during daily use, causing discomfort and reducing support. This project prevents the brace from moving out of place, ensuring stability and reliable rehabilitation.","By anchoring the brace to a waist belt with elastic support, the system prevents downward slipping while allowing natural walking. This keeps the brace aligned, improves comfort, and ensures consistent support during rehabilitation.",A strap system with three connections—two horizontal to the brace and one vertical to a waist belt. The vertical strap includes an elastic section that allows natural walking while keeping the hinged knee brace secure and stable. Tools needed Measurement tool Digital caliber scissors sewing machine scissors,Daily Living; Therapy,
Neutral Hand Cuff Stylus,https://tomglobal.org/project?id=69d410213ca36400147cb79c,Neutral Hand Cuff Stylus,Intended users of this Neutral Hand Cuff Stylus are individuals with limited hand dexterity. This could lead to difficulty holding a stylus pen for electronics.,The Shepherd Center strives to increase patients' independence when performing activities of daily living such as using a stylus pen.,"The Neutral Hand Cuff Stylus limits the need for fine motor control and when holding a stylus pen, often during cellphone or computer keyboard typing, by adding a hand cuff attachment.","The Neutral Hand Cuff Stylus is a handheld, 3D printed device that uses hand cuff and cylindrical slot a to allow the user to easily hold and move an inserted stylus with a neutral hand position without fine motor movement. Tools needed PC or MAC I7 + Fusion 360 Prusa slicer Vise grip Pull saw FDM Printer",Daily Living,
Adjustable Mirror,https://tomglobal.org/project?id=698fa28393fdb200129e247c,Adjustable Mirror,Intended users of this Adjustable Mirror are individuals that need a portable mirror to perform various activities of daily living.,"The Shepherd Center strives to increase patients' independence when performing activities of daily living. Mirrors can aid with various daily activities, like intermittent catheterization, self-grooming, colostomy bag changes, and more.","The Adjustable Mirror limits the need for phone camera usage or large mirrors  by using a small, adjustable mirror that can be taken anywhere by the user.","The Adjustable Mirror is a handheld, 3D printed device that uses a rotatable and foldable mirror to allow the user to easily perform various activities of daily living. Tools needed PC or MAC I7 + Fusion 360 Prusa slicer FDM Printer",Daily Living,
Extandable Fork + Spoon,https://tomglobal.org/project?id=64410b944a71f83b72b85c0d,The solution is a combination of 2 products. A placement that prevent slipping while eating attached to a small ball that expand the range of movements. And an extendable fork or a special angled spoon,"Moshe is a family loving person and a religious man, who lives in Beer Sheva. He suffers from a severe muscles tension due to work accident which limits his movement range.","Today, after a long amazing physical therapy Moshe can move his arms. But, not enough for eat by himself yet. Our challenge is to help Moshe eat on his own, on a daily basis and especially on friday night dinner with his family.","Our solution will help Moshe to eat on his own while using all of his movement range by simple products that anyone can buy online or 3D print and basic tools, in a low cost. The solution, as Moshe asked, uses his own movements, not replacing them.",The solution is a combination of 2 products. A placement that prevent slipping while eating attached to a small ball that expand the range of movements. And an extendable fork or a special angled spoon Tools needed Measurement tool Hot glue gun FDM Printer,Daily Living,
Urinal Catheter Attachment Cap,https://tomglobal.org/project?id=699cb4e11c70e200126fdd7b,Urinal Catheter Attachment Cap,Intended users of this Urinal Catheter Attachment Cap are individuals using a catheter.,The Shepherd Center strives to increase patients' independence when performing activities of daily living such as urine collection.,The Urinal Catheter Attachment Cap limits the need for bags when using a catheter by adapting a traditional urinal by decreasing the diameter of the cap.,"The Urinal Catheter Attachment Cap is a palm-sized, 3D printed device that uses a threading and small holes that easily screw into traditional urinals and allow for urine collection. Tools needed PC or MAC I7 + Fusion 360 Prusa slicer FDM Printer",Daily Living,
Face Express,https://tomglobal.org/project?id=6a15a3a74648830012af38da,Face Express,"Visually impaired children developing social-emotional skills, special education teachers, developmental psychologists, and therapeutic rehabilitation centers.","Social interaction relies on facial expressions like a smile or sad face. Visually impaired and blind children cannot see these cues, creating a gap in emotional literacy. This makes it hard for them to understand others or express their own feelings.","The toolkit translates visual expressions into physical models explored through touch. By feeling features like curved lips, children ""read"" emotions with their fingers. This bridges the social-emotional gap, empowering confident social interactions.","A pedagogical and therapeutic toolkit featuring highly defined, 3D-printed tactile models of human faces showcasing core, exaggerated emotions (such as joy, sadness, anger, and fear). Tools needed PC or MAC I7 + FDM Printer",Therapy,
AccessLine – Modular Track Cover for Sliding Door Accessibility,https://tomglobal.org/project?id=68f4ce765f375b0014e4bca5,"AccessLine is a modular, 3D-printed solution that removes the mobility barriers created by sliding door tracks. Designed for people using wheelchairs, walkers, or trolleys in rehabilitation centers, public spaces, and private homes, it transforms uneven, obstructive rails into a smooth, continuous path for safe and independent movement.
The system works by covering the track with a flexible-yet-rigid printed surface that bridges height differences and gaps without interfering with door function. Each piece connects securely using wooden dowels, creating a stable, customizable pathway.","People using walkers, wheelchairs, or trolleys who encounter sliding door tracks in rehabilitation centers, public spaces, or private homes. Suitable anywhere tracks create a barrier to smooth daily movement.","Sliding door tracks often create small but significant obstacles for people using walkers or wheelchairs. In rehabilitation settings and private homes, these rails disrupt safe, independent movement. AccessLine removes this barrier, ensuring smooth and acc","AccessLine eliminates the height difference and gaps created by sliding door tracks, turning an uneven surface into a smooth, continuous path. It enables safe, independent movement for wheelchair and walker users while maintaining full door functionality a","AccessLine is a modular 3D-printed cover designed to fit over sliding door tracks. Made from flexible material with a rigid infill, it creates a smooth, stable surface while keeping the doors fully functional. The parts connect with wooden dowels, allowing Tools needed Protective glasses PC or MAC I7 + Prusa slicer Measurement tool Digital caliber Pliers Cutter Jigsaw FDM Printer",Daily Living,
Dice Box 1.0,https://tomglobal.org/project?id=5cb6f1f5b506a2297168b06b,"The TOM Dice Box helps people who lack fine motor skills play dice-based games. The product is made from a plastic dome, a 3D-printed base, and two dice. The dome can be bought at any hardware store.",The TOM Dice Box helps anyone lacking fine motor skills play dice-based games.,"This product is a simple and smart solution for people who would like to play games with dice, but have difficulty with fine motor skills, which makes it hard for them to pick up the a dice and throw them.",Allows to play games with dice independently.,"The product is made from a clear plastic dome, a 3D-printed base, and two dice. The dome can be bought at any hardware store. Tools Needed: 3D printer (FDM) Disk grinder Hot glue gun Bill of Materials: Please see BOM and printing models in the downloadable product file. Estimated Time to Make: 4 hours of 3D-printing time 20 minutes of assembly time For any questions regarding the assembly, operation, or specifications of this device, please contact hello@tomglobal.org",Fun/Leisure,technology:DIY; priority; technology:3D Printing; activity:dice; general:games
Shoe Socks on-off,https://tomglobal.org/project?id=6996c9768291920014f94ded,Shoe Socks on-off,"People who struggle with mobility, in this case someone that doesn't have mobility on the right side of their body.","To help people who struggle with daily life activities, like putting on their socks and taking them off.",The device is a one hand pole that allows the user to put on and off their socks.,"We are offering a device capable of helping people with no movement on one side of thier body, put on their socks independently. Tools needed Protective glasses Fusion 360 Measurement tool Pliers Agle Grinder FDM Printer",Daily Living,
Bottle Holder,https://tomglobal.org/project?id=5cb6fb73b506a2297168b06f,"TOM's Bottle Holder is a 3D printed file of a basket connected to a flexible Velcro handle.
The product was created for people with motor problems who cannot hold a bottle normally with their fingers closed.",,,,,Daily Living,technology:DIY; priority; condition:paralysis; bodypart:hand; technology:3D Printing; general:drink
One-Handed Package Cutter for Older Adults with Hand Tremors,https://tomglobal.org/project?id=6a1c0a5d7ff0850012237ad5,One-Handed Package Cutter for Older Adults with Hand Tremors,Older Adults with Hand Tremors,Some older adults find it hard to cut open soft packaging because their hands are shaky and their grip is weak. It would be exhausting for them to repeat the cutting motions using regular scissors when opening a package.,The cutter has a one-press mechanism allowing the users to open packaging by simply pressing downward once and then sliding the packaging bag across the blade to get a clean cut.,"We designed a cutter, which can be fixed to the kitchen table with the dual suction cups at the bases. Tools needed PC or MAC I7 + Pliers FDM Printer",Daily Living,
Magnet Blanket,https://tomglobal.org/project?id=6996bf738291920014f903ee,Magnet Blanket,People with disabilities affecting one of their hands who want to make their bed independently.,"People with limited mobility in one hand often find it difficult to do everyday tasks that require both hands, such as making the bed. This project provides a simple solution that allows them to complete these tasks more easily and independently.","This solution uses a magnetic system to keep the blanket in place while making the bed. By securing the blanket to the bed, it prevents slipping and reduces the need for adjustments, making the task easier for people with limited hand mobility.",We are offering a magnetic system to keep the blanket in place while making the bed. It uses 3D-printed pieces with magnets—one attached to the blanket and another fixed to the bed—that connect to hold the blanket securely while still allowing easy removal Tools needed FDM Printer,Daily Living,
Key Holder,https://tomglobal.org/project?id=69eb844d1c7cfc0012e9eb97,"The Key Holder enables people who lack fine motor skills to open door locks or any key-using mechanism by themselves. This product has two different sizes, to accommodate different palm sizes. This product is made from 3D printed files that are then connected to a key using glue or a screw.",People who lack fine motor skills,People who lack fine motor skills often lack the ability to open door locks or any key using mechanism by themselves,An easily manufactured and assembled solution for people of all ages with fine motor challenges to use to open their doors,3D printed key holder that connects the key to a bulb-like shape using a screw or glue and allows the user to hold the key using their whole hand rather than just their fingers. Tools needed Prusa slicer Screwdriver set Hot glue gun FDM Printer,Daily Living,
Mobile painting board for a mouth painter,https://tomglobal.org/project?id=62d67c2baafd87662b35d55d,"Our need knower is Bracha, a painter who also gives lectures, teaches painting courses, and shows exhibits around the world. Bracha is a unique painter; as a paraplegic, she holds her paint brushes with her mouth.
The painting board that we developed is modular, easy to assemble, can connect to any wheelchair, and is very stable and it made to improve Bracha painting experience outside her house.",,,,,Hobbies,
VALENTINA CHAIR,https://tomglobal.org/project?id=679c1a9530ee740012dbf95d,VALENTINA CHAIR,This ergonomic adaptation is designed for individuals with tendencies toward hyperactivity. It provides sensory stimuli to help maintain their attention during classes,"This adaptation is necessary to ensure that individuals with hyperactivity are not limited in their education, especially young children with high energy levels.","This solution is highly relevant to Valentina’s specific needs, as it is designed with her sensory profile and behavioral patterns in mind. Traditional classroom seating does not accommodate her constant need for movement.","We aimed to develop an ergonomic chair that allows Valentina to stay in motion through a bouncing seat, while also keeping her safe and gently restricted—providing just enough space for her to move comfortably. Tools needed Fusion 360 scissors CNC Machine Laser Cutter",Daily Living,
Cardboard Tippy Stool,https://tomglobal.org/project?id=63fb800d5bcc0e51812a9fa7,"The product is a simple cardboard stool with rounded corners on the base that allows static seating and a limited range of movement by tilting in various directions.
This product was developed by ADA, the Adaptive Design Association.","The Cardboard Tippy Stool is designed for anyone who wants or needs a more dynamic seating option for classroom, office, or personal use.",Static seating doesn’t offer safe and consistent movement and can be bulky. The cardboard construction is lightweight and easy for younger users to move.,This product will allow for more movement while seated. Tools Needed Tri-wall cardboard — or — single-wall cardboard — or — 0.625” plywood CNC — or — jigsaw — or bandsaw Ruler Pencil Scissors Utility knife Hot glue White glue Sandpaper Thick paper Plastic Card Weights Paintbrush Bill of Materials Please see detailed BOM and printing models in the downloadable product file. Estimated Time to Make 1 hour of machine time 1 hour of assembly time,The product is a simple cardboard stool with rounded corners on the base that allows static seating and a limited range of movement by tilting in various directions.,Daily Living,technology:DIY; condition:autism; age:kids
KiRogue Tray,https://tomglobal.org/project?id=69063aef126710001240da16,KiRogue Tray,"Stella is an 8-year-old with spina bifida. She loves exploring new places and meeting new people. She uses a Ki Mobility Rogue XPe manual wheelchair, but she does not have a current tray table attachment.",Stella struggles to fit under standard tables in her wheelchair. She needed a table to eat lunch and play with toys on.,"This tray table allows Stella to eat meals, play with toys, and complete assignments, all from the comfort of her wheelchair.",The solution is a detachable tray that Stella can slide on and off of her wheelchair's armrests independently. Tools needed Protective glasses Measurement tool Clamps Screwdriver set Cutter scissors Electric Srewdriver FDM Printer,Daily Living,
Upscale,https://tomglobal.org/project?id=6698c0dc9c6dde0012bf667c,...,"Individuals in wheelchairs who want to keep track of their weight, but don't have easy access to a scale that works for them.","Individuals in wheelchairs often need to go to the doctor or the gym in order to weigh themselves. The commercial market has some options, but they are hundreds of dollars and giant. Individuals with wheelchairs should be able to access home scales too!",The upscale gives anyone the option to buy a scale that works for them.,An electric scale tailored to people in wheelchairs. The scale has a platform wide enough for the wheelchairs and is close enough to the ground for people to just roll onto it. It allows the user to see their weight both on a physical screen and an app. Tools needed Fusion 360 Prusa slicer Digital caliber Screwdriver set FDM Printer Soldering set Cable stripper CNC Machine,Daily Living; Sports; Hobbies,
Foldable Piano - Custom angled piano stand for a musician with limited arm rotation,https://tomglobal.org/project?id=690c5e5ae533680012e6d0d5,Foldable Piano - Custom angled piano stand for a musician with limited arm rotation,"Piano players with forearm injuries that limit supination and pronation, such as post-elbow trauma or nerve damage, preventing proper hand rotation. Designed for musicians seeking to play comfortably despite restricted arm movement.","Playing piano requires precise wrist rotation (supination and pronation). After elbow or forearm injury, this movement becomes painful or impossible. The project enables musicians with such limitations to play comfortably and maintain their musical express","By adjusting the piano’s angle and adding 3D-printed supports, the musician can play without needing wrist rotation (supination/pronation). The setup aligns naturally with the hand’s limited range, restoring comfort, control, and musical expression.","A foldable piano with custom angled stands and 3D-printed parts designed to match the musician’s limited range of arm rotation. The setup allows comfortable playing without wrist strain, enabling continued musical performance after injury. Tools needed Heavy duty gloves Protective glasses Protective headphones PC or MAC I7 + Prusa slicer Measurement tool Digital caliber Screwdriver set RingOpen key set Pliers Cutter Electric Srewdriver Circular saw FDM Printer",Hobbies; Daily Living,
Razi: moving from wheelchair to bed,https://tomglobal.org/project?id=69bc3eb389c95200126305d6,Razi: moving from wheelchair to bed,Paraplegics who straggle to push them selves from the wheel chair.,To help Razi travel alone. when no one can help him on and off the bed in  a hotel room. in his house he has a permanent,"The foldable frame collapse into a carry on bag, so  the user can travel with it. The Aluminum frame is sturdy and able to support a grown man weight.","Its a foldable frame, from which a grip handle is attached, the frame is placed near the corner of the bed, and the user can pull himself from the chair and onto the bed, and vice versa. Tools needed Clamps FDM Printer Soldering set",Daily Living; Fun/Leisure,
Wheelchair Bowling Device,https://tomglobal.org/project?id=5cb80451b506a2297168b0c4,The bowling mechanism enables users to aim and launch abowling ball down a bowling alley at 8.3m/s. The device is controlled by a simple control panel that has been designed for users to control the mechanism with movement in one hand and to provide as much independence to the user as possible. An electric winch enables the user to wind up and launch the bowling ball from the control panel. A carer is required to mount the device to the front of the users wheelchair and to load the bowling ball after each bowl. The entire device is powered by a rechargeable 18V drill battery.,,,,,Fun/Leisure,condition:paralysis; assistivetool:wheelchair; general:games
3D Printed Foldable Permobile Tray,https://tomglobal.org/project?id=68e3135c9d623200139b8647,3D Printed Foldable Permobile Tray,Anyone who desires a foldable tray that can be mounted on their Permobil wheelchair.,"There are limited low-tech options for tray tables for individuals with limited range of motion. This project is not only a portable, sturdy desk, it is also lightweight can be opened and closed easily in more than one way.","This solution meets all of Gracie’s needs: it’s foldable, lightweight, and self-operable; it has smooth, rounded edges for comfort and a snug fit shaped to fit her body; it has an opening mechanism that works with her range of motion.","This 3D printed tray folds at the middle, and lays across armrests of a Permobil wheelchair. The desk attatches to the Permobil rails. To open, there is a hook to grab. To close, there is an portruding piece that fits snug into a slot on the underside. Tools needed PC or MAC I7 + Prusa slicer Measurement tool Needle-nose pliers FDM Printer",Daily Living,
Chairlift,https://tomglobal.org/project?id=6a1149434275ea0013c6bd9d,Chairlift,"Individuals recovering from a muscular injury, Physical therapists, Elderly people",TJ is a Physical Program Supervisor at Neuability. He told us physical therapy is expensive and most people choose not to do it because of cost. 4.5 Billion people lack essential healthcare services which percolated the idea of a rehabilitation chair.,The Chairlift was designed to use minimal hardware and for a flat-pack fit making it cheap to produce and ship. An open source platform will be accessible to all and provide free exercise programs using the connection points of the chair.,"Chairlift, a rehabilitation chair with modular connection points for attaching resistance bands for exercise. These strategically placed connection points provide every essential workout for a majority of injuries and produce limitless exercises. Tools needed PC or MAC I7 + Fusion 360 Prusa slicer Digital caliber Allen keys set Jigsaw CNC Machine",Daily Living; Therapy,
All-Terrain Wheelchair Step,https://tomglobal.org/project?id=690650241267100012412b8a,All-Terrain Wheelchair Step,"Stella is an 8-year-old with spina bifida. She loves exploring new places and meeting new people. She uses a manual wheelchair to get around. When she goes on hikes, she uses the Grit Jr. all-terrain wheelchair.",Stella cannot transfer into her all-terrain wheelchair independently because the distance between the footplate and the seat is too far. Stella needed an intermediate step to allow her to get into the wheelchair more easily.,"Stella is able to independently attach, detach, and use this step. The solution allows Stella to transfer from the ground into her all-terrain wheelchair independently!","The solution is a small step that clips onto the center bar. The step is outdoor-proof and cushioned. It bypasses the footplate, giving Stella a sturdy, intermediate step to get into her all-terrain wheelchair. Tools needed Protective glasses Measurement tool Screwdriver set Cutter Pull saw Electric Srewdriver Circular saw FDM Printer",Outdoor; Hobbies,
Ziv's Adaptive Bicycle Attachments,https://tomglobal.org/project?id=69a6c6ae68a01800124f9cf8,Ziv's Adaptive Bicycle Attachments,Designed for a child but suitable for many users with unilateral motor weakness (caused by CP/stroke etc). It targets those needing foot stability and users with limited arm reach affecting steering ability.,"The core issue with existing solutions is safety; foot straps prevent quick release during falls, and standard handlebars require a reach that is impossible for some. This creates total dependency on a caregiver and prevents independent riding.","This solution empowers users with lateral weakness by compensating for limited reach and stabilizing the foot. Bringing the grip closer reduces steering strain, while pedal add-ons prevent slippage and dependency, enhancing balance and confidence.","Two customized, adjustable bicycle attachments. Pedal add-ons for steady grip and self-entry/release, and a handlebar extension that brings the grip closer. This system enables an independent, safe, and joyful riding experience. Tools needed Heavy duty gloves Fusion 360 Prusa slicer Measurement tool Screwdriver set Allen keys set Pliers Hammer Pvc pipe cutter Electric Srewdriver Hot air blower FDM Printer Laser Cutter",Sports; Outdoor; Hobbies; Fun/Leisure,
Vacuum Cleaner Assistive Attachment for Prosthetic Users,https://tomglobal.org/project?id=698df39c93fdb200129d4557,Vacuum Cleaner Assistive Attachment for Prosthetic Users,"Individuals using upper limb prosthetics, and those with lifting restrictions.",Cordless stick vacuums are heavy and hard to maneuver with a prosthesis. A solution is needed to enable easy handling and full operation while taking the load off from both arms.,"The solution simplifies maneuvering the vacuum and performing the vacuuming task with one hand, by transferring the vacuum's weight to the user's body and facilitating easy maneuvering using custom-made handles.","A wearable solution allowing for comfortable use of a cordless stick vacuum, using custom-made handles. Tools needed PC or MAC I7 + Fusion 360 Prusa slicer Measurement tool Screwdriver set Pliers Hammer scissors Stanley knife Leather punture sewing machine Hot air blower FDM Printer",Daily Living,
Silicone grip for a standard maison jar,https://tomglobal.org/project?id=69c3f66bde5fbf001279043e,Silicone grip for a standard maison jar,"Caregivers and family members who assist with daily hydration, particularly when supporting users with limited motor control or drinking while reclining.","Assisted drinking often requires careful cup handling in awkward positions. Slippery or hard-to-hold cups can lead to spills, stress, and extra effort. Improving grip can make hydration support safer and easier.","It improves handling when lifting, tilting, or repositioning the cup, reducing slips, spills, and physical strain during assisted drinking.","A silicone grip sleeve for cups or jars that adds a soft, non-slip surface, helping caregivers hold and control the container more securely during use. Tools needed PC or MAC I7 + FDM Printer",Daily Living,
Silicone base for a standard maison jar,https://tomglobal.org/project?id=69e255def460ab00142031be,Silicone base for a standard maison jar,"People with limited facial or motor control who experience difficulty drinking independently, including individuals with neuromuscular conditions, as well as caregivers who support their daily hydration.","Michelle drinks while lying down, with the cup placed on the bed beside her. The soft surface makes the cup unstable, causing movement, spills, and repeated adjustments for both the user and caregiver.","It prevents the cup from tipping or shifting on soft surfaces, reduces the need for frequent repositioning, and supports a more stable and predictable drinking setup, lowering effort for both the user and caregiver","A silicone base and mat designed to stabilize a cup on soft surfaces such as a bed, while keeping it in a consistent position near the user’s shoulder for easier access and temperature awareness during drinking. Tools needed FDM Printer",Daily Living,
Shampoo Label,https://tomglobal.org/project?id=69ecb35db0416100127d6ebf,Shampoo Label,"People who may forget whether they have used shampoo, including people living with dementia.It also helps users distinguish between shampoo and conditioner.","To maintain cleanliness, it is important to make sure that shampoo is used. Spouses of people living with dementia have also expressed a desire to support them in making sure they use shampoo.","The labels clearly indicate which products are shampoos and which are conditioners using text and illustrations, making it easy for users to distinguish between the two. In addition, the numbers make it easy to understand the usage instructions, such as ap","We have created labels for standard bottles to make it easier to distinguish between shampoo and conditioner. Additionally, the order of use is clearly marked on the top of the bottle, and the design ensures that users can easily understand the applicatio Tools needed Fusion 360 FDM Printer",Daily Living,
Wheelchair seat belt for riding with toddlers,https://tomglobal.org/project?id=644aefe3ad4bc417daddeba5,A seatbelt-like strap that allows a toddler to ride on the lap of a wheelchair user in a safer and easy way.,"In addition to being a school principal, Yonatan has family with two amazing children. Yonatan likes to travel, spend time in nature and having quality time with his loved ones.","Yonatan is a father of two children, who uses a wheelchair for mobility. His children love to sit on his lap and roll with him from place to place, but this can be dangerous when they are younger and have difficulty stabilizing themselves on his knees.",The solution allows a young toddler to riding on his parent's lap in a safer and easy way.,Wheelchair seat belt for riding toddlers. Tools needed PC or MAC I7 + Measurement tool Digital caliber scissors sewing machine scissors FDM Printer,Daily Living,
UPick,https://tomglobal.org/project?id=66339e868a6785001373bd81,UPick,"The potential users include individuals who use wheelchairs, people with neurological conditions or disabilities that affect hand dexterity, grip strength, or fine motor skills, and elderly individuals or those with age-related mobility limitations.","UPick provides a practical, innovative solution tailored to individuals with limited hand mobility needs, promotes autonomy and boosts self-confidence, enabling users to feel more capable and in control of their daily lives.",This innovative development will ensure the maintenance of the users independence and enhance their ability to function autonomously.,"An innovative electronic product, operating on vacuum technology and rechargeable, which helps people with disabilities lift objects from the floor through adhesion. Tools needed Protective glasses Protective headphones PC or MAC I7 + Prusa slicer Measurement tool Clamps Pliers Needle-nose pliers Cutter Pull saw Electric Srewdriver Dremel FDM Printer Soldering set Voltmeter Cable stripper",Daily Living,
Knife End Unit for TOM Prosthesis,https://tomglobal.org/project?id=667ac726f6ea920013b2ac91,Knife End Unit for TOM Prosthesis,"Below elbow amputees, who wants to use a knife with their amputated hand.",One of the first objectives that amputees struggle with already in the rehabilitation process is completing daily tasks. Such as eating and working in the kitchen. Using a knife is one of those tasks that we want to make accessible and affordable.,"Simple 3D printing with easy and quick assembly process, will allow anyone who use TOM's Prosthesis with the universal connector, to quickly connect an end unit that holds a knife.",End unit for TOM's Parametric Prosthesis to hold a knife Tools needed Protective glasses Prusa slicer Cutter FDM Printer,Daily Living; Therapy,
Paint Bucket Opener,https://tomglobal.org/project?id=6a1e02226f00fc0013079160,Paint Bucket Opener,Anyone who has hard time opening paint buckets and similarly closed bucket containers.,Mr. Bitton has hard time opening paint buckets manually.,the tool makes this an arm and fist work rather than fingers work.,"a 3d printable tool with a ""jaw"", one side of which can be placed under the edge of the cover and pulled up while the other can be rested on top for counter effect. Tools needed Prusa slicer FDM Printer",Daily Living,
Adam's chair,https://tomglobal.org/project?id=68be8ede89887200134ffb59,Adam's chair,The chair is designed for children with motor impairments who are unable to sit independently and safely.,"Rehabilitative kindergartens have assistive devices for children with disabilities, but many are general solutions. Children with complex impairments need dedicated devices tailored to their bodies and specific needs.","A custom birch CNC-made chair with four leg straps, a waist belt, and asymmetrical side supports ensures Adam’s stable posture while preserving upper-body mobility. With wheels, handle, and Skai upholstery, it is practical and easy for staff use.","A floor chair designed for children with special needs, allowing safe and independent sitting while preserving freedom of movement for play and learning. Tools needed Protective glasses Prusa slicer Screwdriver set scissors Staple gun Stanley knife Wood Filing Tool scissors scissors scissors sewing machine Electric Srewdriver Agle Grinder Circular saw FDM Printer CNC Machine Laser Cutter",Therapy,
Speaker Holder,https://tomglobal.org/project?id=6a0fa7d84275ea0013c62dbc,Speaker Holder,"Wheelchair Users, or users that may need a speaker (small, handheld size speaker)","Our Need-Knower uses a speaker so her voice is heard in louder environments, however there is currently no optimal placement on her wheelchair. So, our project hopes to solve that issue.","Katie's speaker deals with feedback and sound issues with its current set up, so our solution will create an additional placement below the armrest to prevent that.",Our solution is a speaker holder that can sit on an armrest (for wheelchairs or general chairs with an armrest) that has the speaker hanging below the armrest. It could potentially be used to hold other items as well. Tools needed PC or MAC I7 + Prusa slicer Pliers FDM Printer,Daily Living,
Vending machine,https://tomglobal.org/project?id=68f4414f5f375b0014e47636,Vending machine,"Children, teenagers, or adults learning how to manage rewards, saving, and spending decisions.","This project is needed to reinforce the principle of delayed gratification, encouraging users to plan and save when making spending decisions rather than seeking instant rewards.",The vending machine creates a structured system where Noah must make deliberate choices about when to spend or save tokens. This will help to develop decision-making skills and financial awareness in an engaging way.,"A low-cost vending machine that operates with tokens provided by Noah F’s mother. The tokens are used to encourage saving, thoughtful spending, and delayed gratification. Tools needed Protective glasses PC or MAC I7 + Measurement tool Clamps Cutter Electric Srewdriver Agle Grinder Jigsaw Soldering set Cable stripper",Daily Living,
Sleeping Brace,https://tomglobal.org/project?id=67ec6614b1049f0012418e99,Sleeping Brace,"Kenny experiences neuropathy in both his hands. He is unable to use his hands to perform daily tasks. He possesses limited control of his right thumb and lacks touch sensation in both hands. His fingers are permanently curled, which causes pain at night.","Kenny feels constant pain due to the tension in his fingers, especially when resting. Previous braces have not fit well and have been difficult to secure. We hope that by designing a more user-friendly brace for his right hand, his pain will be reduced.","This hand brace, which users can put on without external assistance, will allow them to improve the flexibility of their fingers, and provide them with more comfort while they rest.",We are creating a hand brace that users can adjust as needed and wear while they sleep to reduce tension in their fingers and hopefully provide long term pain relief. Tools needed Protective glasses Measurement tool Cutter sewing machine scissors Hot glue gun,Daily Living,
Dedalo Project,https://tomglobal.org/project?id=61b723b84f10776dbe488782,"The design is a hybrid, electromechanical prosthesis, with removable parts. It can perform movements of the fingers both together and individually, by being activated by a specific movement of the user’s hand and has a strong grip.
The solution is economically viable and accessible, an intuitive and durable product, resistant to daily conditions and able to reduce mobility limitations.
Thousands of people around the world are born or go through accidents that reduce or eliminate their mobility in the upper extremities and by offering a solution to this, we recognize them and help them have access to a more independent life.",,,,,Daily Living,condition:amputee; bodypart:hand; technology:3D Printing; assistivetool:prosthesis; bodypart:fingers
QuickClamp,https://tomglobal.org/project?id=67ef0428b1049f001243470a,The Quick Clamp is a universal accessory for attaching the user's wheelchair frame to any motorised scooter of choice. It can be adjusted to different wheelchair frame sizes and scooter widths.,The QuickClamp is designed for wheelchair users who use motorized scooter attachments regularly and face issues with their current mounting parts.,"Lisa and other student-athletes noted that their current mounting parts add on weight that is discomforting to wheel around with, take too much time and effort to put on, are costly to purchase and replace, and dig into their legs causing bruises.","This device can be assembled within minutes and takes seconds to mount to the wheelchair compared to other methods. It does not remain on the wheelchair frame after use, which prevents injury. It is relatively inexpensive to produce.",The Quick Clamp is a universal accessory for attaching the user's wheelchair frame to any motorised scooter of choice. It can be adjusted to different wheelchair frame sizes and scooter widths. Tools needed PC or MAC I7 + Prusa slicer Measurement tool Allen keys set scissors FDM Printer,Outdoor; Sports; Fun/Leisure; Daily Living,
Page Turner - Page Turner for people with spinal muscular atrophy,https://tomglobal.org/project?id=641ecfb098e921284171c254,Page Turner - Page Turner for people with spinal muscular atrophy,"Rivka has always loved reading. But due to her disability (SPA), she can't use her hands to hold a book and turn the pages. She needs help from someone else if she wants to read.",The challenge is to be able to read a book without hands and without anyone's help.,The wheel attached to a servomotor will lift the page and leave enough space to allow the other servomotor to turn the page. The two other servomotors will be there to hold the book in place when put on the book holder.,We are offering a book holder equipped with a mechanism that can lift and turn a page. It would be activated with eye detection using a USB webcam connected to a laptop. Tools needed Heavy duty gloves PC or MAC I7 + Measurement tool Screwdriver set Cutter scissors Hot glue gun FDM Printer Laser Cutter,Daily Living; Hobbies; Fun/Leisure,
Finger-Mounted Charging Cord Extension,https://tomglobal.org/project?id=69820dd2cfe0d50013b27e50,Finger-Mounted Charging Cord Extension,Intended users of this Finger-Mounted Charging Cord Extension are individuals with limited finger dexterity. This could lead to difficulty using the heads of small charging cords.,The Shepherd Center strives to increase patients' independence when performing activities of daily living such as charging small devices.,The Finger-Mounted Charging Cord Extension limits the need for fine motor movements when holding and inserting the head of a charging cord by adding large finger loop extensions.,"The Finger-Mounted Charging Cord Extension is a quarter-sized, 3D- printed device that secures the charger between two finger loops that allow the user to hold and insert the head of a charging cord while maintaining static finger positioning. Tools needed Fusion 360 Prusa slicer FDM Printer",Daily Living,
Adjustable Tray for Wheelchairs,https://tomglobal.org/project?id=67f7d81eb1049f0012479438,Adjustable Tray for Wheelchairs,"Anyone who uses a wheelchair, Children and adults","Its primary function is to assist with transporting dishes using a wheelchair, all though it can also be used for various tasks, such as holding books, laptops, or personal belongings.","By implementing an existing Ikea tray, combined with a DIY mechanism, The need knower can easily carry around plates or other personal items while using a wheelchair.",An adjustable Tray that can fit most wheelchair's armrests and assist with transporting different objects. Tools needed Protective glasses Prusa slicer Vise grip Screwdriver set Allen keys set Pliers Agle Grinder FDM Printer,Daily Living,
Recumbent Bike Pedals,https://tomglobal.org/project?id=66ba12331eafbd001238be46,"This solution is a padded, PETG foot stabilizer with Velcro straps that securely supports Niv’s leg at 90° while cycling, improving both safety and comfort.",The foot stabilizer is designed for individuals with leg weakness or neurological conditions who need extra support while cycling. It ensures their foot stays in a secure and stable position for both comfort and safety.,"Niv, who experiences leg weakness, needed a way to keep his right foot securely flexed and prevent unwanted lateral movement. The stabilizer was developed to improve his riding comfort, safety, and overall cycling experience.","The stabilizer attaches directly to the pedal with a built-in universal screw, making it an independent and removable component. Its design holds the leg in a 90° position, encouraging optimal muscle activity while providing stability and control.","A custom foot stabilizer made from durable PETG plastic, lined with soft padding where it contacts the foot, and secured with two Velcro straps — one at the front and one at the ankle — to keep the foot firmly in place during cycling. Tools needed Heavy duty gloves Face shield PC or MAC I7 + Prusa slicer Measurement tool Clamps Screwdriver set Wooden chop set Pliers Needle-nose pliers Cutter scissors sewing machine scissors set of needles Electric Srewdriver Hot air blower FDM Printer",Sports,
WheelChair with flexible standing position to play Golf - CR COM VERTICALIZAÇÃO FLEXÍVEL PARA GOLF,https://tomglobal.org/project?id=5ca3885cb506a2297168aae7,"The team created a maneuver plate for Pedro's seat with springs, that allows him to have the extra movement he needs for golfing. This is a platform that is attached to the frame seat, with axis and springs that allow a flexible adjustment of 2-4 cm to follow and support the hip and pelvis movement of the user/golfer when quick/swing the ball.",,,,,Daily Living; Sports; Outdoor; Hobbies; Fun/Leisure,
Cooking Aid for Partial Amputee,https://tomglobal.org/project?id=66fe0b536b0782001399509d,Cooking Aid for Partial Amputee,Anyone with a partial hand amputation or weakness in the hands that prevents them from being able to grip kitchen utensils.,Beverly had a partial amputation in her left hand due to blood clots and has trouble with the right side of her body after suffering from a stroke. She loves cooking and wants to be more independent in the kitchen.,"This solution will empower Beverly to be more independent in the kitchen by enabling her to securely hold and control a wider range of utensils, significantly reducing the assistance she needs while cooking.","Our solution features a multi-part system consisting of a customized hand brace and adjustable straps designed to secure utensils of various sizes. The straps securely fasten to the brace with Velcro, providing users with reliable control of the utensils. Tools needed Measurement tool sewing machine scissors Hot glue gun Laser Cutter",Daily Living,
PlayAble,https://tomglobal.org/project?id=68010462b1049f00124a363b,"This project was designed for injured soldiers, people with physical disabilities, and their families to make physical rehabilitation more engaging and accessible. It combines camera-based motion tracking with a PlayStation controller, enabling users to replace traditional button inputs with body movements. The system allows people to play their favorite games while doing rehab, offering adaptive controls that keep gaming fun and motivating.","The solution can help injured soldiers, people with physical disabilities, and their families.","Because it makes physical rehabilitation more engaging, consistent, and accessible.","Our solution enables users to play their favorite games while doing physical rehab, and offers adaptive control options-replacing buttons with movement-so people with disabilities can keep playing, their way.","We built a system that combines camera-based motion tracking with a standard PlayStation controller using a small processing unit, allowing users to control games through movement for fun, motivating physical rehabilitation. Tools needed PC or MAC I7 + FDM Printer",Hobbies,
Handsfree door opener,https://tomglobal.org/project?id=601312d3fcec297b0295b685,"Touchless door handle mechanism that can be used in every door just replacing the standard handle.
Coronavirus spreads through surfaces that are frequently touched like door handles - we need a solution especially for hospitals, senior care centers and public buildings, an automatic door opener can help to decrease the risk to be infected and is also useful for people with special needs and disabilities.",,,,,,bodypart:hand; assistivetool:wheelchair; technology:3D Printing; general:handle; general:door; bodypart:full body
ForkLift,https://tomglobal.org/project?id=66197db92ca0b200125742b3,ForkLift,Individuals with Duchenne Muscular Dystrophy who need help eating or lifting their arm for any other purpose,"Jared has Duchenne Muscular Dystrophy (a disease that causes rapid muscle deterioration). He is able to pick up food with a fork, but cannot lift up his arm to his mouth. This device helps his eat by himself! Take a look: https://tinyurl.com/TOMJared","The device gives participants the ability to eat by themselves and not need caretakers to feed them. The participant merely clicks a easy-to-press button and the device lifts! This increases autonomy, confidence, and ease of care for the participant.",Our device allows individuals with disabilities to lift their arm with the click of a button. We created a 3D printed arm attachment that attaches securely to the arm and uses servos to lift it up to one's mouth. The user controls the movement with buttons Tools needed Protective glasses Fusion 360 Screwdriver set Pliers FDM Printer Voltmeter,Daily Living; Hobbies,
Modular Grip Device,https://tomglobal.org/project?id=65ec6e39c360e629290e42b4,Modular Grip Device,"Pradip is 35 years old male from Kathmandu, Nepal. He is a spinal injury patient from C4 to C7 which has affected his right hand and lower body.","Cooking is Pradip's hobby and passion, but he can't use a knife or a spatula because of his recent injury. Pradip does not want to rely on his family all the time for food and he wishes he could cook by himself.","Pradip has no power in his fingers and struggles to grip objects (he cannot clench his fist),so this product will enable him to use a knife or a spatula and assist him in cooking in the kitchen.He can apply pressure to cut with his palm and wrist movement.",Our product is a grip assistive device that can enable Pradip to hold a knife or a spatula more comfortably and securely. It also allows him to use the strength of his palm to cut vegetables with ease. The device can be switched between different utensils. Tools needed Fusion 360 Prusa slicer Measurement tool Digital caliber FDM Printer,Daily Living; Fun/Leisure,
My Safe Space | Portable Sensory Kit | Calm Kit,https://tomglobal.org/project?id=69f6fefa9ad28c0013916dc7,My Safe Space | Portable Sensory Kit | Calm Kit,"Children with diverse disabilities: Autism Spectrum and Sensory Processing, who experience heightened anxiety and sensory dysregulation during emergencies. This kit is for those who need to reduce stimuli, providing grounding and quiet to self-regulate.","Emergencies can overwhelm children on the autism spectrum, making it hard to reach and stay in shelters. The kits helps families navigate the shift from routine to safety. It may also supports other disruptions like medical visits or vacations.","The kit combines sensory tools and guide cards to provide calming and grounding. Designed for rapid setup and repacking, it is easily portable, allowing families to move quickly between spaces while maintaining a consistent safe environment.","A portable kit of off-the-shelf sensory tools and guidance cards. These cards empower parents to explain the situation and show how to use each item for the best effect, creating a structured path from routine to safety and back. Tools needed scissors",Therapy,
"Step On It, Philips",https://tomglobal.org/project?id=5ca3885cb506a2297168aadf,"The solution is a lifting mechanism. The person pushing the wheelchair steps on a pedal that extends an additional wheel to the floor, thus lifting the rear side of the wheelchair upwards. this helps to lift the front side of the chair.",,,,,,
3D Printed Hand Grasp Exoskeletal Aid,https://tomglobal.org/project?id=642bbb6f7ffef4046d38464b,3D Printed Hand Grasp Exoskeletal Aid,Stroke patients experience deteriorated hand function and an inability to grasp objects post-stroke. C6 Quadriplegics have a lack of finger motion but full wrist control.,Existing tenodesis splints are expensive and open source variants available online are often challenging to manufacture. A new open-source 3D printable tenodesis splint design could help solve this need gap.,"Our project serves to help both stroke patients and C6 quadriplegics be able to grasp objects by catering to their individual needs. For stroke patients, this project also serves to help rehabilitate finger control with repeated use.","Our Design is a dual-purpose modular Tenodesis splint and stroke rehabilitation device to help stroke patients and C6 quadriplegics train their hand grasp motion. The design is open source, 3D-printable and includes an optional motor attachment. Tools needed PC or MAC I7 + Screwdriver set FDM Printer Soldering set Laser Cutter",Daily Living; Therapy,
Parameterized Prosthetic Leg Cover,https://tomglobal.org/project?id=6791820d30ee740012d88806,Parameterized Prosthetic Leg Cover,Prosthetic leg users with above knee and through knee amputations.,"Michael had previous issues when wearing pants with his prosthetic leg, as the size discrepancy often led to awkward flapping in the wind and excess fabric getting caught. This led to pants tearing in certain parts and an overall unaesthetic look.","The leg cover will fill the pant leg, leading to less noticeability of the difference between the legs and preventing damage to long pants. Parameterizing the design allows users to input their measurements and get an autogenerated leg cover.","A parametric 3D printed leg cover that has two halves surrounding the prosthetic leg. The inner portion outlines the shape of the prosthetic leg, while the outer portion outlines the shape of his other leg, filling the gap in space. Tools needed PC or MAC I7 + Prusa slicer Measurement tool FDM Printer",Outdoor; Hobbies; Fun/Leisure; Daily Living,
Detachable Motor Assist for Wheelchair (using e-skateboard),https://tomglobal.org/project?id=6633098b9d5ed000122c493e,Detachable Motor Assist for Wheelchair (using e-skateboard),Manual Wheelchair Users.,All existing solutions/products have a prohibitive cost.,"Electric skateboards are relatively cheap and generally easy to source. Other materials used will be easy-to-find hardware (nuts/bolts, etc.) and simple raw materials (metal stock, etc.). Device  is designed such that it can be built with simple tools.",Modified electric skateboard to act as a detachable motor assist. Device sits underneath the wheelchair to minimize excess footprint. Tools needed Protective glasses Measurement tool Clamps Allen keys set Ratchet + Boxes set Cutter Electric Srewdriver,Daily Living,
Open a door with Wheelchair,https://tomglobal.org/project?id=61b71f794f10776dbe488781,"This tool hopes to act as an extended outreach for Ryan to reach the
door handle and also to hold onto the door as he maneuver his
wheelchair through the door.
The solution is one that is simple and hardy tool that allows Ryan to
hook onto the door handle and twist it open. It also helps him to hold
onto the door after opening it.",,,,,Daily Living,assistivetool:wheelchair; general:handle; general:door
Quadriplegic's Grabber Tool,https://tomglobal.org/project?id=618bf86d4f10776dbe488631,"Quadriplegic's Grabber Tool is a system comprising an arm brace to be worn
throughout the day, one or more grabber attachments, and one or
more storage brackets.",,,,,Daily Living; Hobbies; Fun/Leisure,condition:paralysis; bodypart:hand; technology:3D Printing
The Mini-kicker,https://tomglobal.org/project?id=63f619e25bcc0e51812a4d4c,A mechanism solution that will do a kicking motion by pressing a large button with a hand.,Eitan is a 7 years old boy. He has Quadriplegic Cerebral palsy. He's spending most of his day in his wheelchair (pushed by a care-giver).,"Eitan loves to run, play with his friends and be independent while using the ""mini-walker"". The walker has a metal frame and the frame prevents Eitan from kicking a ball while playing with his friends. Our project will give him the opportunity to do so.","Our solution will allow Eitan and other children who are using the ""mini walker"" to play ball games with their friends.",We think of a mechanism solution that will do a kicking motion by pressing a large button with a hand. Tools needed PC or MAC I7 + Measurement tool Screwdriver set Wooden chop set Cutter scissors Hot glue gun Soldering set Cable stripper,Daily Living; Sports; Outdoor; Hobbies; Fun/Leisure,
Stay Focused,https://tomglobal.org/project?id=6443f79b3bdf1254762ae216,Stay Focused,"Meet Marlon Gallo, a 38-year-old man who has a mental disability that was recently exacerbated by a car accident. He resides in Medellin with his mother and is currently employed at a grocery store called D1.","We seek to better Marlon's quality of life, as well as that of his boss, fellow employees and his mother, by making his day yo day task more effective. Doing all of this through an app that will help us give him constant reminders of his tasks.","The solution we provide is a calendar app designed for Marlon to use in his day-to-day tasks. With this app, Marlon's schedule will be easy to manage. When it's time for him to start a task, an audio will notify him, eliminating the need from direct orders","Our group proposes to develop an app that will enable us to monitor Marlon's tasks. With this app, his mom, and his boss can provide audio reminders to Marlon throughout the day to help him stay on track and complete his tasks effectively. Tools needed PC or MAC I7 +",Daily Living,
One Hand Zipper bag Clopener,https://tomglobal.org/project?id=65ef5523c360e6292913d81b,One Hand Zipper bag Clopener,"This product is designed for people with difficulties when closing and opening Zipper bags, especially for people with hemiplegia. Zipper bags can be used to store and waterproof a variety of items and its use will bring people more independent lives.","Satoru, a 78-year-old with hemiplegia affecting his dominant right hand, struggles with daily tasks, including opening a zipper bag of sesame seeds he eats daily. He lives with his sister, who assists him, but he wishes to be more independent.","The proposed solution, the Clopener, is designed to allow him to independently open and close the bag with one hand, reducing his reliance on his sister.","The Clopener features a grip with a rubber sheet on the bottom, enabling users to easily handle zipper bags. By holding its body, the user can press on and slide the zip to open the bag, and use the closing side in a similar manner to seal the bag. Tools needed Fusion 360 FDM Printer",Daily Living,
Go Baby Go - Frances,https://tomglobal.org/project?id=65dce93dc360e629290718f4,Go Baby Go - Frances,"Frances is a 2-year-old with arteriovenous malformation. She had her first stroke on March 24th, leading to a loss of speech and mobility. She is still very socially motivated and loves switches and buttons.","Frances would like more independent mobility since she currently gets around with a ""bum shuffle.""","By having an adapted ride-on car with an accessible ""Go"" button, Frances will have more independent mobility.","Our solution is an adapted ride-on car. The car will be electrically modified to add a ""Go"" button on the steering wheel and a kill switch on the back of the car. It will also be physically modified by adding a harness and other supports. Tools needed Screwdriver set Allen keys set scissors Pull saw Pvc pipe cutter Electric Srewdriver Hot air blower FDM Printer F-Crimp Soldering set Cable stripper",Daily Living; Outdoor; Fun/Leisure,
Project Grippo,https://tomglobal.org/project?id=61b9bfc14f10776dbe488793,"The Grippo is an aesthetic appealing magnetic ring with
a small rubber suction cup on it. The small rubber suction cup helps
users grasp small and flat items firmly. The magnet on the ring helps
attract tiny metal items such as coins.
The ring helps users pick up small pieces of items more easily
without grasping hard. It provides great convenience for the Need
knower to hold up small objects, thus building their self-esteem and
training their fine motor skills in the long run.",,,,,Daily Living; Hobbies; Fun/Leisure,bodypart:hand; condition:CP; bodypart:fingers; technology:wearable; condition:motor problems
Motorized Wheelchair,https://tomglobal.org/project?id=640f9ca66377df4983d0bed9,Motorized Wheelchair,Wilson is a Sophomore at USC studying Psychology.,This project will present a way for wheelchair users to save energy and strain by implementing a detachable motor pack that suits their needs. It will create an affordable solution to otherwise extremely expensive preexisting designs.,"This solution will remove the strain from wheelchair users who need to travel long distances, while also being detachable and storable when manual use is required.",We are creating a powered wheel and handlebar system that can attach to the front of a wheelchair for optimal control and ease of use. Tools needed Heavy duty gloves Protective glasses Prusa slicer Measurement tool Digital caliber Clamps Hot air blower Dremel FDM Printer,Daily Living; Outdoor,
Interact switch,https://tomglobal.org/project?id=603e5fe66a4bc57101dcd0a7,"The Interact Switch is a high quality, modular 3D printable switch design. The tactile feel of the switch is on par with commercial switches, coming in at about 35 g of activation force across the surface of the switch. The base has the same footprint as a Jellybean switch, and should work with any Jellybean switch mounts.
There is a wide array of different designs: from a simple flat button, to textured designs, to a dome, and even some wobble switch variants.
The switch base incorporates 6 slots that are ideal for a variety of mounting options, including using VELCRO straps.
This design was created by Michael Turvey and featured on Makers Making Change website. For more details see here: https://www.makersmakingchange.com/project/interact-switch/",,,,,Daily Living; Hobbies; Fun/Leisure,technology:DIY; condition:paralysis; bodypart:hand; technology:3D Printing; general:games; bodypart:fingers; activity:communication; age:kids; condition:motor problems
Israel National Team Football Costume for Walker,https://tomglobal.org/project?id=69b86f9c25f26c0013f75e18,Israel National Team Football Costume for Walker,"The Israel National Team Football Costume for Walker is designed for  Powered wheelchair users ages 6–16 who want to celebrate, perform, and express themselves through costume and creativity.","This costume celebrates the Walker as a powerful and expressive part of the child’s identity and stage presence. It transforms the wheelchair into a bold, central design element that enhances the overall look and amplifies confidence.",The system uses modular components and flexible attachments that clip easily onto walker frames and handles. The open design ensures it fits a wide range of models safely without interfering with the walker’s movement or mechanics.,"The Israel National Team Football Costume is a festive accessory kit designed to transform walkers into a professional fan display. It provides a sporty, high quality look that allows users to show their team pride comfortably and stylishly. Tools needed Heavy duty gloves Protective glasses scissors sewing machine set of needles Hot glue gun Laser Cutter",Fun/Leisure,
Exercise Bike,https://tomglobal.org/project?id=6410526b6377df4983d2e8db,"Sport and recovery exercise bike for people with disabilities, centers for children with disabilities.",A person with disability that has a need to exercise hands or feet; A person that has a need in rehabilitation/recovery of motor function of legs and hands (usually after heart attack),"People with disabilities require special exercise equipment and methods of physical activity, but it is often almost impossible to find such exercise equipment. On our exercise bike it is possible to train legs and arms at the same time.","People with disabilities require special exercise equipment and methods of physical activity, but it is often almost impossible to find such exercise equipment. On our exercise bike it is possible to train legs and arms at the same time.","Sport and recovery exercise bike for people with disabilities, centers for children with disabilities. Tools needed Measurement tool Screwdriver set Cutter Agle Grinder",Daily Living; Sports; Therapy; Hobbies,
Adaptable T-Ball Set,https://tomglobal.org/project?id=643c25b67d27a3158a38c688,"Auto T-ball provides a way for HMS students to play baseball. A button is connected to a motor that rotates a bat to hit a ball on an easily reproducible t-ball setup made of PVC pipes. Everyone, regardless of physical ability, can play baseball.","HMS School serves students with Cerebral Palsy, and these students are wheelchair bound/have limited mobility. They have activities and class at the school - including gym, art, movies, games, music etc.",The students would like more different activities for their gym class that everyone can participate in - regardless of ability. This project is an adaptable baseball set that also allows for modularity of many types of switch-adaptable buttons.,Auto t-ball allows any HMS student to play baseball by developing a solution such that only a button needs to be pressed to rotate a bat and hit the ball. We developed a solution where any HMS student can play baseball using various switch buttons; modular,"Auto T-ball provides a way for HMS students to play baseball. A button is connected to a motor that rotates a bat to hit a ball on an easily reproducible t-ball setup made of PVC pipes. Everyone, regardless of physical ability, can play baseball. Tools needed Protective glasses PC or MAC I7 + Prusa slicer Measurement tool FDM Printer Soldering set",Sports; Outdoor,
PVC Pipe walker for children with balance difficulties,https://tomglobal.org/project?id=6673c4838a7c410013dad2dc,...,"This design is intended to be constructed in almost any part of the world, for children under 5 years old who have not yet achieved independent walking due to balance difficulties or mild physical limitations, but who have the skills for grasping",Thousands of children find themselves limited in their ability to walk due to balance difficulties or a lack of confidence in standing independently. Having a support system gives them the confidence to move independently.,"Providing the infant with a safe and mobile surface that increases and elevates the contact area from the arms to the ground, offering the possibility of a more secure walking sensation.","A personalized, lightweight walker that can be built anywhere using only PVC pipes, glue, and rubber tips Tools needed Protective glasses PC or MAC I7 + Measurement tool Screwdriver set Rubber Hammar Pvc pipe cutter",Daily Living; Sports; Therapy; Outdoor; Hobbies; Fun/Leisure,
COVID-19 - PPE solutions,https://tomglobal.org/project?id=5f4d8df317a0641f3de13c60,This design is brought to us by Anne Gates Studio (https://annegates.com/) and Something Labs (https://www.somethinglabs.org/window-masks).,,,,,COVID19,technology:DIY; condition:hygiene; condition:deaf; bodypart:face; technology:sawing; general:mask
4 -Keep Wheels Clean,https://tomglobal.org/project?id=6839603cfe165900123e1953,4 -Keep Wheels Clean,"🦽 For: Wheelchair users and their families who want a cleaner, more comfortable home.","Wheelchair wheels attract everything — mud, pigeon feathers, spit, and even surprise “gifts” from dogs! 🎯 The challenge: Design a smart anti-intrusion system to keep the mess outside — and the living room clean.",It does not take a lot of space and can be installed in a shower for example reducing the risk of projecting xwater and dirty matter everywhere. we only the pressure of the water meaning no need to ceal a brush after use.,the solution is a machine that cleans the drive wheels autonomously by activating the water pump via a webpage on your cell phone. Tools needed PC or MAC I7 + Measurement tool Screwdriver set Allen keys set Hammer Pvc pipe cutter Electric Srewdriver Circular saw Hot glue gun FDM Printer Soldering set Voltmeter Cable stripper,Outdoor; Daily Living,
MechCanopy - Wheelchair in the Rain,https://tomglobal.org/project?id=62d3dcd7aafd87662b359616,"The MechCanopy is an affordable, simple way to attach umbrellas to wheelchairs so all users can be comfortable going outside in inclement weather.",Our need-knower is James Cesario. James has been using a wheelchair since around his college years after he was involved in a car accident. He wants a better way of dealing with harsh weather conditions such as rain and snow while operating his wheelchair.,Our need-knower is James Cesario. James has been using a wheelchair since around his college years after he was involved in a car accident. He wants a better way of dealing with harsh weather conditions such as rain and snow while operating his wheelchair.,"Our solution is easy to use and consists of accessible, 3D-printed parts. Our design will take approximately 5 minutes to assemble and the entirety of the design costs around $10.","Our solution consists of two 3D-printed clamps and a PVC pipe that connects the two. One clamp is attached at the leg of the wheelchair where it is easy to reach, and the other clamp is attached to the umbrella. Tools Needed 3D Printer Bill of Materials Please see detailed BOM and printing models in the downloadable product file. Estimated Time to Make 12 hours of 3D print time 5 minutes of assembly time",Outdoor,
"Lightweight, Portable Ramp for Urban Environments",https://tomglobal.org/project?id=5ca3885cb506a2297168a9e1,"The team created a lightweight, foldable ramp system durable for scooter use in cities, and compact enough to travel like a purse between Rachel’s legs. The ramp weighs under 10lbs and can be used to climb curbs and stores with front step access. In providing a need-knower like Rachel greater mobility in Manhattan, individuals with similar challenges now have access to Rachel’s prototype and can navigate various areas overlooked by city planners.",,,,,Outdoor,condition:paralysis; bodypart:legs; assistivetool:wheelchair; general:ramp
Paper Holder,https://tomglobal.org/project?id=662af16a853f090012c92830,Paper Holder,This device is made for people who have reduced dexterity or fine motor skills in one hand.,"To be able to hold paper for cutting with the non-dominant or less dextrous hand, while using mainstream scissors with the dominant hand.","The frame holds the paper up by the edges so that it will not flop over, with an ergonomic handle to hold it up in the air.","This device allows the user to be able to hold up a piece of paper in order to cut it with their non-dominant or less dextrous hand, without it flopping over, while using mainstream scissors to cut the paper with the other dominant hand. Tools needed Prusa slicer Hot glue gun FDM Printer",Therapy; Hobbies; Fun/Leisure,
Adjustable Toddler Chair,https://tomglobal.org/project?id=68100e7877611400126c51bf,Adjustable Toddler Chair,The adjustable chair is an alternative chair for young students who are too small or need extra support in their classroom chairs.,The current chairs that can be adjusted and are tailored to this audience cost hundreds of dollars and involve fully removing each of the chair's legs every time the chair's height needs to be adjusted.,The current chairs that can be adjusted and are tailored to this audience cost hundreds of dollars and involve fully removing each of the chair's legs every time the chair's height needs to be adjusted.,"The adjustable chair allows young students of statures too small to fit in the standard chairs at their school to participate in activities with their peers. The chair's height, side supports, and head supports can all be adjusted and customized. Tools needed Clamps Screwdriver set Hammer scissors Staple gun scissors Electric Srewdriver Hot glue gun Laser Cutter",Daily Living,
"Flute Passive Prosthetic, Book Page Turner",https://tomglobal.org/project?id=61800a644f10776dbe4885f6,Both devices have been developed to help two children reach their full potential in school activities. The flute prosthetic attachment helps one little girl play a pentatonic flute alongside her classmates. The standing desk assists a hemiplegic girl do schoolwork.,,,,,Daily Living; Fun/Leisure,
Handle It,https://tomglobal.org/project?id=6432fec47ffef4046d39a88f,"A set of serving utensils with customized, comfortable, and easy to hold handle.",Tamar's disability is caused at birth or following an accident. The disability affects daily activities. The project will help people like her so they can carry heavy dishes without dropping them.,A primary struggle of Tamar's disability is failing to operate and hold the dishes while hosting people at home since the serving dishes are heavy for her.,"While designing the dishes, we thought of the most effective way to hold the products considering the hand's angle and the material's weight in a way that will assist people with this disability.","A set of serving utensils with customized, comfortable, and easy to hold handle. Tools needed PC or MAC I7 + Measurement tool Digital caliber Clamps Stanley knife FDM Printer",Daily Living,
Yeison's arm support,https://tomglobal.org/project?id=5d955cbeb810e413a5281302,"The purpose of this prototype kit is to create solutions for everyday activities. One is the typing assistant, that allows Yeison to type with both hands. The second device is a bike helper that allows for his hand to attach to the handle bar.",,,,,Daily Living,condition:paralysis; bodypart:hand
Mario's Chair,https://tomglobal.org/project?id=5d3b24e7327725170bc5f8b0,"Our ideal prototype is a sports wheelchair made of aluminum which will specifically require parameters established by the game rules. It consists of a cold-rolled steel shock, anti-roll wheels on the front which normal go on the rear. For mobility reasons, we decided to close the open wheels of the chair and lastly implement a security belt which will protect him from injuries.",,,,,Sports,assistivetool:wheelchair
Jero's Bike,https://tomglobal.org/project?id=5d7ab19bb810e413a5281168,"The team of makers built for Jeronimo an adaptation of a bicycle. This tricycle protects his ergonomics and is safe for him to ride independently. Some of the adjustments that had to be made include adding one more wheel to the bicycle, having a chair that has back support, the pedals have a shoe attached so that pedaling is easier and safer.",,,,,Sports,bodypart:legs; condition:CP
Help with Stairs,https://tomglobal.org/project?id=5d9563d4b810e413a5281305,The design has an aluminum pipe structure that connects with wheels and has no pedals so that Fede can actually walk by himself. The butterfly handle is meant to make a turn as easy as possible. It was built to Fede’s exact measurements so that it wouldn’t be robust but it would support his weight without any problem.,,,,,Daily Living,condition:paralysis; bodypart:legs; condition:walking problems
What mechanism can we develop that allows a safer reception of packages?,https://tomglobal.org/project?id=5ec31f3f543a4748b3d4bcae,"During the past 2 weeks, we have been virtually working non-stop on developing a solution to ensure safe package deliveries. After various days of research and brainstorming, our team has developed two prototypes and one protocol to ensure this happens. We developed two prototypes thinking about all of the populations socioeconomic status, our first prototype, the PICKUP BOX is a simple but effective was to disinfect your products at home, it consists of a carton box being wrapped with a plastic bag where you can place most deliveries and form a safe distance disinfect and receive packages. This prototype allows homeowners to get there package with minimum to 0 risks of infection. This is accompanied by simple protocols that allow families to learn how to deal with the different elements that enter their homes through any kind of package that is being delivered, the information obtained for this protocols was taken form government official websites and health announcements by the OMS. The second prototype, the Package Cleaner was built to focus on buildings, company's, and restaurants. This prototype consists of a spray system composed of 6mm diameter hoses, 5 racks or T's and 4 specific spray nozzles for this type of hose, these accessories are distributed so that the spray nozzles are located in the four upper corners of the box,  It also has a 12V DC motor pump which is activated by means of a switch and performs the function of pushing the disinfectant from its reservoir or tank to the spray nozzles with sufficient pressure to generate the effect of spraying throughout the interior of the box. The structure of the box is made of PVC pipes and accessories and is covered with a heat and moisture resistant plastic. The protocols we attached to both prototypes as additional information was obtained from at least 5 credible sources.",,,,,COVID19,5e8c60f01741d4521eabb1a3
Jander's Routines,https://tomglobal.org/project?id=5d9565c5b810e413a5281306,"The idea was to have two different devices, one that could be used for home, and another portable one that can be taken anywhere.  The large board is a rectangle with dimensions of 120 cm by 60 cm.  It has two large rectangles of magnetic strip glued up top which is the place to connect the elements of space and time, in other words where the action is going to be taken and where.  Then smaller square like magnetic strips that allow the addition of the action cards.  This model also includes some small square shaped cut outs that will allow the need knower to mark his completed tasks.  The smaller version of the device is very similar, but instead of having the magnetic strips of the actions in a straight line, they are divided in two lines, to be able to fit in a smaller form factor.",,,,,Daily Living,activity:communication
A book for visually impaired children,https://tomglobal.org/project?id=640f89ae6377df4983cfe79a,A book that combines a shared experience between both visual impaired or blind children and an accompanying reader.,Association for the promotion of children with blindness or visual impairment,"We created a book for blind and visually impaired children, which is based on the sense of touch. The children can navigate the book with the help of smart tabs, and learn things about the world with the help of different textures. Also, they learn through","Visual impaired or blind children usually grow up in a non disabled environment, that doesn't necessarily know how to cope with eyesight disabilities. Our book acts as a medium allowing both seeing and non-seeing children to enjoy this experience together.",A book that combines a shared experience between both visual impaired or blind children and an accompanying reader. Tools needed PC or MAC I7 + Fusion 360 Prusa slicer Measurement tool scissors FDM Printer,Therapy; Hobbies; Fun/Leisure,
Button Presser,https://tomglobal.org/project?id=69ba9d5399fcab00135ecc1b,Button Presser,peoble who don't have a lot of mobility in the arm,to press the elevator buttons,it will help jose luis to press the elevator button,Creating a customized handle for the need knower and adding an 18 cm stick to the handle Tools needed Measurement tool Hot glue gun FDM Printer Studio Backdrop,Daily Living,
*Old model * TOM Prosthesis - Lightweight customizable prosthetic arm,https://tomglobal.org/project?id=5ca3885db506a2297168ab7f,"The product offers an inexpensive, quick, adaptable, and durable
custom parametric prosthesis for below-the-elbow amputees.",Below-the-elbow amputees who are unable to acquire an expensive prosthesis or an easy and comfortable short-term solution to enable basic daily activities.,"For amputees, a prosthesis is often a necessity. However, there are no effective low-cost custom prostheses available on the market. Our manufacturing process is cheap, simple, and fast, so any maker space (or a TOM community) can produce it.","Getting a customized prosthesis today requires a lot of time and money, and most need to be replaced every few years. Our product utilizes a parametric design to allow easy personalized adjustments to achieve a lasting, comfortable fit for all users. Tools Needed FDM 3D printer Sewing machine Measuring tape Caliper Scissors Needle and thread 3- Second glue Pen Tape flat screwdrivers 2 Stable boxes/books 2 A4 papers Sanding Paper Lighter Chalk Bill of Materials Please see the detailed BOM and printing models in the downloadable product file. Estimated Time to Make 35 hours of machine time 8 hours of assembly time","Our solution offers an inexpensive, quick, adaptable, and durable custom parametric prosthesis for below-the-elbow amputees.",Daily Living,technology:DIY; condition:amputee; technology:3D Printing; technology:sawing; assistivetool:prosthesis; activity:eat; technology:wearable
Cupability,https://tomglobal.org/project?id=5d87369fb810e413a5281252,This product is designed for blind people and visually impaired.,,,,,Daily Living,technology:DIY; condition:visually impaired; technology:3D Printing
Shoulder Rehabilitation Puzzle,https://tomglobal.org/project?id=69119947e533680012e79399,Shoulder Rehabilitation Puzzle,"The product is designed for individuals recovering from shoulder injuries or surgeries who need engaging rehabilitation exercises. It also supports occupational and physical therapists seeking adaptable, hands-on therapy tools.","Conventional rehabilitation tools are often repetitive, unmotivating, and expensive to customize. This product provides a stimulating, affordable alternative that can be locally produced and adapted for individual therapy needs.","It uses standardized parts, clear assembly instructions, and accessible materials to simplify fabrication and repair. Iterative testing improved strength, stability, and usability—resulting in a reliable, low-cost, and user-centered rehabilitation solution","A puzzle-based rehabilitation device combining CNC-cut panels, 3D-printed components, and adjustable weights to promote controlled arm movement. The design encourages users to perform functional reaching and stabilizing motions while engaging cognitively. Tools needed Protective glasses PC or MAC I7 + Fusion 360 Prusa slicer Pull saw Wood Filing Tool Electric Srewdriver FDM Printer CNC Machine",Hobbies; Therapy,
Adaptive Costume for Walker [K-Pop Style],https://tomglobal.org/project?id=69aece68904ba30012de2db1,"The K-Pop Wheelchair Costume is a modular costume accessory system designed for simple installation on manual wheelchairs.
It includes decorative add-ons and attachments for the wheelchair itself and does not include a wearable body costume.
Instead, it is created to complement an existing or separately purchased outfit - transforming the wheelchair into a cohesive, visually striking, and integral part of the overall costume story.","The K-pop costume for Walker is designed for Walkers users, in the ages 6–16 who want to celebrate, perform, and express themselves through costume and creativity.","This costume celebrates the walker as a powerful and expressive part of the child’s identity and stage presence. It transforms the walker into a bold, central design element that enhances the overall look and amplifies confidence. Designed to be durable and reusable, it supports self-expression during holidays, school events, performances, or everyday imaginative play - turning the walker into a dynamic feature that elevates the entire costume experience.","The costume consists of a modular system of components that are easily assembled onto a walker. Elements attach to the backrest area, handle zones, and include decorative wheel covers. The system does not rigidly “wrap” or enclose the walker, nor is it built for a single specific model. Instead, it is designed with flexible attachment methods to fit a wide range of powered wheelchairs safely and comfortably.","The K-Pop Wheelchair Costume is a modular costume accessory system designed for simple installation on manual wheelchairs. It includes decorative add-ons and attachments for the wheelchair itself and does not include a wearable body costume. Instead, it is created to complement an existing or separately purchased outfit - transforming the wheelchair into a cohesive, visually striking, and integral part of the overall costume story. TOOLS NEEDED Sander and sandpaper (≥ 400 grit) Laser cutter Mini Foam paint roller Scissors Sewing machine + sewing clips or pins Electric or hand drill Phillips head bit 3 mm drill bit",Fun/Leisure,assistivetool:crutches; assistivetool:wheelchair; technology:sawing; age:kids
Telescoping Low-Grip Robotic Reacher,https://tomglobal.org/project?id=65ef0eefc360e629291103f6,Telescoping Low-Grip Robotic Reacher,Our Need Knower is a female diagnosed with muscular dystrophy who uses a wheelchair to navigate her environment. Her wrist drop and minimal grip strength make it nearly impossible for her to utilize a standard reacher.,Our Need Knower would like to independently retrieve dropped items from the floor without having to rely on the utilization of her feet or waiting for her son to assist in order to retrieve items that have fallen on the floor.,This solution will allow our Need Knower to retrieve objects more independently without needing grip strength that she does not have and without relying on others or using unsafe maladaptive techniques.,"We are offering a battery-operated, touch sensored, retractable robotic reacher with a mechanical claw and forearm splint that secures to facilitate remaining in place. Tools needed Heavy duty gloves PC or MAC I7 + Clamps Pliers Needle-nose pliers Cutter scissors scissors scissors scissors Electric Srewdriver Hot air blower Hot glue gun FDM Printer Stand Soldering set Cable stripper",Daily Living,
Shopping Basket for Wheelchairs,https://tomglobal.org/project?id=6421ce8d98e9212841727fc8,Detachable Shopping Basket in front of the wheelchair above the need knower knees with an average space that will not interfere with maneuverability nor stability of the wheelchair,Itzik Braer is an elderly man on a wheelchair that lives in Kyriat Yam Israel,While carrying out groceries shopping on a wheelchair there is no place nor the ability to comfortably collect all the needed items during the process,Our solution will bring the option to attach a shopping basket to the wheelchair in a simple easy and fast way to collect all the needed items during the groceries shopping process,Detachable Shopping Basket in front of the wheelchair above the need knower knees with an average space that will not interfere with maneuverability nor stability of the wheelchair Tools needed Protective glasses PC or MAC I7 + Measurement tool Leveler Clamps Vise grip Electric Srewdriver,Daily Living,
Pre-Cane (Adaptive Mobility Device),https://tomglobal.org/project?id=6995e76d8291920014f837f6,Pre-Cane (Adaptive Mobility Device),The device is intended to be built and used by a Certified Orientation and Mobility Specialist (COMS) for O&M training. A COMS is a trained professional who teaches individuals who are blind or visually impaired how to travel safely and independently.,"A pre-cane/adaptive mobility device may be needed in Orientation and Mobility (O&M) when an individual, often a young child, is not developmentally ready or physically able to use a long cane safely and effectively.",This device can be easily built by a COMS for use with their students in exploring early independent mobility.,This pre-cane helps to provide stability and encourages environmental exploration and spatial awareness. The device features an optional handle for adult assistance as well as optional auditory/tactile feedback for the user. Tools needed Protective glasses Measurement tool Pvc pipe cutter Dremel,Daily Living,
device for mouth painting,https://tomglobal.org/project?id=65d1e922a3e42b7b7d51ae38,device for mouth painting,people that paint with their mouth. that people move only thier neck and cant bend their back or lean to the table.,"now, with no adjustments, they are depended on an external person to hold the surface with the colors for them, so they can reach to the colors only by moving their neck.","with the use of the device, the person take the paintbrush from the device and take the color that he chooses, and paints, independently.","device that stand on the table and  have the liquid paints\colors prapared for painting. the device also include the drawing page, so the person dont need to move with his wheelchair from side to side to take the colors to the drawing page. Tools needed Measurement tool Clamps Screwdriver set Hammer Monkey wrench Stanley knife Pull saw Electric Srewdriver FDM Printer",Hobbies,
The Grabber,https://tomglobal.org/project?id=5ca3885cb506a2297168a981,The team created a device that helps Kim grab things with her mouth and bring them closer for ease of use. This simple and elegant mechanical grabber is easy and inexpensive to produce. The success of the initial prototypes had shown many need-knowers what is possible. The Grabber is a device that allows the user to grab and move objects using your mouth. The device is intended for people who are unable to use their hands to grab or move objects.,,,,,Daily Living,priority; condition:amputee; bodypart:hand; activity:communication
Assistive Typing Tools for Amputated Fingers,https://tomglobal.org/project?id=67dad6f6256ef9001397ff61,Assistive Typing Tools for Amputated Fingers,People with amputated Fingers,These tools are designed to enable smooth and comfortable typing on a keyboard for individuals with amputated fingers.,"The tools offers two solutions: one extends the amputated finger, while the other stabilizes an additional finger for improved control and accuracy while typing.","Assistive Typing Tools for Amputated Fingers, Designed to Enable Fluent and More Comfortable Typing on a Keyboard. Tools needed PC or MAC I7 + Measurement tool Digital caliber FDM Printer Laser Cutter",Daily Living,
Wheel chair,https://tomglobal.org/project?id=5d981398b810e413a52814d4,lightweight wheelchair with the purpose of giving Jose Angel (the need knower) independence to play and move around the house and neighborhood.,,,,,Fun/Leisure,priority; condition:paralysis; bodypart:legs; assistivetool:wheelchair; general:games
Adaptive Archery Device,https://tomglobal.org/project?id=6796616c30ee740012da07f8,"Our solution offers an adaptive device that holds the bow, allowing the user to draw and shoot the bow independently.",Individuals with muscular dystrophy in wheelchairs who want to practice archery.,"This project is needed because people with muscular dystrophy can’t hold a bow on their own and often needs someone to assist them. The device allows them to practice archery independently, giving them a sense of freedom and achievement.",It removes the need to lift the bow's weight while providing the freedom of movement needed for archery. that way individuals with muscular dystrophy are able to shoot without any help from others.,"Our solution offers an adaptive device that holds the bow, allowing the user to draw and shoot the bow independently. Tools needed Prusa slicer Allen keys set Electric Srewdriver FDM Printer",Sports; Hobbies,
Wheelchair Umbrella,https://tomglobal.org/project?id=5e3b94f7d848736b09554582,"The device is intended to be used by those in a wheelchair needing support for an
umbrella regardless of wind condition and wheelchair design. Providing sufficient
coverage when moving from chair to vehicle.",,,,,Outdoor,condition:paralysis; bodypart:legs; assistivetool:wheelchair
Piano Pal - Stabilizing Arm Support for Playing the Piano,https://tomglobal.org/project?id=66fe099b6b07820013993862,Piano Pal - Stabilizing Arm Support for Playing the Piano,"This device is designed for individuals with arm weakness or reduced motor control. It provides support and stability, allowing users to focus on playing the piano without the added strain of controlling arm movement.","Beverly had a partial amputation in her left hand due to blood clots and has trouble controlling the right side of her body after suffering from a stroke. She loved playing the piano before her accidents, and she wants to be able to play again.","This solution will provide strength support, prevent hand tremors from impacting piano play, and allow for easy arm movement.",Our solution is a customized table that fits in front of a piano to provide arm support. The arm is strapped into a rolling ergonomic support cushion that slides efficiently to allow easy access to all of the keys on the right side of the piano. Tools needed Protective glasses Measurement tool Screwdriver set scissors Pull saw scissors sewing machine scissors Electric Srewdriver Hot glue gun Laser Cutter,Hobbies,
Guitar strummer,https://tomglobal.org/project?id=67e5074cfcd18500131b128e,Guitar strummer,Guitat players missing the srumming arm,To help people without an arm persue their passions and hobbies.,It will solve it completely by addresing the need and copying the movement of an arm.,"A mechnic that will strum the guitar automatically, changing strumming patterns by the choice of the user. Tools needed Measurement tool Pliers Cutter Dremel FDM Printer",Hobbies,
Stiwar's Desk,https://tomglobal.org/project?id=5d7a9678b810e413a5281165,"The device was designed for Stiwar, a young kid that suffers from cerebral paralysis. Stiwar has a limited range of motion, suffers from involuntary movements, and in addition is confined to a wheelchair. This device was designed to give Stiwar independence. The specific purpose of the device is for him to be able to reach everything he needs to study, paint, or play, without help from someone else. The device takes into consideration his limitations, he needs to approach the desk without standing up from his wheelchair, he can only grab objects in front of him, and objects that fall off are out of his reach. At the time Stiwar can not go to school because he would need constant help to do classwork and homework; hopefully, with the table, he can gain independence and can get enrolled in school.",,,,,Daily Living,condition:paralysis; condition:CP; assistivetool:wheelchair; condition:walking problems; condition:motor problems
How can we take care of the people in elderly care centers?,https://tomglobal.org/project?id=5ed3f9c35ea9e13b5a3af209,"TOM 2020 was a challenge the team was willing to take. Throughout these two weeks, the team designed three ideas that would help nursing homes in times of COVID-19. We wanted to create something that would assist the elderly whilst keeping in check their mental and physical health, and social necessities. Our first idea was to create some panels that could remove easily and simply assembled. These were principally meant for nursing homes that lack an individual infrastructure for each elderly, making sure that if one of them got symptoms of flu or infected by COVID-19 they could be isolated and stopped from spreading the virus. However, we still wanted to provide contact between the infected and the ones outside, so we designed the panels with covered windows and a plastic-like cloth space to play chess, board games, etc. Our second idea was to design an app that not only would remind the elderly of their medicine but would also give them entertainment and activities to do. With this, we wanted the patients to feel accompanied and motivated. Lastly, we wanted visits inside the nursing homes as safely as possible, so we made the design of a plastic-like, yet sustainable medical jumpsuit.",,,,,COVID19,technology:DIY; condition:hygiene
YogaFit Block – for custom hand support in yoga,https://tomglobal.org/project?id=6878b2a4d4eca1001430c006,"YogaFit Block is made for people who can’t fully stretch their fingers and have trouble placing their palms flat in yoga poses. We create a special angled hole in a foam block for the bent finger, so the hand can rest flat without pain. This helps keep balance and makes poses more comfortable.","YogaFit Block is designed for yoga practitioners with a fixed finger flexion or limited hand extension, who struggle to place their palms flat on the ground. It also suits anyone needing custom support for balanced hand positioning during practice.","Many yoga poses require placing the full palm on the floor. For individuals with fixed finger flexion, this becomes painful or impossible. YogaFit Block provides a simple, adaptive solution that reduces strain and restores balance.","YogaFit Block features a custom-angled hole that houses the flexed finger, preventing it from bearing weight or disrupting hand alignment. This allows the palm to rest fully on the block, enabling stable, pain-free contact with the ground during poses.","YogaFit Block is a dense foam block with a custom-angled hole that accommodates a flexed finger, allowing the hand to rest flat during yoga poses. A matching block without a hole supports the other hand, ensuring balance and symmetry. Tools needed Protective glasses Face shield Measurement tool Digital caliber Electric Srewdriver Jigsaw",Hobbies; Fun/Leisure,
Adaptive Mobility Trainer,https://tomglobal.org/project?id=64f58bd95a73c213940bdebd,A mobility trainer for indoor use / dry outdoor environments that is easily manufactured and assembled by people.,"This product is targeted for children of up to 5 years old, living with physical challenges, having diﬃculty moving independently in their home or schools and also for adults to push them around easily.",The proposed mobility trainer allows children with physical difficulties to safely navigate indoors with ease. Ideation and innovation are needed to ensure that the product can adapt as the child grows. Our team aims to locally source the needed materials in order to reduce overall production costs.,This product encourages the child to become independent in moving without the need of standing while being easy to stroll around when in need of assistance. Tools Needed CNC router 3D Printer Sandpaper / Sanding Sponge Microfiber cloth and water Rubber mallet/hammer Adjustable Wrenches Vacuum Gloves Screw Driver (Phillips) Long Nose Pliers *Optional* Electric Drill M4 Phillips head bit Sander Non-toxic markers Bill of Materials Please see detailed BOM and printing models in the downloadable product file. Estimated Time to Make 9 hrs of machine time 3 hrs of assembly time,A mobility trainer for indoor use / dry outdoor environments that is easily manufactured and assembled by people.,Daily Living,condition:paralysis; assistivetool:wheelchair; condition:walking problems; age:kids; condition:motor problems
Automatic Grabber,https://tomglobal.org/project?id=6806df21b1049f00124b7142,Automatic Grabber,"Some of the potential users of this product is anyone with low muscle tone, muscular dystrophy, wheelchair users, and anyone with reduced hand control.",Deklan often struggles with items in his way as he wheels around the house. Traditional grabbers are difficult for him to use and cause him to fatigue quickly. This grabber allowed Deklan to be more independent and even participate in his first egg hunt!,This grabber will allow Deklan to independently pick things up that he otherwise could not access while in his wheelchair while also reducing fatigue and muscle dystrophy.,"We are creating a switch powered automatic grabber. An automatic grabber can help Deklan do everything from participating in an Easter egg hunt for the first time to clearing his path on a daily basis, giving him more independence. Tools needed Protective glasses PC or MAC I7 + Fusion 360 Screwdriver set Allen keys set Needle-nose pliers Electric Srewdriver Hot air blower FDM Printer Stand Soldering set Cable stripper",Daily Living,
The Adjustable Dog Guide Harness,https://tomglobal.org/project?id=5ca3885cb506a2297168aa57,"The adjustable harness enables guide dog handlers to readjust the length and/or angle of the harness handle to suit their needs. For example, if the user’s shoes cause a significant change in height, they can lengthen the handle so they can stay safely and comfortably remain positioned beside the dog. The flex in the handle helps for the handle to meet the new position whilst still maintaining the required rigidity to enable the user to feel the dog’s movements. The design can be fitted to both fabric and leather harnesses.",,,,,Outdoor,priority; activity:dog walking
Sensory Chair,https://tomglobal.org/project?id=679695ef30ee740012da402c,Sensory Chair,Those in need of sensory input while seated,To provide safe and appropriate sensory input for individuals who require this input to function and complete daily tasks while sitting.,Our solution will provide sensory input for back and forth motion while seated which will allow for the client to gain the necessary input for them to complete their daily tasks and increase focus.,We are offering a stable chair with a built-in bungee backing to help the client gain the sensory input while in a sitting position. Tools needed Protective glasses Measurement tool Clamps Rubber Hammar Jigsaw,Daily Living,
The Rewind,https://tomglobal.org/project?id=662c2930853f090012ca065d,The Rewind,Everyone with a dog!,"Retractable leashes today are a safety hazard. They require large force inputs, and must be held manually, requiring users to multitask. This is especially hard for low-dexterity users. Everyone deserves a safe and easy to use leash for their dogs.","Our design minimizes the input force required to use, while ensuring the device is always on you with a comfortable write attachment feature. These features allow low-dexterity users to do one action at a time, ensuring their ease of use.",We are offering a solution for the difficulty of holding and pressing buttons a retractable leash. Tools needed Protective glasses PC or MAC I7 + Fusion 360 Prusa slicer Screwdriver set sewing machine Hot glue gun FDM Printer,Daily Living; Outdoor,
Parametric Upright iPad Enclosure,https://tomglobal.org/project?id=65dde1d7c360e629290810ba,Parametric Upright iPad Enclosure,We recently started working with Scott from the AIU for the past month. He developed a few sketches and ended up crafting his ideas into a helpful aid for iPads. We are currently working with him to upload his project into the TOM website.,"This project is needed for stability and safety in the class. Many students like to throw things that are in front of them including iPads. Not only does this break the iPads, but it can also injure a student.",The iPad Enclosure has slits in the bottom that allows a ratchet strap to pass through and wrap around the table. This firmly keeps the iPad steady and prevents the iPad from being thrown or easily removed.,The Solution being offered creates a fixed iPad holder that allows the students to have a safer more stable learning condition. Tools needed Protective glasses Fusion 360 Measurement tool Clamps Vise grip Circular saw,Daily Living,
Limb Attachment with Interchangeable Implements,https://tomglobal.org/project?id=65e4e33bc360e62929090fa4,Limb Attachment with Interchangeable Implements,Mathias is a 15-year old student that recently had all 4 limbs amputated. He is trying to gain more independence and navigating his new life as an amputee.,"We want to give Mathias, a quadruple amputee, the ability to eat, use a stylus, write, and paint.",This solution will allow Mathias to fulfill daily living tasks without hands or fingers,"We are creating a modular, adjustable, 3D printable limb attachment with interchangeable implements Tools needed Fusion 360 Vise grip Screwdriver set Allen keys set scissors sewing machine Electric Srewdriver Hot glue gun FDM Printer Soldering set Cable stripper",Daily Living; Hobbies; Fun/Leisure,
Hard Hat Headband,https://tomglobal.org/project?id=65ecbf0ec360e629290e9ccf,Hard Hat Headband,"Emily works for an oil pipeline company. Her job requires site visits where a hard hat is required. She has trouble wearing one because of where the straps fall on her head, which causes issues due to Chiari Malformation.","Chiari Malformation is when the brain is being pulled down through the skull and causes pressure on the brainstem. The straps of a hard hat press directly on that area, making a standard hard hat impossible to wear.",The soft knit band removes the pressure in a sensitive location to avoid Chiari symptoms. It resembles the typical practice of wearing a hat under a hard hat. It also keeps the hard hat stable on her head with a good fit to protect her on site.,This solution removes the section of the band causing pressure without compromising the protective suspension system of the hat. It is replaced with velcro and a knit fabric band that extends down her head. Tools needed Measurement tool sewing machine scissors,Daily Living,
Foot Eversion Wedges for Standing Frame,https://tomglobal.org/project?id=6710166c6b078200139ba876,Foot Eversion Wedges for Standing Frame,"Physical therapy patients can place our adjustable device on the foot plates of a standing frame to gently bias their feet toward eversion, helping them lie flat for proper support.","A standing frame is used in physical therapy to support patients who are severely weak or paralyzed in an upright position. However, patients with increased muscle tone in their feet may struggle to stand properly, as their feet cannot rest flat.",Our device will bias a patient’s foot towards eversion at varying degrees.,Our solution prevents physical therapy patients' with increased muscle tone feet from rolling to the outside while using a standing frame. Tools needed PC or MAC I7 + Fusion 360 Measurement tool Wood Filing Tool FDM Printer Laser Cutter,Therapy,
Finger Stability Stent,https://tomglobal.org/project?id=67e1ff4f256ef90013992f42,Finger Stability Stent,Individuals with limited finger/hand mobility that have trouble pinching and grabbing things.,To restore the ability of individuals with limited hand mobility to pinch handle things easily.,"Help picking up things (like keys, water bottles, pencil, etc) twisting things (door knobs) with less pain caused by Kenny's neuropathy.",A finger brace that stabilizes his index and middle finger which will allow him to pinch and grab things easier. Tools needed Measurement tool Cutter scissors Pull saw sewing machine set of needles Hot glue gun,Daily Living,
Tray Holder End Unit - TOM Arm Prosthesis,https://tomglobal.org/project?id=66d601a6cb3e430013d664ce,...,"This project was designed and developed with Noam, below-the-elbow amputee who hoped to achieve greater independence in the kitchen.",An arm amputation poses multiple challenges to the amputee’s ability to perform basic daily tasks such as using both hands to hold a plate or use the oven.,"This end unit has an ability to hold an oven tray grabber, which helps grab a hot or cold oven tray in and out of the oven. It also has the ability to hold plate and that lets the other arm to be free.",This is an adjustable kitchen plate/tray holder attachment that connects to the TOM Parametric Arm Prosthesis enabling an amputee to hold a plate or use the oven. Tools needed Protective glasses Fusion 360 Measurement tool Clamps Pliers Cutter Hammer Circular saw FDM Printer,Daily Living,
Communication Tool,https://tomglobal.org/project?id=65efb8afc360e629291656ef,Communication Tool,"The Need-Knower has Autism Spectrum Disorder, and has the mental capacity of a 4-year-old despite being 16.","This project is needed because the NK wants to communicate her wants and needs effectively to her caregivers. She tries to use her tablet, but ultimately gives up in the process, and is unable to express herself vocally, greatly impacting her life.",This solution will address the challenges by facilitating effective communication through an adaptive device that can either connect/add to her current communication tool (tablet) or provide a separate solution.,"The solution we are proposing is a Communication Tool similar to PECS, but adapted to her texture preferences and comprehensive abilities. Tools needed PC or MAC I7 + Cutter FDM Printer",Daily Living,
Towel Wringer,https://tomglobal.org/project?id=65db8ca94aeece0594f79c8a,Towel Wringer,Pache has rheumatoid arthritis which limits the dexterity in her hands. She needs a device that can help with wringing out a towel.,"This project is needed because wringing out a towel is a common, everyday task that requires a high level of dexterity and rotational movement of the hands. This task is very difficult, if not impossible, for individuals without full hand/ wrist mobility.","After placing the towel in the device, the lid will be pushed downwards and water will be expelled.","Our device will aid in wringing out a wet, small towel or sponge with little effort required by the user. Tools needed PC or MAC I7 + Screwdriver set FDM Printer",Daily Living,
Adapted Checkers and Backgammon,https://tomglobal.org/project?id=6818de393fc0650013986b64,Adapted Checkers and Backgammon,"This solution gives an alternative to playing checkers for those who lack finger dexterity or fine motor skills, but still retail fine wrist movement. This can also be used in physical therapy to train wrist movement.","This solution enables more people to play checkers. It also doubles as a way to train wrist movement that, according to our physical therapist consultant is especially difficult to build.",This solution lets the user depend on their wrist to pick up checker or backgammon pieces instead of their fingers.,We are offering a new checker said and hand/wrist attachment to be able to precisely move checkers without using your fingers. Tools needed Prusa slicer FDM Printer,Hobbies; Fun/Leisure,
PillPal,https://tomglobal.org/project?id=641746a14814d609abb840c9,PillPal,Elderly who wish to travel but are prescribed with multiple medications.,"Many of the elderly are prescribed with 5 or more long term medications per day.We aim to ease the burden on both the elderly as well as their care takers. Not only will they be on track with their medication, but they can also have a stress free vacation.","This device will remind elderly to take their medication on time by dispensing the given dosage at pre-set times with an in-built alarm system. In addition, caregivers do not have to pre-sort individual dosages.",Potable automated pill dispenser Tools needed PC or MAC I7 + Fusion 360 Measurement tool Screwdriver set Pliers Needle-nose pliers Cutter scissors Dremel Hot glue gun FDM Printer Soldering set Voltmeter Cable stripper Tester,Daily Living; Outdoor; Fun/Leisure,
Arm Support,https://tomglobal.org/project?id=662e58b5853f090012cc9ec7,Arm Support,Anyone with an arm cast,Traditional ways to support someone with arm cast involves a sling which ends up digging into the neck causing pain and discomfort. The neck was not made for weight bearing; the hips were. The solution aims to transfer the weight of the cast to the hips.,"This prevents the use of a sling. The hips were meant for load bearing. Additionally, in a humid country (like SG), this allows for better ventilation around the torso, reducing sweaty patches, allowing for a more effective and user friendly solution.",A completely 3D printed arm support that transfers the weight of the arm cast to the waist. Users can attach it to their belts and carry on with their life. Tools needed FDM Printer,Daily Living,
Assistive Mixer Knob Adapter System,https://tomglobal.org/project?id=6813d635ef498b0012caa11d,Assistive Mixer Knob Adapter System,"Individuals with limited hand dexterity—such as those with cerebral palsy, arthritis, or spinal cord injuries—who need to adjust knobs on audio equipment or similar interfaces independently. It can also benefit aging users or those recovering from injury.","Many audio tools lack accessible controls. This solution enables users with motor impairments to operate mixer knobs without assistance, promoting independence and inclusion in creative and professional audio work. It supports self-expression and creative","Ben lacks fine motor control and finger coordination, making it hard to pinch or grip knobs. This sleeve lets him turn knobs using broad hand or arm motions. Its friction fit allows easy, independent control—no precise finger movement needed.","We designed a non-motorized sleeve that tightly fits over mixer knobs. With protruding arms, it allows rotation using a palm, knuckle, or fist. A precise friction fit ensures the knob turns with the sleeve, enabling use without fine motor control. Tools needed PC or MAC I7 + Fusion 360 Prusa slicer Measurement tool FDM Printer",Daily Living; Hobbies; Fun/Leisure,
Easy Earnie,https://tomglobal.org/project?id=6510d7b4ed09cf6fe1bdab91,Easy Earnie,Fiona is a 41-year-old administrative coordinator in Camberwell who has a diagnosis of mild cerebral palsy which impacts the function within her left upper limb.,Fiona finds it difficult to independently don/doff her favourite screw-back earrings due to limited range of movement and dexterity within the left upper limb.,"Easy Earnie serves as an additional hand for Fiona, enabling her to grasp and manipulate the earring while using her unaffected hand to securely screw it in place.","A specialised earring application and removal device created to meet the unique requirements of people such as Fiona, who experience difficulties due to restricted fine motor skills and limited upper limb range of movement. Tools needed Heavy duty gloves Protective glasses Face shield Protective headphones Measurement tool Digital caliber Silicone gun Hot air blower Hot glue gun FDM Printer Soldering set studio backdrop stand",Daily Living,
Modular Accessible Gaming Controller,https://tomglobal.org/project?id=65e112d4c360e6292908a087,Modular Accessible Gaming Controller,Mathias is a 15-year-old student that recently had all 4 limbs amputated. He is trying to gain more independence and navigate his new life as an amputee.,"We want to give Mathias, a quadruple amputee, the ability to play video games independently",This solution will allow Mathias to play video games without needing hands or fingers.,We are creating an 3D printable accessible gaming pad. Tools needed Fusion 360 Measurement tool scissors Hot glue gun FDM Printer F-Crimp Soldering set Cable stripper,Hobbies; Fun/Leisure,
Mobile Emergency Armchair,https://tomglobal.org/project?id=674cbca88617b5001429b307,"A modified IKEA armchair equipped with wheels, designed to function as both a comfortable sitting option and a mobility aid for emergency situations.","This product is specifically for individuals with limited mobility who require a wheelchair, such as Gabriel, an elderly man living in Nahariya, a conflict zone within rocket and missile range.","In emergencies, Gabriel's inability to transfer quickly from his couch to a wheelchair prevents him from reaching a shelter in time. This delay compromises his safety during sudden alerts.","The armchair combines the comfort of a standard daily-use chair with the functionality of a wheelchair, eliminating the need for a transfer. It allows Gabriel to sit comfortably throughout the day and move to a protected area quickly and safely when needed. The dual-purpose design ensures that mobility is immediately available during emergencies without compromising daily comfort.","A modified IKEA armchair equipped with wheels, designed to function as both a comfortable sitting option and a mobility aid for emergency situations. Tools needed CNC Sandpaper - varying grits, up to at least 240 Brush for applying wood glue 2 No. 17 Wrenches Electric Screwdriver 3mm Twist Drill Bit Phillips Head Bit",Daily Living,technology:DIY; condition:paralysis; assistivetool:wheelchair; condition:walking problems; condition:motor problems
Umbrella,https://tomglobal.org/project?id=5dc351fd5cb35d632b07ee85,"The prototype is made up of two parts: a connector to the wheelchair and the mechanism to secure the umbrella. The connector is permanently secured to the wheelchair to allow for other devices to be attached in the future. The mechanism to hold the umbrella is secure enough to not let wind or other external forces disrupt the umbrella, but is mobile to be adjusted to Carrie’s preference.",,,,,5d48384f327725170bc5f96d,
Hands-Free Mouse,https://tomglobal.org/project?id=67acf83630ee740012debfff,Hands-Free Mouse,Individuals who are unable to use their arms/hands to click and scroll on their computer and have a computer that allows wired connections.,"Sally has bilateral epicondylitis, otherwise known as tennis-elbow, which makes it hard for her to use her arms when working on the computer. The goal of our project is to create a system that allows her to click, scroll, and move the mouse cursor through","The base has two buttons for left and right click and a scroll wheel. The foot mouse behaves as a mouse does and moves the cursor. Both systems are integrated and communicate with the user's computer to carry out click, scroll, and cursor functions.","A system that allows the user to click, scroll, and move their mouse cursor all through the use of their feet. Tools needed Prusa slicer scissors FDM Printer Soldering set",Daily Living,
Spoona,https://tomglobal.org/project?id=63b4a71df3e67771d294fbba,"A utensil holder that a pet – Donna, Bracha’s dog, in our case – can put in his or her mouth to feed their owner.","Bracha is an inspiring woman who is quadraplegic, yet has continued to experience a full life and explore her talents and passions such as creating art.","As a quadraplegic, Bracha is unable to feed herself on her own. Although she shared with us that her service dog, Donna, knows how to feed her, she rarely does so because they do not have the proper equipment to do so.","The spoon holder we created enables Donna, Bracha’s dog, to feed Bracha. It is made of a washable, lightweight, soft material so it is hygienic and comfortable for Donna, and securely holds a soft spoon so as to avoid the risk of hurting Bracha’s teeth.","A utensil holder that a pet – Donna, Bracha’s dog, in our case – can put in his or her mouth to feed their owner. Tools needed Face shield Protective headphones PC or MAC I7 + Fusion 360 Prusa slicer Measurement tool Vise grip Circular saw FDM Printer",Daily Living,
Hanukkiah For All - Electric Accessible Hanukkah Menorah,https://tomglobal.org/project?id=654cdb70bcee673bde4b6abf,Hanukkiah For All - Electric Accessible Hanukkah Menorah,The users for this project are people with disabilities who want to fully participate in Hanukkah ceremonies and traditions.,This Hanukkiah is designed to be accessible for people who may have limited dexterity or mobility challenges that make lighting traditional candles difficult or dangerous.,"The custom 3D printed design, battery powered lights, and adjustable button will enable those with dexterity, mobility, or other challenges to independently and safely light the Hanukkiah.",The solution I am offering is an open source 3D printed electric Hanukkiah that is customizable and accessible for people with disabilities. Tools needed PC or MAC I7 + Prusa slicer Cutter FDM Printer Soldering set Cable stripper,Daily Living; Hobbies; Fun/Leisure,
"Paris 2023 - Ergonomic throttle trigger ergonomically designed for left-hand | ""Gachette facile""",https://tomglobal.org/project?id=64abd248af33252175669d82,...,"Acceleration triggers on the market can only be operated with the right hand. Johan, whose disability limits the mobility his right hand, wanted a trigger that was ergonomic and could be operated with his left hand.","Acceleration triggers on the market can only be operated with the right hand. Johan, whose disability limits the mobility his right hand, wanted a trigger that was ergonomic and could be operated with his left hand.","The solution will make it possible to respond 100% to the need but also, will allow others to modify their trigger themselves. The trigger can also be reused for a right-handed person",Change a right-handed throttle trigger to a left-handed throttle trigger Tools needed Protective glasses PC or MAC I7 + Measurement tool Digital caliber Vise grip Screwdriver set Allen keys set Cutter Hammer FDM Printer CNC Machine Laser Cutter,Sports,
Bilateral Activity Table – Enabling Two-Handed Access,https://tomglobal.org/project?id=68888648a83a1d00122b120a,"A custom-made, height-adjustable floor table with a semi-circular cutout, designed to bring the surface close to the body and support two-handed access for children with upper-limb differences.","Designed for children with upper-limb differences, this solution also supports occupational therapists and families seeking to promote two-handed engagement, play, and independence in daily routines. Children with limb differences often struggle to access.","Children with limb differences often struggle to access standard tables. This solution provides a low, adaptive surface that supports two-handed use, enabling play, learning, and therapy that would otherwise be out of reach.","By bringing the tabletop closer to the torso and adjusting height per side, the table enables stable, comfortable use of both arms—supporting bilateral activity, improved reach, and greater independence during play and therapy.","A custom-made, height-adjustable floor table with a semi-circular cutout, designed to bring the surface close to the body and support two-handed access for children with upper-limb differences. Tools needed Heavy duty gloves Protective glasses Protective headphones PC or MAC I7 + Prusa slicer Measurement tool Clamps Screwdriver set RingOpen key set Pliers Cutter Hammer Rubber Hammar Electric Srewdriver CNC Machine",Daily Living; Therapy,
Walker Storage,https://tomglobal.org/project?id=644eb9bb4996735f844a43dd,Walker Storage,Lela is an 89 year women who suffered several pelvic fractures after a fall and relies on a walker for everyday mobility.,"Lela originally had a bag attached to the walker for storage, however it was unstable when she moved. She wanted a more secure place to store everyday objects, and wanted one that could be placed on the inside of the walker for safety reasons.","This will allow Lela to bring necessary items with her, whether it is needed around the house or going out in public. She will feel more secure having her belongings close to her and having a sturdy structure that does not restrict mobility.","A device that can attach to the walker, facing the inside, and store common items. Tools needed PC or MAC I7 + FDM Printer",Daily Living,
IRAZU: Quadriplegic's Mouth Joystick Mouse with Adaptive Puff-Click Controller,https://tomglobal.org/project?id=65cc013a9c60ec10f9179fd7,IRAZU: Quadriplegic's Mouth Joystick Mouse with Adaptive Puff-Click Controller,"Irazu is a device designed to alleviate the current hardware limitations for individuals with paralysis from the neck down, who cannot afford alternative control devices to operate their computers. It is distributed through a free do-it-yourself manual.","Commercially available assistive devices designed for people with quadriplegia can be prohibitively expensive. ""Irazu"" eliminates this barrier by providing a low-cost alternative that families, or their caregivers, can build themselves.","It offers an affordable and sustainable assistive device, enabling hands-free computer control, overcoming affordability barriers and improving the quality of life for those facing mobility challenges.","This low-cost, sustainable, and easy-to-build assistive technology device uses a hands-free interface, allowing users to control their computers using head or lip movements for cursor navigation and breathing control (blow) to click. Tools needed Screwdriver set Cutter scissors Hot glue gun Soldering set",Daily Living; Therapy; Hobbies; Fun/Leisure,
Reverse Vision for Wheelchairs,https://tomglobal.org/project?id=67e1580bb737fa00128be0f5,"The system uses a smartphone as a display running a custom app, connected to a rear-mounted webcam. This setup gives wheelchair users a clear rear view, improving mobility, accuracy, and independence.","Developed for a para-boccia athlete who can’t turn her head to look back, this reverse camera helps her stay within court boundaries. It also supports other wheelchair users needing better rear visibility and safety.","This project helps wheelchair users who can't turn their heads see behind them. It prevents errors like crossing boccia court lines and improves safety, precision, and independence in daily and sports activities.","By streaming live video from a rear webcam to a smartphone screen, the system gives users real-time rear visibility—solving the challenge of limited neck mobility and helping avoid obstacles or crossing boundaries during movement.","The system uses a smartphone as a display running a custom app, connected to a rear-mounted webcam. This setup gives wheelchair users a clear rear view, improving mobility, accuracy, and independence. Tools needed scissors Stanley knife",Daily Living; Sports; Hobbies,
Nana's Knife - Two Finger Cut,https://tomglobal.org/project?id=62bc17f8b5d54e22c71e8fb5,"Our device allows the user to cut a salad with just two fingers.
The armpit and hand area will be static, but the palm and
fingers will be dynamic. The device only connects to two
fingers with a cutting knife in between.","Our Need-Knower is Nana Mel, a 52-year-old breast cancer fighter. Since her surgery, during which surgeons removed samples from her breast and armpit area, Nana has experienced pain in her hand when cutting with a knife.","Many breast cancer patients undergo similar surgical procedures to Nana, as well as additional treatments such as chemotherapy and radiation, and as a result, struggle with a similar type of pain when using knives. This project aims to ease patients’ healing period and make everyday actions feel as normal as possible.",This solution secures a knife blade between two fingers to enable users to cut while keeping their shoulder static and wrist/hand muscles relaxed (no gripping required). Tools Needed 3D printer Hot Glue Gun Tin snips (tool that can cut metal) Bill of Materials Please see detailed BOM and printing models in the downloadable product file. Estimated Time to Make 1 hour of print time 0.3 hours of assembly time,Nana’s Knife - the Two Finger Cut tool is designed to help users with limited shoulder-through-palm mobility to cut with a knife with ease.,Daily Living,bodypart:hand; technology:3D Printing; general:handle; bodypart:fingers; activity:eat
Voice-Activated Door Opener,https://tomglobal.org/project?id=681279d9bb626b0012cd9082,Voice-Activated Door Opener,Potential users for this project are anyone who has difficulty physically opening their doors. This solution allows them to simply give voice commands to the door rather than physically opening it.,"Originally, this project was developed to help a paralyzed man open his door. People with paralysis lose a lot of autonomy in their daily lives, one example being opening and closing their doors. This project allows greater autonomy and mobility.","This solution allows the user to open the door based on his voice rather than physical strength and mobility. He will be able to navigate throughout his home on his own based on speaking the words ""open"" and ""close"".",A voice-activated system that wheels the door open and closed based on voice commands from the user. Tools needed PC or MAC I7 + Screwdriver set Pliers Needle-nose pliers Pvc pipe cutter FDM Printer Stand Soldering set Cable stripper,Daily Living,
Wheelchair Wheel Cleaner,https://tomglobal.org/project?id=5cb802abb506a2297168b0c3,"The purpose of this device is to clean the tire surface of the wheelchair wheels to remove dir tand any other remnants. The user would use this device before entering their house to ensure that the wheelchair wheels don’t spread dirt and remnants inside the house. The device is autonomous, using the movement from the wheels on the device.
see also:
https://tomglobal.org/project?id=5e26d52cd848736b09554477
https://tomglobal.org/project?id=5e772deb700d243bd850dfb9",,,,,Daily Living,assistivetool:wheelchair
School Desk Tablet Adapter,https://tomglobal.org/project?id=68d5c6f0b5d0a5001389f098,School Desk Tablet Adapter,"People who need to ensure that a tablet will not get knocked off a desk, specifically a school desk.","Liam's tablet, which he uses to input what he wants to speak, is very expensive and his parents want to make sure that it does not get knocked over when he plays and breaks. This has happened with another tablet before.","It will make sure that the tablet cannot get knocked over or fall off of his desk, preventing damage to the tablet.","We will be making something that grips onto his tablet and connects it to his desk in a stable way so that if the tablet gets hit, it does not move. Tools needed Fusion 360 FDM Printer",Daily Living,
UpScale,https://tomglobal.org/project?id=5e6f8e9e94711e10b13ebdfd,"UpScale is a lightweight, easy to store wheelchair scale adaptation that allows wheelchair users to weight themselves at home while remaining seated in their chair. The product is composed of two aluminum slides that sit on top of any basic scale so wheelchairs can easily roll on and off. UpScale was designed by wheelchair users and makers from TOM:TLV. For less than $60 USD in manufacturing costs, TOM’s UpScale is both affordable and accessible to all people, no matter their location or economic situation.",,,,,,
Page Turner -,https://tomglobal.org/project?id=64512d994996735f844f79cb,Page Turner -,Briena suffers from multiple sclerosis that limits the movement of her limbs and holds her hand close to her chest without full range of motion.,"Brina likes to read and draw. Due to multiple sclerosis, she is limited in the movement of her hands and cannot flip through a book independently. The goal of the project is to allow her to move pages and paint with brushes with minimal effort",The modular pole allows the hand to be supported on the chest in order to direct the forces of the hand in favor of a scrolling movement without wasting energy on holding the hand in the air.,A modular pole that is supported on the chest and allows with a light hand movement to move pages or draw. At the end of the rod there is a head with an anti-slip surface for catching pages. The head is modular and can be changed as needed Tools needed PC or MAC I7 + Fusion 360 FDM Printer,Daily Living; Hobbies,
Adapted Stroller,https://tomglobal.org/project?id=68d5c62bb5d0a5001389a8e0,Adapted Stroller,"Kids who need strollers/something to be taken around in, but have outgrown commercial strollers.","Liam has hypotonia, so he gets tired quickly when walking and needs somewhere to sit. Wheelchair/stroller must be collapsible so it can be easily transportable.","The collapsible joints of the stroller will not be blocked so it can collapse as intended. In addition, the wheels of the wheelchair will be replaced with more durable and elastic wheels.","Building upon the previous strollers made for Liam, we will be making sure that the stroller is collapsible so it can be easily transported as well as making sure that the stroller can go over rough terrain. Liam's feet will also be kept up. Tools needed Measurement tool Clamps Screwdriver set scissors Monkey wrench sewing machine scissors set of needles",Daily Living,
Galileo Vibration Plate Bar,https://tomglobal.org/project?id=68d5c6e4b5d0a5001389efd7,Galileo Vibration Plate Bar,People who need a bar/handle for their Galileo Vibration Plate.,Enhances stability/posture when using the vibration plate.,The presence of the bar gives Liam something stable to lean on and the adjustability allows him to continue using the same bar as he grows.,We will be making a height-adjustable bar for Liam to grab onto when using his vibration plate. Tools needed Protective glasses Measurement tool Cutter Electric Srewdriver Laser Cutter,Therapy,
Oxygen Concentrator Reel System,https://tomglobal.org/project?id=604568f06a4bc57101dcd0b6,"OxySpool aims to solve the problem of long oxygen tubes associated with chronic obstructive pulmonary disease (COPD). OxySpool reduces the tripping and tangling hazard by connecting the hose to an automated spool with adjustable speed controls. Using controls as intuitive as a mouse wheel, the user can easily roll up the hose to their desired length and move around their home without hindrance. The built in failsafes ensure that the hose never pulls in more than desired, and the discrete modular design allows the device to be placed anywhere in the home. Extending the hose puts the reel into free spin mode, allowing a smooth deliverance of reinforced tubing, minimizing kinks and knots while offering a free range of movement.",,,,,Daily Living,
Paris 2025 - Boccia with Style 🎯 Project n°8 - 2025 Edition,https://tomglobal.org/project?id=6839629efe165900123e5782,Paris 2025 - Boccia with Style 🎯 Project n°8 - 2025 Edition,🦽 For: Athletes with reduced mobility who want to play boccia with more precision and independence.,"William introduces boccia — a precision sport for people with disabilities, like pétanque but with extra flair. 🎯 Your challenge: Design a super stable, personalized, and easy-to-use ramp to help players score perfect shots every game.",Official boccia ramps are expensive. Replaceable elements make this craftable ramp cheaper,A craftable boccia ramp with replaceable elements Tools needed Protective glasses PC or MAC I7 + Fusion 360 Prusa slicer Measurement tool Wooden chop set Wood Filing Tool Electric Srewdriver Circular saw FDM Printer,Sports,
Open Source Raspberry Pi Seizure Monitor,https://tomglobal.org/project?id=5ca3885cb506a2297168aaf9,"This device is for an epileptic person, where the seizure incorporates short, violent seizure motions, an increase in heart rate, muscular tension, and possibly a fall. This device utilizes a wearable device for the patient, with sensors sending signals to a base station in the care home via wireless protocols (wifi/Bluetooth). The software onboard (OpenSeizureDetector) enables the carer to modify trigger sensitivity and the ability to detect a seizure or fall. The Raspberry Pi then sends an alarm signal to the carer/s via RF transmitters to alert of a potential seizure.",,,,,,
Call for help,https://tomglobal.org/project?id=5ca3885cb506a2297168aacd,The team designed 4 buttons (they beta tested with 1 button between the preTOM and TOM to make sure this solution would work).,,,,,,
Travel Buddy,https://tomglobal.org/project?id=640de7926377df4983cbeae4,Travel Buddy,"Eyayu is a father of 3. He uses a manual handcycle to go to work, shops or anywhere he goes. He is sad that he is unable to take his kids to/from school because he couldn't travel with them, on public transport which they use, but is not suitable for him.","This project helps a manual handcycle user to travel with together with his/her kids anywhere he/she goes. Its something a parent without the disability takes for granted, but is really difficult for manual handcycle and wheelchair users.","The chair is made from materials like wood, foam and a metal frame that would be bolted to the main frame of the manual handcycle. Bolting the chair means attaching it, without altering the wheelchair in any way and to remove it easily if not needed.",A chair that could be attached to the back of a manual handcycle would allow a kid to seat and travel with the user. The chair would have features like a seat belt and a stair to help kids reach the chair. Tools needed Protective glasses Protective headphones Measurement tool Digital caliber Screwdriver set scissors Staple gun scissors scissors scissors Agle Grinder Circular saw,Daily Living,
safe house,https://tomglobal.org/project?id=64048edd5bcc0e51812bc4d6,The autism safe house offers a calming environment using sound and light devices and comfortable furniture to soothe patients during stressful times. This relaxing atmosphere helps patients unwind and find comfort.,autistic patients,"The safe room is critical for individuals with ASD, providing a safe and calming environment that helps reduce anxiety, tension, and behavioral outbursts, improving their quality of life.","The autism safe house provides a calm and safe environment, using sound and light for relaxation, and comfortable furniture to help patients relax and develop social and communication skills.",The autism safe house offers a calming environment using sound and light devices and comfortable furniture to soothe patients during stressful times. This relaxing atmosphere helps patients unwind and find comfort. Tools needed Protective glasses Face shield Protective headphones Measurement tool Leveler Clamps Vise grip Screwdriver set Wooden chop set Cutter Rubber Hammar scissors Silicone gun Stanley knife Pull saw Nail Gun scissors scissors scissors scissors scissors scissors sewing machine scissors Hot air blower Circular saw Hot glue gun Soldering set Cable stripper CNC Machine,Daily Living; Therapy; Fun/Leisure,
What solution can we propose so the children can do mobility exercises and stimulation at home?,https://tomglobal.org/project?id=5ec31fcd543a4748b3d4bcb0,"Amidst the COVID-19 pandemic, my team and I were presented with a brand new challenge! Quarantining has brought a new task to all parents, and our problem states just that. We had to find a way to establish strategies for parents that guide their children’s development of motor skills (Both gross and fine), and cognitive abilities by working with tools of daily use. Our final product was an extremely dynamic and easy-to-build design. PVC tubes, the main material in our design, were cut and calculated to fit 7 unique designs; one for each day of the week. Every day, there are different activities, that fit their own unique PVC design, as well as each meeting a specific purpose. For example: On Monday, the design focuses on fine motor skills. On Tuesday, the design focuses on gross motor skills. All of the materials needed to make our project are extremely easy to get since most of them are everyday items. Plus, pretty much all of them can be replaced for more affordable options, if necessary. Even if you do not want to use these designs, you can create your own! So look forward to the best option for your children, which is extremely affordable, as well as good en efficient on developing motor skills.",,,,,COVID19,technology:DIY
CP Stander,https://tomglobal.org/project?id=6235129b0abab55beec71b90,"The CP Stander provides the user with torso support to keep them standing upright while minimizing the footprint so that they can be up close to their toys/other activities. The free-standing solution is made with wood (easy assembly), and includes I-hooks to allow for adjustability as the user grows.",,,,,Fun/Leisure,condition:CP; bodypart:full body; age:kids
Beachair,https://tomglobal.org/project?id=5ca3885cb506a2297168aabb,Lev worked together with his colleagues at Philips to create a balloon wheel add-ons that can easily clip onto Nitzan’s chair. This simple solution costs 400NIS and can be easily adapted for other transit wheelchairs.,,,,,,
Automated Pant - Trouser Wearing Machine,https://tomglobal.org/project?id=61b9acda4f10776dbe48878f,"This is a trouser wearing machine, that enabled arm amputees to wear trousers
independently without anyone's help. It is quick and easy to use.
The machine is portable and is DC powered. The user can use it
even at the times when there is no access to electricity.The motors
will ensure minimal strain.This has a linear adjustable mechanism
which is flexible for different trouser sizes.
This machine design consists of 2 geared motors on each side which
are attached to supporting rods. The user will fix trouser hooks to
the machine hooks using his mouth. Finally, the pedals should be
pressed to achieve upward and downward motion.",,,,,Daily Living,condition:amputee; activity:getting dressed
Bounce - Independent play for non-mobile children.,https://tomglobal.org/project?id=6433bd797ffef4046d39c2fb,...,"Naina is a young girl who is non-mobile due to her disability. A Jumperoo was one of Naina's only ways to experience free and active play, but she has long since outgrown this and is seeking a new product to use.","Being non-mobile greatly hinders a child’s ability to take part in fundamental development activities. Bounce provides these children an opportunity to play independently and take part in an enjoyable, highly rewarding, physical activity.",Bounce allows non-mobile children to move and play independently in the way that is not often available to them. The design allows users to participate in the fundamental activities of play and physical movement to aid in their development.,Bounce is a frame which will integrate into the home environment and provide engagement for the user. The product keeps the user supported with a harness and elastic straps to provide them with the freedom to move and bounce safely. Tools needed Protective glasses Protective headphones Prusa slicer Measurement tool Clamps Screwdriver set FDM Printer,Sports; Fun/Leisure,
Multi-Purpose Wheelchair Bag,https://tomglobal.org/project?id=5ca3885cb506a2297168a9d9,"The solution will provide easy access to belongings, medications, and other items as it will be stowed on the side of the wheelchair. It can be actuated manually to provide the user with a steady table surface. This surface provides the user with a place to use his iPad, while the bottom side of the surface contains pouches where he can store his iPad and other important belongings.",,,,,Outdoor,condition:paralysis; bodypart:legs; assistivetool:wheelchair
Modified Stroller,https://tomglobal.org/project?id=681147b4450ab500128f1fd8,Modified Stroller,"Liam is a 9-year-old with Kleefstra Syndrome, a condition that often leaves him tired after walking for extended periods and gives him difficulties with fine motor skills due to low muscle tone.","Standard strollers are too small for him, wheelchairs are too bulky for outings, and medical strollers are expensive. This project aims to create a collapsible, affordable stroller that will allow Liam to be wheeled around comfortably and conveniently.","This stroller will allow Liam to be wheeled around comfortably and conveniently, making a tangible difference for him and his family.","We are creating a modified stroller that will be able to support a child that is about 90 lbs, and is collapsible and inexpensive. Tools needed Protective glasses PC or MAC I7 + Fusion 360 Prusa slicer Measurement tool Clamps Screwdriver set Allen keys set Cutter scissors Monkey wrench scissors sewing machine Electric Srewdriver Jigsaw FDM Printer",Daily Living,
Lifting table,https://tomglobal.org/project?id=618d39f64f10776dbe48863b,"The Lifting Table solution will allow moving from different heights independently, and reach places that were less accessible until now.",,,,,Daily Living; Outdoor; Hobbies; Fun/Leisure,
coNsoul,https://tomglobal.org/project?id=66215f9fc7bf230012380079,coNsoul,Teens with complex disabilities,To provide age appropriate leisure activities for teens with complex disabilities. To encourage active participation and socialization,"The switches activate objects such as party lights and a fan, with the possibility of additional actions in the future. The console enables an interactive game that combines music, communication and gaming with a tablet assembled as part of the console.","A simple, aesthetic, robust dedicated console with large wireless dedicated switched Tools needed Protective glasses PC or MAC I7 + Prusa slicer Measurement tool Screwdriver set Pliers Cutter Stanley knife Electric Srewdriver FDM Printer Soldering set Voltmeter Cable stripper Laser Cutter",Hobbies; Fun/Leisure,
Connecting to the environment  without a hearing aid,https://tomglobal.org/project?id=61b733524f10776dbe488785,"Deaf, People with hearing impairments, without a hearing aid
are unaware of their surroundings.
The user will define words by two categories, danger words - strong
vibration and words of interest, words that the user would be happy
to know what is being talked about. When the app recognizes the words
defined, it will send an alert to the smartwatch.
We offer a solution that can save lives in the ""daily"" moments, in crossing,
swimming in the pool, etc.
The application will help in danger situations by connecting the user
to his environment even when he is without a hearing aid. By doing
so, we will make life calmer and safer.",,,,,,
Shoe Mate,https://tomglobal.org/project?id=682c9f3d5a900900131cd8b1,"A secure, comfortable, and easy-to-use shoe retention system that prevents shoes from being kicked or pulled off, even during wild or repetitive movements.","This project is primarily designed for individuals who have difficulty keeping their shoes on due to involuntary or intentional movements. It also benefits caregivers who need a secure, easy-to-use solution for assisting individuals with sensory needs.","The primary goal is to secure the shoes comfortably, ensuring they remain on the wearer during active movement while allowing a full range of motion. It's important that the design enables caregivers to put them on quickly and without hassle.","The solution securely fastens the shoes to the feet using a comfortable, movement-friendly design that prevents removal through kicking. It is easy for caregivers to put on and take off, while being difficult for the wearer to remove on their own.","The solution is a secure, comfortable, and easy-to-use shoe retention system that prevents shoes from being kicked or pulled off, even during wild or repetitive movements. Tools needed Measurement tool scissors sewing machine set of needles",Daily Living,
Brace Yourself,https://tomglobal.org/project?id=65ed562ac360e629290f1eb6,A Brace to straighten his leg from the hip to the ankle.,"Avsha diagnosed with brain cancer and experienced complete paralysis on their right side following surgery. While the surgery successfully removed part of the tumor, now after rehabilitation he has no control just over his leg.","Lecturer's paralysis limits standing, hindering work. Brace from hip to ankle offers support for independent standing and controlled sitting. This could improve daily life and allow a return to lecturing, regaining independence and sharing knowledge",With this brace he will be able to stand to get back to his job as a lecturer.,A Brace to straighten his leg from the hip to the ankle Tools needed FDM Printer Laser Cutter,Daily Living,
Alice's pointer,https://tomglobal.org/project?id=6909bdca1267100012430405,Alice's pointer,"An adaptive device designed for users with limited hand dexterity, enabling both creative expression (drawing/painting) and educational interaction (button pressing/key activation) through precise head movements.","The product addresses a critical need for accessible educational and creative tools, bridging the physical gap for individuals with limited hand dexterity and fostering independence.","It restores independence by converting residual head motion into precise functional input, enabling users to draw and interact with educational tools autonomously.","An adaptive device designed for users with limited hand dexterity, enabling both creative and educational input through head movements and featuring a universal gripping mechanism for various pens and markers. Tools needed PC or MAC I7 + Prusa slicer Measurement tool Digital caliber scissors Pull saw set of needles FDM Printer",Daily Living; Therapy; Fun/Leisure,
3D Printed AT Library for Accessibility Services,https://tomglobal.org/project?id=656cd987b5e3760523eabc46,"This is a program designed to fabricate and distribute low-cost, 3D printed assistive technology to students with disabilities enrolled in higher education institutions through their Student Accessibility Offices. Students often do not have access to needed devices once they leave high school and higher education institutions can be limited in what they are able to provide. This expands access to technologies to help students obtain their educations and degrees.",,,,,Daily Living,
ReGrip,https://tomglobal.org/project?id=68fb500912671000123e6696,ReGrip,"Individuals with limited finger function, or with missing fingers, who need to securely and dynamically hold tools for manual tasks.","This product is needed because Yinon, like others missing fingers, struggles to securely grip and control manual tools such as chisels and hammers. Without the middle fingers, holding tools is unstable and tiring, making precise or safe work difficult.","The elastic strap applies adjustable tension that mimics the pressure of missing fingers, restoring a stable, dynamic grip. This lets the user securely hold and control chisels and hammers, improving precision, comfort, and safety in manual stone-working.","A custom adaptive glove that uses an elastic strap to recreate the missing fingers’ grip, allowing the user to securely hold and control manual tools like chisels and hammers safely and comfortably without prosthetics or power tools. Tools needed Measurement tool sewing machine scissors set of needles",Hobbies,
spacexcrutches,https://tomglobal.org/project?id=63e53d5bf041a658aee2608f,supporting legs for a cane to prevent it from falling.,"Ogen is an Amputee and uses cruches every day, his problem is that it slips all the time.",Because as much as we know there is not a single good solution,It will prevent the crutches from falling.,supporting legs Tools needed Face shield Prusa slicer Measurement tool Digital caliber Clamps Dremel FDM Printer,Daily Living,
Fall Alert Ring,https://tomglobal.org/project?id=680aad40b1049f00124cc0eb,Fall Alert Ring,"Elderly individuals, People with disabilities, mobility issues or medical conditions, Rehabilitation patients, Caregivers and family members, Nursing homes and assisted living facilities, Lone workers in hazardous environments.","The Fall Alert Ring project is essential because falls are a leading cause of injury and death among the people with disabilities, medically vulnerable and elderly populations. Quick detection and response can significantly reduce the severity of injuries.","We are designing a ring that can be worn on the first finger and has a button. The need knower, whenever is at the risk of falling or in an uncomfortable situation, they can press the button and an alert is issued to the saved contacts via their mobile.",The ring has an ESP32 microcontroller that has a bluetooth module in-built. There is also a button on the ring that can be pressed by the user. The ESP32's bluetooth module connects to the user's phone and can send alert notfication to designated contacts. Tools needed PC or MAC I7 + Measurement tool FDM Printer Soldering set Voltmeter Cable stripper Tester,Daily Living; Outdoor,
Streamline,https://tomglobal.org/project?id=67f1318db1049f001244d8d0,Streamline,"Anyone with cerebral palsy or limited fine motor skills could benefit from our project. We developed a joystick and bite stick that act as a mouse, which offers an alternative to clicking down for those who have limited dexterity in their fingers/hands.","The Streamline project allows those with limited hand dexterity to complete online tasks such as streaming videogames, creating podcasts, and recording/editing videos autonomously. It allows our target user group to gain daily independence in these tasks.","Ultimately, the joystick solution exponentially increases the longevity and ease of use for those with limited hand dexterity and fine motor skills in completing numerous, daily computer tasks.","We developed an interconnected analog joystick and bite stick. The analog joystick controls the computer mouse's movements; while, the bite stick acts as the mouse clicking down. Tools needed Heavy duty gloves Protective glasses PC or MAC I7 + Digital caliber Clamps Screwdriver set Pliers Hot glue gun FDM Printer Soldering set Voltmeter Cable stripper",Daily Living,
Berlin Heart Carrier,https://tomglobal.org/project?id=664c5ca99d5ed000122fa825,Berlin Heart Carrier,"Children waiting for heart transplant surgery, and connected to Berlin Heart machine.","The Berlin Heart is a heavy machine, which made every getting out of bed to a difficult procedure. Ofek's mother had to carry the machine carefully and close to Ofek. The Berlin Heart Carrier allowed Ofek to walk around independently.",The Berlin Heart Carrier allowed Ofek and his mother to move around easily with the machine thanks to the wheels. It could also be connected to Ofek’s baby stroller and even allowed Ofek to walk around independently.,"A carrier adapted to the Berlin Heart machine, can be connected to a baby stroller or be moved as an independent unit. Tools needed Protective glasses Prusa slicer Measurement tool Digital caliber Clamps Screwdriver set RingOpen key set Allen keys set Pliers Cutter Hammer Rubber Hammar scissors scissors scissors sewing machine scissors set of needles Electric Srewdriver Jigsaw FDM Printer Laser Cutter",Daily Living,
Go Baby Go,https://tomglobal.org/project?id=5ca3885db506a2297168aba7,"The team was able to come up with the “Fluid Motion Device” (or Fun Making Device as they more commonly call it) control module, and it’s been a real game changer for most of their kids. More recently, their own happy-hacker-with-a-heart-of-gold Issac Merkle rewrote the software to allow us greater control over motor function, as well as helping them add the “fun button” as a means to incentivize the mobility they feel is so important to children’s development.",,,,,Daily Living; Therapy,
Anti-Slip Cane Tips and Hanger,https://tomglobal.org/project?id=5ca3885cb506a2297168a9e3,Team ‘Yes We Cane’ created anti-slip cane tips with two design solutions: the first was a 3D printed tip which mimics tire designs and the second is modified from a bicycle tire which attaches onto the cane tip for stability on slippery surfaces. The team addressed the second element of the challenge by developing an affordable 3D printed cane add-on which uses a clip function to latch onto objects like a chair in a restaurant.,,,,,,condition:paralysis; bodypart:legs; technology:3D Printing; condition:walking problems; assisitvetool:cane
Nordic Walking Stick to Crutches Adapter,https://tomglobal.org/project?id=673349826b07820013a0b4b8,...,People using Nordic sticks for walking.,Nordic sticks are relatively narrow compared to crutches so accessories designed to connect to crutches do not fit them.,The solution will turn the diameter of the walking/climbing sticks into the standard diameter of crutches to enable the use of crutch accessories.,A rubber adapter that thickens the Nordic stick and gives it a diameter of 23mm like crutches. Tools needed PC or MAC I7 + Prusa slicer FDM Printer,Daily Living,
Under-Knee Leg Support for Wheelchair,https://tomglobal.org/project?id=67e16ee9b737fa00128befef,"This project is for people with CRPS or severe leg pain who can’t tolerate touch below the knee, helping them move safely in a wheelchair. It uses the wheelchair’s footrest mount with adjustable rods and a cushioned pad to support the leg without contact below the knee. This setup lets the user move freely and pain-free while staying safe.","This solution was designed for a person with CRPS who cannot tolerate touch below the knee. It can also help others with severe leg pain, hypersensitivity, post-surgical recovery, or injuries requiring non-contact leg support while using a wheelchair.","The user needs to move independently in his wheelchair without his lower leg touching anything. This custom support holds the leg from below the knee, preventing contact and enabling safe, pain-free movement.","By repurposing the footrest mount with adjustable rods and a cushioned knee pad, the system supports the leg without contact below the knee—allowing the user to move freely in the wheelchair without pain or risk of touching surfaces.","The concept uses the wheelchair's original footrest mount, replacing its connector with a modular, adjustable rod system. A cushioned pad is attached to support the leg from below the knee, enabling contact-free mobility. Tools needed Heavy duty gloves Protective glasses Protective headphones Measurement tool Digital caliber RingOpen key set Pliers Electric Srewdriver Circular saw",Daily Living; Therapy,
Adjustable Stander,https://tomglobal.org/project?id=63fb86965bcc0e51812aa2a8,"The product has an adjustable wooden frame with 90 degrees of range that goes from completely flat to upright and can be secured at any position in between.
This product was developed by ADA, the Adaptive Design Association.",The Adjustable Stander is designed for children aged 2-6 years old who need a supportive standing device (supine position).,Existing products can be extremely costly and overly complex.,This product will provide an adjustable standing structure that will allow the user to more easily support their own body. Tools Needed 0.25” drill bit #1 drill bit (.228”) Drill Hex tool Orbital sander CNC mill or jigsaw Ruler Pencil Sandpaper Bill of Materials Please see detailed BOM and printing models in the downloadable product file. Estimated Time to Make 3 hours of machine time 2 hours of assembly time,The product is an adjustable wooden frame with 90 degrees of range that goes from completely flat to upright and can be secured at any position in between.,Daily Living,technology:DIY; condition:paralysis; bodypart:legs; condition:autism; bodypart:full body; age:kids; condition:motor problems
Made to measure - home office,https://tomglobal.org/project?id=61b08e3d4f10776dbe48875d,"We took our need-knower’s anthropometric measurements to design
a tailored desk and chair made to fit his body. We have also added
built-in power outlets, a ventilation fan and a speaker to enhance his
learning experience as an electronic engineer.
-A design that adapts to help people with physical disabilities
-A surface with an adjustable incline to perform different activities
-Arm/lumbar/head support/Cushioning for comfort
-Wheels for easy transportation
-Made by interlocking panels of wood",,,,,Daily Living,bodypart:full body; condition:motor problems
Sensodyne Mouthwash Bottle Opener,https://tomglobal.org/project?id=66375d3b9d5ed000122cef2a,"The device is designed to be easily attached to the bottle, eliminating the need for complex manipulation or extensive hand dexterity.",The potential users of your Sensodyne mouthwash bottle opener are individuals with disabilities or conditions that affect their hand function.,Many standard bottle designs can be challenging or impossible for people with hand disabilities to open,"Once the opener is attached to the bottle, its shape is designed to push the two sides of the bottle's top, automatically opening the tap bottle mechanism. This eliminates the need for finger action or hand strength to open the bottle.","The device is designed to be easily attached to the bottle, eliminating the need for complex manipulation or extensive hand dexterity. Tools needed Prusa slicer FDM Printer",Daily Living,
The Fold,https://tomglobal.org/project?id=644ed8934996735f844ba7b1,The Fold,It Is an old age home that helps people with Parkinson's,"The issue with regular folding machines is that they can not be easily accessible for people with Parkinson's. Also, a lot of clean laundry can get built up and go unfolded in the wilderness of your home causing wrinkles.","This solution will address the challenge by making a fully automated folder, which is something that would allow people with Parkinson's to fold their clothes and have a bit more freedom.","The Fold will solve all of these problems. First off, the Fold will never jam because it is fully automated and moves at the click of a button. It will help people with Parkinson's fold their laundry allowing them to feel free from their disease Tools needed Protective glasses PC or MAC I7 + Measurement tool Clamps Screwdriver set scissors Electric Srewdriver Circular saw FDM Printer Soldering set",Daily Living,
Hearo,https://tomglobal.org/project?id=6423080598e921284172e9c5,Hearo,The Deaf and Hard of Hearing Community is everyone in the world who are either Deaf or Hard of Hearing.,This project is needed because Deaf and HoH people can use this as a tool to aid their driving. This system allows them to know when a honk or siren is around them on the road as well as which direction that sound is coming from.,This solution will address the challenge by directly showing the driver where the honk/siren is coming from.,We are building a module that will be placed in the dashboard of the car. This module contains a Nano BLE 33 Sense which has an AI dataset that we built in it. There are also LEDs and an LCD screen that display the module. Tools needed Protective glasses PC or MAC I7 + Measurement tool Hot glue gun FDM Printer Soldering set Cable stripper,Daily Living,
Shopping Basket Hook,https://tomglobal.org/project?id=680c8eff72c3c7001276c6fe,Shopping Basket Hook,This product is designed for people riding wheelchairs. He has trouble moving around while holding a shopping basket when shopping.,"Daijiro,who lives alone and uses a wheelchair, is having trouble carrying a shopping basket while moving around in his wheelchair. Currently, he always does small purchases without using a shopping basket, but he wants to be able to shop more easily.",There will be no need to constantly support  a shopping basket with my hands. Using an elastic band allows for some flexibility while keeping the shopping basket fixed on my lap.,Securing a shopping basket to a wheelchair using elastic bands Tools needed PC or MAC I7 + FDM Printer,Daily Living,
Fingerprints of Hope,https://tomglobal.org/project?id=65ef3951c360e62929121d5c,An adjustable finger prosthesis that utilizes the existing finger joints to define the motion of the missing parts. Then the 4 prostheses will be connected together flexibly to imitate the motion and support a normal hand provides.,"Rashed Saleem is 24 years old who lives in Haifa. 5 years ago, he underwent a work accident that led to partially cutting 4 fingers on his left hand. Which prevents him from performing many daily tasks that require both hands.","Rashed needs an affordable finger prosthesis to accomplish basic daily activities like picking up objects and typing to allow him to be more independent. Furthermore, it will aid him in obtaining an office job and earning a living.","The adjustable finger prosthesis is 100% mechanical since it utilizes existing finger joints, it is affordable and enhances independence and employability for Rashed by enabling basic tasks and mimicking natural hand motion effectively.",We are offering an adjustable finger prosthesis that utilizes the existing finger joints to define the motion of the missing parts. Then the 4 prostheses will be connected together flexibly to imitate the motion and support a normal hand provides. Tools needed PC or MAC I7 + Fusion 360 Prusa slicer Measurement tool Allen keys set Needle-nose pliers scissors Dremel FDM Printer,Daily Living,
Elastic brace for running,https://tomglobal.org/project?id=665f23ac9d5ed000123121e3,"This project was designed for Ido, who has a nerve condition affecting control of his left hand, particularly elbow rotation and shoulder movement. It provides a support system that positions the hand comfortably while running, using an elastic band connected to the back to maintain mobility and adjust hand angle. The solution helps stabilize the hand during long-distance runs while allowing natural movement.","Ido suffers from a nerve problem in his left hand and cannot control certain movements in it, with an emphasis on turning the elbow and lowering the shoulder joint.","Ido runs long distances, and his hand moves while running due to the inability to control it alone, so he is interested in a comfortable solution for his hand while running.",This solution succeeds in placing the hand in a comfortable position while running which also allows its mobility while running,We suggest building a support for the back in combination with an elastic band that will connect to the hand and the back that will create the stretch and the change in the angle of the hand. Tools needed Measurement tool Rubber Hammar scissors sewing machine scissors set of needles,Sports,
Child Car Seat Aid,https://tomglobal.org/project?id=64afcfefaf3325217568adf6,The Child Car Seat Aid is a 3D-printed tool with an extrusion that can be used to open child car seat buckles with a light push force.,"This tool is designed for people who have difficulty with fine motor skills (i.e. pinching, gripping, squeezing) or with hand coordination.",People who have challenges with fine motor skills and/or hand-eye coordination can struggle to open child car seat belt buckles  because it requires a very targeted exhortation of force.,"This solution enables users to push the release button on the buckle with a light force. Rather than needing to push on the buckle with their fingertips, users can simply enclose the buckle in the product and use a slight force to open the seat belt. Tools Needed 3D Printer Bill of Materials Please see detailed BOM and printing models in the downloadable product file. Estimated Time to Make 1 hr of print time",The Child Car Seat Aid is a 3D-printed tool with an extrusion that can be used to open child car seat buckles with a light push force.,Daily Living,bodypart:hand; condition:autism; condition:CP; technology:3D Printing; bodypart:fingers; age:kids; condition:motor problems
Medical Makers MILO,https://tomglobal.org/project?id=67d36f26256ef9001396b538,Medical Makers MILO,"MILO serves users with severe mobility impairments, such as SCI patients, post-surgical individuals, or those with neurological conditions, enabling independent communication, entertainment, and engagement using head and neck movement.","Using personal devices during recovery improves quality of life by enabling communication, entertainment, and emergency contact. This fosters independence, enhancing emotional well-being and supporting the healing process.","Patients with limited mobility often struggle with tasks like making video calls, drinking water, or using personal devices. Our SCARA robotic arm enables voice control of these functions, enhancing independence, communication, and overall quality of life.","MILO is a voice-controlled phone holder for patients with limited mobility. Nurses can mount a phone in under 30 seconds, and patients can adjust it hands-free. MILO tracks their face, enabling calls and connection while keeping them in frame. Tools needed Heavy duty gloves Protective glasses PC or MAC I7 + Fusion 360 Prusa slicer Screwdriver set Ratchet + Boxes set Needle-nose pliers Pvc pipe cutter scissors Electric Srewdriver FDM Printer Soldering set Cable stripper",Daily Living; Therapy,
JoJo Shirt Lift,https://tomglobal.org/project?id=5ca3885cb506a2297168a9df,"The team built Jojo a mechanically operated dressing assistant that can be attached to any chair. It features a motorized arm that holds Jojo’s shirt open and in place so that he can insert his arms, which are then mechanically raised into a position that completes the dressing process. The device can also be modified to adapt to Jojo as he grows bigger.",,,,,Daily Living,condition:paralysis; bodypart:hand; bodypart:legs; assistivetool:wheelchair; bodypart:full body; age:kids
AiBEL - Advanced Upper Limb Amputees Training Vest.,https://tomglobal.org/project?id=65f2f0d46e7f2604a72d3171,Aids in the rehabilitation of upper limb amputees,"After amputation, the road to receiving a functional prosthetic can be long and challenging. During this time, the body undergoes profound physiological and neurological changes, often leading to a loss of function in the limb.","AiBEL steps in to bridge this crucial gap, ensuring that amputees maintain and even enhance their physical capabilities during this transitional period. AiBEL offers targeted training and rehabilitation for the upper limb amputees.","Optimize limb's functionality, from the moment of amputation to the successful use of your prosthetic.",Aids in the rehabilitation of upper limb amputees. Tools needed PC or MAC I7 + Fusion 360 Prusa slicer scissors sewing machine FDM Printer,Therapy,
EZ-Pad,https://tomglobal.org/project?id=5e14738ed848736b095543ff,EZ-Pad is a device that enables females of all ages with low motor skills to independently and easily apply hygiene pads in private. The device is geared towards individuals during their menstrual cycle or those managing incontinence. EZ-Pad is made from Perpsex and cut using a laser cutter.,,,,,Daily Living,technology:DIY; condition:paralysis; bodypart:hand; condition:hygiene; general:toilet
Text2Speech,https://tomglobal.org/project?id=5d778933b810e413a528107c,This device helps visually impaired and blind people to use text to speech apps on their smartphones. Text2Speech is a special stand on which the smartphone can be placed at the exact location and distance from the paper.,,,,,Daily Living,priority; condition:visually impaired; activity:communication
Malak's Dance,https://tomglobal.org/project?id=65a12e364c273656c6132324,"A device designed to facilitate dancing while standing, offering both support and freedom of movement for the body.","Malak is 12 years old, loves to be independent, enjoys ballet dancing, and was born with cerebral palsy, which manifests as weakness in both legs and her right hand. She uses her left hand for writing, eating, and more.",She wants to dance more easily and sometimes falls; she desires support. There is the need to stabilize her posture and improve her walking during dance (freeing her hands for movement) and enable maneuverability .,"The device offers stable lower body support for balance and upright posture, enables full motion for unrestricted ballet movements, operates hands-free to allow expressive hand use, is custom-fit for comfort and safety, aids in natural walking and posture","A device designed to facilitate dancing while standing, offering both support and freedom of movement for the body. Tools needed Protective glasses PC or MAC I7 + Measurement tool Digital caliber Vise grip Screwdriver set RingOpen key set Ratchet + Boxes set Cutter Hammer sewing machine Electric Srewdriver FDM Printer CNC Machine",Sports; Hobbies,
Badminton Wheel Rim,https://tomglobal.org/project?id=640e97a86377df4983cd90b6,"Fast-Hands is a wheelchair push-rim attachment which allows wheelchair athletes more control of in the speed, steering, and braking of their wheelchair, while also being gentle on their joints and arm muscles, as well as being safer on their hands.","John Martin is a C7/8 quadriplegic and an enthusiastic badminton player. After a motor vehicle accident, John suffers from spinal paralysis and has limited function in his arms, hand spasms, and weakened breathing. John still trains to play badminton.","This project is needed because the current push-rims on wheelchairs require a pulling motion that is very strenuous on the user's arms and wrists, thus making wheelchair usage hard for quadriplegics like John. Fast-Hands allow speed, steering, and braking.","This solution will address the challenge because it ensures that wheelchair athletes with muscle impairments, limited hand function, etc. can train and qualify to participate in sports like wheelchair badminton during the 2024 Paris Paralympics.","Fast-Hands is a wheelchair push-rim attachment which allows wheelchair athletes more control of in the speed, steering, and braking of their wheelchair, while also being gentle on their joints and arm muscles, as well as being safer on their hands. [Project formerly titled Fast-Hands: Wheelchair Push-Rim Attachments for Paralympic Badminton Athletes] Tools needed PC or MAC I7 + Measurement tool FDM Printer",Sports; Fun/Leisure,
Auto Shift,https://tomglobal.org/project?id=5ca3885cb506a2297168a9a5,"This automatic gear shifter allows the user to shift up or down bike gears of the Top End Force RX Bike by activating a button with their elbow. The intended user is any user of the bike who finds the Flat Bar gear shifter challenging to use. The Flat Bar gear shifter requires a large wrist movement to activate the gear shifting, which can be uncomfortable or strenuous.","Originally designed for Alvaro Silverstein, a UC Berkeley student with limited wrist mobility who bikes regularly and found the Flat Bar gear shifter difficult to use. The solution also applies to any cyclist using the Top End Force RX Bike who experiences discomfort or difficulty with traditional gear shifting.","The Flat Bar gear shifter requires a large wrist movement to shift gears, which can be uncomfortable or strenuous. A more accessible solution was needed to reduce strain and enable independent gear shifting.",The system allows the user to shift up or down by pressing a button with their elbow instead of relying on wrist movement. This provides a more ergonomic and easier method for controlling the bike’s gears.,An automatic gear shifting mechanism mounted on the bike that connects to a button activated by the user’s elbow. The system currently uses a servo to change gears and is adjustable for comfort and reliability. Future iterations may include voice control and stronger mounting solutions.,Sports,condition:paralysis; bodypart:hand; assistivetool:wheelchair; bodypart:full body
Compression Sleeve,https://tomglobal.org/project?id=5e3b92b7d848736b0955457e,"We aimed to find a solution to muscle pain that our need knower, Tom, suffers as a
result of excessive running and exercising. A recent meta-analysis on compression
garments showed faster recovery of muscle function after intense exercise (Hetchenn et
al., 2019). Therefore, we came up with a solution that will help recover the soleus and
gastrocnemius muscles by both compression and pain relief treatment on a daily basis.","Tom Smoot, a US Army veteran with PTSD who regularly runs and exercises to manage stress. This product is designed for athletes or individuals who experience calf muscle soreness, peroneal tendonitis, or similar overuse injuries and need customizable compression support.","Tom suffers from muscle pain in the soleus and gastrocnemius due to frequent running and exercise. Off-the-shelf calf sleeves were ineffective because they came in one standard size and did not provide adequate compression or targeted support. A personalized, adjustable solution was needed to relieve pain and improve recovery.","The sleeve combines compression and pain relief treatment to target the soleus, gastrocnemius, and anterior tibialis muscles. Adjustable Velcro straps allow customized compression, laces add extra pressure on the anterior tibialis, and a hurt point compressor targets the medial gastrocnemius strain. The design allows unrestricted movement while providing support during rest and recovery.","A double-layer calf sleeve: Inner layer: flexible, breathable, washable polyester that can hold pain relief creams. Outer layer: spandex that expands and returns to shape for consistent compression. Velcro straps for adjustable compression. Laces for targeted pressure on the anterior tibialis. Integrated hurt point compressor for medial gastrocnemius support. The sleeve is customized to the user’s specific measurements for optimal fit and effectiveness. [Project formerly titled Team Tom]",Sports,bodypart:legs; assisitvetool:splint
Baskin Basketball Throwing Aid,https://tomglobal.org/project?id=64ab9f0daf33252175662594,"The solution is a removable 15° wooden ramp that attaches directly to a basketball hoop. It uses a combination of straight and bent tubes with hooks to hold it securely in place. The ramp is designed to guide the ball into the hoop and can be used with balls of different sizes.
This solution was developed during the Paris 2023 Makeathon.","This solution was designed for Jérôme, a person with upper limb limitations who wants to actively participate in sports. It can also support other individuals with similar mobility challenges in their arms who still wish to play, compete, and score in inclusive sporting activities.","It was needed because Baskin, an inclusive sport that adapts basketball for people with and without disabilities, requires all players to have meaningful ways to contribute. Jérôme faced difficulty in scoring due to his limited upper limb movement. Without an adaptation, he would not be able to fully take part in the game.","The ramp provides Jérôme with a mechanical assistive tool that allows him to direct a ball into the basket with minimal upper limb movement. By rolling or lightly pushing the ball onto the ramp, he can score points independently, ensuring equal participation in the game while maintaining the spirit of competition and fun.",The solution is a removable 15° wooden ramp that attaches directly to a basketball hoop. It uses a combination of straight and bent tubes with hooks to hold it securely in place. The ramp is designed to guide the ball into the hoop and can be used with balls of different sizes. Tools needed FDM Printer,Sports,
Motorized Surfboard,https://tomglobal.org/project?id=641e7ccc98e9212841719988,"A motorized surfboard originally designed for individuals with autism or motor challenges, making surfing accessible, fun, and safe while supporting skill development and instructor guidance.","Teri Campus of Life is an organization that houses and educates individuals with autism, aged 6 to 60. The project supports students who want to experience surfing in a fun, accessible way.","Surfing can be challenging for individuals with motor or coordination differences. A motorized surfboard makes the experience easier and more enjoyable, allowing students to learn and participate safely.","The motorized surfboard reduces the difficulty of learning to surf, helping students maintain balance and control. It also allows instructors to guide learners more effectively before transitioning them to a standard surfboard.","A motorized surfboard that provides powered assistance to help users learn surfing safely and enjoyably. It offers an easier, fun, and accessible way to experience the sport. Tools needed Heavy duty gloves PC or MAC I7 + FDM Printer",Sports,
Inclusive Cycling Solution,https://tomglobal.org/project?id=644a75abad4bc417daddab9d,"A novel bike trailer that can attach to any bicycle, and allows seniors and PWD to actively cycle. The bike trailer has a revolutionary payload to weight ratio of 18:1 which was optimized and designed with Fusion 360's Generative Design feature.","With the help of Engineering Good and SGEnable, we get to know Gordon. Gordon is an elderly who suffer from visual impairment. Trained in mechanical engineering, he aims to design an all-inclusive mobility device that everyone can use.","56% of people with disabilities (PWD) does not engage in any leisure physical activity. This put them (along with elderly) a higher risk of getting chronic diseases. With GaiGai, we aim to physically involve them in the cycling process.",GaiGai is designed to allow elderly and PWDs to pedal at their own pace. It automatically adapts to different conditions and cycling intensities. The aim is to optimize the effort exerted by users aided by auto braking and gear shifting systems.,"A novel bike trailer that can attach to any bicycle, and allows seniors and PWD to actively cycle. The bike trailer has a revolutionary payload to weight ratio of 18:1 which was optimized and designed with Fusion 360's Generative Design feature. [Project formely titled GaiGai] Tools needed PC or MAC I7 + Fusion 360 Prusa slicer Digital caliber Vise grip Allen keys set FDM Printer Soldering set",Daily Living; Sports; Therapy; Outdoor; Hobbies; Fun/Leisure,
Hockey Sled Stabilizer,https://tomglobal.org/project?id=661c8f1fe9cb5f00141d2330,"A space-filling foam insert that stabilizes sled hockey players with hip disarticulation or asymmetry, preventing slipping and enabling them to right themselves on the ice with independence and confidence.","Sled hockey players, particularly those with hip disarticulation or asymmetrical body support needs.","Dick received a hip disarticulation on his left side, which creates difficulty when his sled tips over on the ice. The empty space on his left side causes him to slip within the sled, making it challenging to right himself independently.","By filling the negative space in the sled, Dick will remain securely positioned even if the sled falls. This stability gives him enough leverage and control to right himself without assistance, improving independence during play.","A custom insert created using two-part, space-filling foam molded directly into the negative space of Dick’s sled. The foam adapts to his unique body contour, ensuring a snug and stable fit without restricting movement. [Project formerly titled Project Dick] Tools needed Heavy-duty gloves Protective glasses Measurement tool scissors",Sports,
ArmAssist,https://tomglobal.org/project?id=640fa5616377df4983d102ed,"A versatile gym support accessory that allows individuals with reduced grip strength, limb differences, or hand fatigue to train more safely and effectively, expanding fitness access to a broader community.","Renata was born with a congenital malformation in her right upper limb, which reduces her grip strength. While this condition does not significantly affect her daily life, it limits her ability to perform some gym training tasks safely and effectively.","The accessory was created to make gym training more accessible and safe for people with reduced grip strength. By providing an adaptable support tool, users like Renata can train with confidence, reduce risks of injury, and enjoy a more personalized and comfortable workout experience.",The solution is an innovative gym accessory that can be adjusted to fit various arm sizes and weights. It enhances inclusivity in weight training by accommodating diverse user needs and helping athletes achieve their fitness goals more efficiently and effectively.,"A supportive training accessory designed to stabilize weights for users with limited grip. It can be adapted to different arm sizes and exercise types, enabling Renata and other athletes to train for longer periods with greater intensity, improving both safety and performance. Tools needed sewing machine",Sports; Hobbies,
Balance-Stability Appliance,https://tomglobal.org/project?id=65dd9ec4c360e6292907bbd0,...,"People in their middle age may experience muscle weakening due to a lack of exercise. This group of people, particularly those facing the challenges of dementia, often find themselves mentally exhausted and less likely to initiate activities on their own.","This appliance encourages a swinging motion on the stepping surface, strengthening the pelvic-region vestibular system. This enhances functionality (by combining cognitive stimulation) and user well-being.",User Movement: Physical actions within the appliance. Stimuli Combination: Touch and visual cues trigger user actions. Movement Restriction: Movement limits enhance safety and security.,The appliance offers exercises for the pelvic muscles to improve the vestibular system and promote better body posture. Tools needed Heavy duty gloves Protective glasses PC or MAC I7 + Measurement tool Digital caliber Leveler Screwdriver set Allen keys set Hammer scissors Stanley knife Pull saw Electric Srewdriver Hot glue gun Laser Cutter,Sports; Therapy; Outdoor,
Paraplegic Personal Gym,https://tomglobal.org/project?id=5ca3885cb506a2297168a9e5,"The solution replaces the bicycle mechanism with a system of ropes and pulleys in what we call the Paraplegic Personal Gym. A stand alone device Provide wide variety of exercises to strengthen different muscles of arms, shoulders, back, trunk, and chest. Using the energy of the exercises to move the paralyzed legs. The legs move in different patterns to serve different purposes. The device is a stand alone metal structure that functions as a gym for paraplegic patients. The device uses a system of pulleys whereby the patient can activate leg movements by utilizing arm muscles to pull on the ropes.",,,,,Sports,condition:paralysis; bodypart:legs; assistivetool:wheelchair
prosthesis end unit for guitar playing,https://tomglobal.org/project?id=6548aa2b77fb1657e355c996,prosthesis end unit for guitar playing,moshe is palm amputee asked for guitar playing end unit,he can play guitar now,the unit  let guitar pick attachment,guitar playing end unit Tools needed Prusa slicer FDM Printer,Hobbies; Fun/Leisure,
Steady Rider,https://tomglobal.org/project?id=680da1e8450ab500128b8966,...,"Kade is a nine-year-old boy with a condition that stunts his physical development and causes balance impairments. He loves going outside, and would like to gain more independence. The Steady Rider allows Kade to pedal his four-wheeler independently.","This project empowers kids like Kade to independently enjoy activities like riding bikes, promoting confidence and inclusion in everyday childhood experiences.","Our modifications improve security and adaptability for Kade. A seatbelt boosts safety, and the adjustable pedals support balance and growth, ensuring the bike can grow with him until he’s ready for a traditional bicycle.","We altered a four-wheeler to accommodate Kade’s needs. Specifically, we adapted the pedals, added a handle on the back of the vehicle, and attached a seatbelt. Tools needed Protective glasses PC or MAC I7 + Fusion 360 Measurement tool Digital caliber Clamps Vise grip Screwdriver set Allen keys set Hammer scissors Pull saw Pvc pipe cutter sewing machine scissors FDM Printer Laser Cutter",Sports; Outdoor; Fun/Leisure,
Self-Lacing for Shoes,https://tomglobal.org/project?id=644f659c4996735f844c4f84,...,"For the elderly, back problems or having difficulties in tying up shoes for daily use","This is to ease the use of shoes that need tightening and loosening for daily use, so they are able to walk in safe and comfortable shoes.","With one end of the lace going into the spool, there will be force sensors on the module that will tell the module to tighten the shoe. There are also buttons on the module to make the process easier, without having them physically forcing the shoes.","With a one-time setup, there is no need to constantly tighten or loosen shoes for daily use Tools needed PC or MAC I7 + Fusion 360 Prusa slicer Measurement tool Digital caliber FDM Printer F-Crimp Soldering set Voltmeter Cable stripper Tester",Daily Living; Sports; Outdoor; Fun/Leisure,
Shape O'Walk - Ergonomic Walking Sticks for Disabled Users,https://tomglobal.org/project?id=63dd35a10aa07d676d8eba76,...,"Maria has Cerebral Palsy and recently started using two walking sticks to get by. In time, they have caused Maria more pain in the palms, arms and shoulders, as they are not designed specificaly for her needs, are uncomfortable and look old-fshioned.","Shape O'Walk changes the way you shop, use and place your trust in everyday walking sticks. Due to its ergonomics, these walking sticks are stylish and practical, tailored to suit your needs, measured to your palm, and created to improve your confidence.","Our walking sticks better the lives of disabled people by instilling confidence with its style, trust with its durability and comfort with its ergonomics. By getting an exact measurement of your palm, the walking stick handle fits you better than a glove!","Shape O'Walk offers a product and service innovation, as customers with varied disabilities can get a tailored mould of their palm to suit their needs. Instead of buying a plain, universal walking stick design, you can get one that suits your personality! Tools needed Heavy duty gloves Protective glasses PC or MAC I7 + Fusion 360 Prusa slicer Measurement tool Digital caliber Clamps Screwdriver set Wooden chop set Allen keys set Ratchet + Boxes set Pliers Needle-nose pliers Hammer Rubber Hammar Silicone gun Wood Filing Tool scissors Electric Srewdriver Agle Grinder Dremel Hot glue gun FDM Printer Dslr Camera Photography Softbox Lighting Kit Studio Backdrop CNC Machine Laser Cutter",Daily Living; Sports; Therapy; Outdoor; Fun/Leisure,
BTE Mouse,https://tomglobal.org/project?id=641ef4e298e9212841720cb1,...,Hayden presents with a congenital upper extremity limb difference (right arm),Hayden loves playing video games and this would allow him to play computer games. The device functions as an alternative to a mouse with a left click button.,"This device takes inspiration from a regular joystick and a mouse. By pushing the topper, the action acts like a left click on a mouse. The topper is free to move in all directions and it is modular so different attachments can be used in the future.","Ability for below the elbow amputees, people with upper limb contractions, and people with congenital limb differences play computer video games. Tools needed Heavy duty gloves Protective glasses PC or MAC I7 + Fusion 360 Digital caliber Screwdriver set Hot air blower Hot glue gun FDM Printer Soldering set",Sports; Therapy; Hobbies; Fun/Leisure,
Basketball hoop,https://tomglobal.org/project?id=62f3c21fa7ed4865a540ae0c,"Adjustable basketball hoop for children with disabilities, aimed to improving motor skills.",,,,,Sports,technology:DIY; technology:sawing; general:games; age:kids; condition:motor problems
Upper limb rehabilitation board,https://tomglobal.org/project?id=65c901d79c60ec10f916a2c9,The product provides a rehabilitation solution that allows patients with a weak upper limb to practice spatial movement in order to improve the range of motion of the hand. The product is intended for work in rehabilitation clinics and enables treatment.,Occupational therapist at a geriatric institute,The project aims to provide a rehabilitation solution that allows patients with a weak upper limb to practice lateral movement to improve the range of motion of the hand.,The product consists of a brace that rides on rails and allows the hand to be moved in a controlled manner to treat the range of motion and muscles in the hand,The product provides a rehabilitation solution that allows patients with a weak upper limb to practice spatial movement in order to improve the range of motion of the hand. The product is intended for work in rehabilitation clinics and enables treatment in Tools needed Protective glasses Face shield Protective headphones PC or MAC I7 + Prusa slicer Measurement tool Clamps Screwdriver set Allen keys set scissors scissors scissors scissors scissors sewing machine scissors set of needles Hot air blower Jigsaw Circular saw FDM Printer CNC Machine Laser Cutter,Therapy,
Leg Prothesis for Swimming,https://tomglobal.org/project?id=61cc4f9080d3da1fe566f37d,Leg Prothesis for Swimming with a quick adapter,,,,,Sports; Outdoor; Hobbies; Fun/Leisure,condition:amputee; bodypart:legs; technology:3D Printing; technology:sawing; assistivetool:prosthesis; condition:walking problems
Adjustable Cardboard Easel,https://tomglobal.org/project?id=60abbc6eb2f9be1c77852534,"The Adjustable Easel was developed to help support children with disabilities while studying remotely. The adjustable easel can be used in multiple positions and can hold a tablet or smartphone, as well as reading materials.",,,,,Daily Living,technology:DIY; condition:CP; assistivetool:wheelchair; age:kids
Switch-Adapted RC Car,https://tomglobal.org/project?id=65e111a8c360e62929089f78,Switch-Adapted RC Car,Susan Gray School integrates children with and without disabilities in the same classrooms. This solution allows the children with disabilities to play with their peers using adapted toys.,RC cars are not accessible for young children with low hand dexterity since they cannot push the buttons. This project helps to make the RC car more accessible by switch-adapting the buttons.,This solution will enable children with low hand dexterity to play with an RC car using more accessible controls.,"The solution is a switch-adapted remote control for a dinosaur RC car, using larger, more accessible buttons. Tools needed Protective glasses Screwdriver set Cutter Hot glue gun Soldering set",Fun/Leisure,
bionic prosthesis - mechanical mechanism,https://tomglobal.org/project?id=6898d3340576d30013c7d886,bionic prosthesis - mechanical mechanism,below-the-elbow amputees,the governmental issued prosthesis provides a purely mechanical solution that is cumbersome and creates physical strain on the need knowers shoulders and back.,This solution will replace the purely mechanical mechanism that relies on shoulder and back muscle contraction and extension to operate the end effector. those alleviating physical strain and refining the mechanical system.,upgrading the governmental issued prosthesis to a bionic prosthesis that integrates physiological signal processing (EMG/FMG) to control a motorized  mechanism replacing the purely mechanical mechanism. Tools needed Protective glasses PC or MAC I7 + Fusion 360 Measurement tool scissors Electric Srewdriver Hot air blower FDM Printer Soldering set Voltmeter Cable stripper,Daily Living,
EMG-Controlled Prosthesis for Below-Elbow Amputees,https://tomglobal.org/project?id=6878dcc3d4eca1001430d36e,EMG-Controlled Prosthesis for Below-Elbow Amputees,Below-elbow amputees using a state-subsidized mechanical hook prosthesis who seek an intuitive EMG-based control system. Also relevant for clinicians and developers in assistive tech.,"Many amputees rely on basic mechanical hooks due to cost. This project adds EMG-based control to existing subsidized prostheses, improving usability and restoring more natural hand function.","By adding EMG-based control to an existing mechanical hook prosthesis, this solution enables intuitive muscle-driven activation. It enhances functionality, usability, and independence without increasing cost, making advanced control accessible to all users","An EMG-based control system for a subsidized mechanical hook prosthesis. It detects muscle signals to open/close the hook, offering a low-cost, intuitive upgrade for below-elbow amputees. Tools needed Prusa slicer Cutter Hot air blower FDM Printer Stand Soldering set Voltmeter Cable stripper",Daily Living,
Savegrabber,https://tomglobal.org/project?id=5e7ca398700d243bd850e08c,"The Savegrabber is a hook-like device that allows the opening and closing of doors without touching the handle. The design includes a tip for pressing elevator buttons and light switches, and can be worn with a retractable key chain on the belt or on a bag.",,,,,COVID19,technology:DIY; priority; condition:hygiene; technology:3D Printing; general:handle; general:door
Parametric ramp,https://tomglobal.org/project?id=68614ae1bc200b001388441a,Parametric ramp,"Potential users of the parametric ramp include people who use wheelchairs, walkers, or have difficulty climbing stairs.","The project aims to provide a quick and convenient solution for designing ramps in various sizes, reducing planning time and simplifying the work process.","The solution uses predefined parameters within the file that can be easily modified to adapt the ramp to any required size, based on the user's needs.",Our proposed solution is a pre-made Fusion 360 file containing a ramp that can be easily assembled from modular parts. The size and dimensions of the ramp can be quickly adjusted to suit different users needs. Tools needed Protective glasses PC or MAC I7 + Fusion 360 Hammer scissors Jigsaw CNC Machine,Daily Living; Therapy; Outdoor,
6 - Easy Outfit Picker,https://tomglobal.org/project?id=68396140fe165900123e37ef,6 - Easy Outfit Picker,👗 For: People with motor challenges who want more independence in dressing.,"Laurianne has style — but picking her outfit each morning is a challenge. 🎯 The challenge: Design a simple, intuitive, and stylish interface to help her visualize outfits, make daily choices, and easily find her clothes — no more closet chaos.","The clothes are displayed on connected hangers, each fitted with a LED. By selecting one or more photos of garments in the mobile application, each hanger bearing an identified garment lights up, enabling the user's companion to collect the clothes","A mobile app connected to a dressing room, allowing the user to select the day's clothes from their wardrobe Tools needed FDM Printer Soldering set",Daily Living,
Zipping Aid,https://tomglobal.org/project?id=61b1e1174f10776dbe488761,"Orit has arthritis that makes it difficult for her to function on a
daily basis, the Zipping Aid helps her to open and close zippers independently.
Orit works as an executive assistant and lectures and attends
many conferences that include social events that require formal
attire. Orit likes to wear dresses for these events and following
the arthritis, it is very difficult to do so.",,,,,Daily Living,condition:amputee; bodypart:hand; condition:visually impaired; technology:3D Printing; technology:sawing; general:handle; condition:tremor; bodypart:fingers; condition:parkinson; technology:wearable; condition:motor problems; activity:getting dressed
COVID-19 - Protective Gear solutions,https://tomglobal.org/project?id=5e9a429e51277c37b7806ab9,"This design was created by MakerMask of Seattle, Washington. This design has been tested by the US National Institutes of Health and was found to be suitable for community use, but at this time does not meet the full requirements for use in a clinical setting. For more information please see the Resources section below.",,,,,COVID19,technology:DIY; condition:hygiene; bodypart:face; technology:3D Printing; general:mask
How can we keep disinfected when educational institutions open again?,https://tomglobal.org/project?id=5ec31e6d543a4748b3d4bcaa,"The group came up with various ideas to solve the issue. First of all, we came up with a kit. The purpose of the kit is to maintain yourself clean. It includes three different prototypes which all have the same purpose: keeping us clean. The first device is a bottle holder. By having an antibacterial bottle at the reach of your hands you would wash your hands with a greater frequency. Also, having a personal bottle would decrease the risk of contagion. The second device is a modified umbrella. The modified umbrella would be mainly used in places like cafeterias. The umbrella has polyethylene flexible sheets around it to protect the user and the whole community. The modified umbrella has on the bottom part support that allows the umbrella to stand still on a desk or cafeteria. The third and last device is a hook that helps the user open doors and uses ATMs without directly touching the handles and ATMs. We also created a face shield that is designed especially for kids. The mask is made especially for kids and even young adults. It is made with a design and size that is perfect for kids. The purpose of the mask is to make sure that kids are excited to wear a mask, therefore, protecting their health and the health of the whole community. To continue the group came up with a device that would protect the students while they are in class. The device is made mainly for classrooms that are not very big and have many desks which makes it harder to spread the desks to maintain the 2 m distance. This device is made so that there is protection surrounding the desk which decreases the chances of contagion. The device is made up mostly of PVC tubes and acetate sheets. The structural support of the device is the PVC tubes, which are connected to the legs of the chair on the right side. What truly protects the user are the acetate sheets that cover the back and right side of the desk. Finally, the group created a circuit with some sensors. The purpose of the device is to alarm when a room already has the maximum capacity of people that can safely be in it. The device warns the person that wants to enter the room and tells him how many people are already in the room. This device is made mainly for rooms like bathrooms or small classrooms.",,,,,COVID19,age:kids
COVID-19 PPE Solutions,https://tomglobal.org/project?id=5ea37a6118c64c78ef4110de,This design was created by the username 3D Printing Nerd and it is a remix of the Prusa + 3DVerkstan face shields. For more information please see the resources section below.,,,,,COVID19,technology:DIY; condition:hygiene; bodypart:face; technology:3D Printing; general:mask
COVID-19 PPE Solutions,https://tomglobal.org/project?id=5eb45228543a4748b3d4bc72,This design was created at the University of Idaho. This UVC Face Mask box will sanitize masks in less than 10 minutes. For more details please see the resources section below.,,,,,COVID19,condition:hygiene; general:mask
COVID-19 PPE Solutions,https://tomglobal.org/project?id=5ede91885ea9e13b5a3af24c,3D Printed Mounting Tab compatible with Max-Air CAPR. Designed by Something Labs.,,,,,COVID19,technology:DIY; technology:3D Printing
Covid-19 Ventilator,https://tomglobal.org/project?id=5e962d5e33d9e16d34f79aab,This design was Lead by the CTO & innovation leader of the Israeli Air-Force 108 Electronic Depot and backed by a large community of innovators behind him. The AmboVent is a top project in the world by Dr. Reobert L. Read. For Full details please see the resources section below.,,,,,COVID19,general:ventilator
COVID-19 PPE Solutions,https://tomglobal.org/project?id=5e95012b33d9e16d34f79a0e,"This design was created by Columbia University Engineers. This is a Fully foldable, flat-cut plastic face-shield. Features include over-head visor for forehead protection and ear-to-ear strap. Please see more info in the Resources section below.",,,,,COVID19,technology:DIY; condition:hygiene; condition:deaf; bodypart:face; general:mask
COVID-19 - PPE solutions,https://tomglobal.org/project?id=5e95010533d9e16d34f79a0d,"This Face Shield was designed by Columbia Univesity Engineers. This design has been ordered by hospitals. This face shield is a 2 piece, low-cost disposable face shield for protection against splashes and sprays. It is manufactured in PET film and can be fabricated by a number of approaches. Laser-cut, CNC knife cut, die-cut, rotary die-cut, etc. The 2 piece design allows for independent materials and thicknesses to be used to minimize cost and waste, for example, a thicker robust headband, and a thinner face shield. For more information see the Resources section below.",,,,,COVID19,technology:DIY; condition:hygiene; bodypart:face; general:mask
COVID-19 - PPE solutions,https://tomglobal.org/project?id=5e9500d433d9e16d34f79a0c,This design was created by Ken Lord aka Suraky. This design has undergone review in a clinical setting and is recommended by the NIH when fabricated as instructed. For further information please see the Resources section below.,,,,,COVID19,technology:DIY; condition:hygiene; technology:3D Printing; general:mask
COVID-19 - PPE solutions,https://tomglobal.org/project?id=5e94dc0133d9e16d34f79a06,This design was created by Kosta Grammatis. It is intended to be used by an FDM 3D printer to create a reusable face mask that aims to be a mask of last resort if no N95 (or similar) masks are available. Masks' bodies are cleanable and reusable if the filter media is replaced. For more details please see Resources section.,,,,,COVID19,technology:DIY; condition:hygiene; bodypart:face; technology:3D Printing; general:mask
COVID-19 - PPE solutions,https://tomglobal.org/project?id=5e94dab133d9e16d34f79a02,This design was created by Craft Passion (https://www.craftpassion.com/face-mask-sewing-pattern/?pid=1258%23picgallery). For a video tutorial and links to patterns please see the Resources section below.,,,,,COVID19,technology:DIY; condition:hygiene; bodypart:face; technology:sawing; general:mask
COVID-19 - PPE solutions,https://tomglobal.org/project?id=5e94da8f33d9e16d34f79a01,"This design was created by Mat Thorne and Devin Montgomery (https://www.protohaven.org/proto-shield/). The Proto Shield is an open-source, low-cost, quickly produced face shield. It is designed to be functionally equivalent to the Prusa face shield. It’s just 100x faster to make. The visor is compatible with 3D printed Prusa parts. Please see the Resources section below for more information.",,,,,COVID19,technology:DIY; condition:hygiene; condition:deaf; bodypart:face; general:mask
COVID-19 - PPE solutions,https://tomglobal.org/project?id=5e94da6e33d9e16d34f79a00,"Face Shield Designs by Columbia University Engineers. FaceShieldOne is a plastic face shield that is cut out of a flat sheet of plastic and then folded into shape. The design has extender pieces that keep the face shield a comfortable distance away from the face, and, plastic arms that can be folded into a headband that rests above the ears. FaceShieldOne has already been ordered by hospitals For more information see the Resources section. below.",,,,,COVID19,condition:hygiene; bodypart:face; general:mask
COVID-19 - PPE solutions,https://tomglobal.org/project?id=5e94da2f33d9e16d34f799ff,This design was created by Stratasys. For more information please see the Resources section.,,,,,COVID19,condition:hygiene; bodypart:face; general:mask
Transparent Mask,https://tomglobal.org/project?id=5f44511b17a0641f3de13c26,"The “MakerMask: Expression” was designed by MakerMask (https://makermask.org/masks/expression-window-mask/) is a fitted mask with a transparent window (i.e., a ‘clear mask’ or ‘window mask’) to improve visibility of facial features important for speech. It is held in place with a single silicone band (latex-free) that improves usability without compromising the fit. This clear face covering is intended for use as source control by adults (to help contain the users’ droplets) and is NOT intended for use as a surgical mask or in high-risk situations. Check out the RESOURCES section below for more details.",,,,,COVID19,technology:DIY; condition:hygiene; condition:deaf; bodypart:face; technology:3D Printing; general:mask
Mal-Kar Walker Frame,https://tomglobal.org/project?id=61b609614f10776dbe48877c,"By adding small changes to the frame such as colors,2 wheels and a
seat,the frame will look like a child’s car, so when the young child is
Around they can play with the frame and turn it into something fun
for them both.
This new take on equipment is for those who use the walker frame and feel that
not only have they lost their strength to walk but also the ability to play and interact with the younger generation and to create a positive impact on
childhood memories.
By transforming the frame into an exciting and less intimidating
object for children, it will bring them together through play and
bridge gaps in communication between generations and reduce the
feeling off loneliness and segregation
This design is made in the memory of my grandmother and to other
old people who lose the ability to commute and walk from place to
place independently. Many elderly people rely on the use of a
Zimmer frame walker, which my design is based on.",,,,,Daily Living; Fun/Leisure,assistivetool:crutches; condition:walking problems; condition:motor problems
OSSD Guitar,https://tomglobal.org/project?id=61b0c51c4f10776dbe48875f,"This Project can help Ofer who loves to play the guitar but can’t due to his disability. By disassembling the
(complex) playing action that requires two hands, for a task that can
be performed by one hand &amp; foot, thus making it more
accessible with his disability.
We offer a guitar that is played with a single hand and one foot.
The device will control the strumming while the player will control
the notes , rhythm & speed. A variety of strumming options
will be available for the player to choose from.",,,,,Hobbies; Fun/Leisure,condition:amputee; condition:paralysis; bodypart:hand; technology:3D Printing; general:music
AccelMouse,https://tomglobal.org/project?id=61a6b6d14f10776dbe488702,This device will allow its user to operate a computer or smart dives using only simple head movements. This device is geared towards people who can not use their arms due to paralysis or birth defects,,,,,,
Thenar - Electronic brail reader,https://tomglobal.org/project?id=618d236e4f10776dbe488635,"Thenar provides a new paradigm of electronic representing
Braille text. The specific shape of the device lets convenient
positioning of a reading finger on a single Braille cell and a thumb of
the other hand - on a jog-dial for text navigation.",,,,,Daily Living; Hobbies; Fun/Leisure,condition:visually impaired; activity:communication
Friendly Access Pull Out Plug,https://tomglobal.org/project?id=618cedcb4f10776dbe488634,"With FAPOP, elderly people are able to unplug with ease as the slings
are adjustable to their comfort and it comes with a tag for labelling",,,,,Daily Living,
Бюро по модернизации протезов (обшивка кожей),https://tomglobal.org/project?id=60d56d8884b39a232e88207b,"Проект по обшивке протезов рассчитан для людней с инвалидностью, которые используют протезы и предназначен для решения проблемы непрезентабельного внешнего вида протеза. Протезы конечностей имеют, в большинстве случаев, поролоновое наполнение, что делает непрезентабельный вид. В летнее время люди с протезами не могут из-за этого носить короткую одежду. Задача команды сделать обшивку, используя материалы, придающие эстетичный, элегантный вид при этом не забывая о практичности.
Описание процесса:
Этап 1 - Снятие мерок для выкройки (Десмургический метод)
Этап  2 - Разработка выкройки для протеза
Этап  3 - Вырезание деталей
Этап  4 - Сшивание и склеивание деталей
Этап  5 - Обслуживание после выдачи обшивки",,,,,Daily Living,condition:amputee; bodypart:legs; assistivetool:prosthesis
COVID-19 PPE Solutions,https://tomglobal.org/project?id=602a8f6dfcec297b0295b6e9,"The Bellus3D Mask Fitter frame is a personalized 3D printed plastic frame that is contoured to the specific shape of a person's face to improve the peripheral seal of surgical, KN95 or other masks. The frame is automatically generated from a 3D face scan using the Bellus3D Face App or Dental Pro app for Apple iPhones or iPads with FaceID capability.
The attached STL file is one example that fits about 15% of the population. For an accurate size, please go to: https://www.bellus3d.com/solutions/mask-fitter",,,,,COVID19,technology:3D Printing
COVID-19 - PPE solutions,https://tomglobal.org/project?id=5f4d8dc717a0641f3de13c5f,"This design is brought to us by the Adaptive Design Association, A nonprofit organization building custom adaptations, nurturing communities, and challenging assumptions. The design uses widely-available materials, or you may purchase single-mask kits (see the RESOURCES section below).  For mask pattern and instructions, click DOWNLOAD.",,,,,COVID19,technology:DIY; condition:hygiene; condition:deaf; bodypart:face; general:mask
Transparent Mask,https://tomglobal.org/project?id=5f44515817a0641f3de13c27,"Traditional face masks interfere with lip reading and transmission of ASL facial grammar, disrupting communication for Deaf, DeafBlind, and hard of hearing individuals. This document aims to guide sewists who are interested in sewing clear face masks.
The design was created by Kate Panzer In support of the Deaf-Hearing Communication Center (DHCC) Mask Program
https://dhcc.org/ and is sponsored by the University of Michigan Medical School M0 Summer Impact Accelerator.
To purchase a",,,,,COVID19,technology:DIY; condition:hygiene; bodypart:face; technology:sawing; general:mask
How can we protect those working in access points?,https://tomglobal.org/project?id=5ec31f19543a4748b3d4bcad,"The protective booth for personnel access points includes various parts and accessories, all made with the intention of creating a safer environment for the staff at the access points and the people around them. Unquestionably, the protective cabin is the main piece of our design since it is where the personnel at the entrance is completely safe while developing its tasks. It is a cabin that covers the front and sides of the person, made of PVC pipes and acrylic screens that protect the person in it from any type of germ, contact, or saliva. In addition, our design has a Gun Type Digital Infrared Thermometer which will serve to take people’s temperature when passing through the cabin. The person in the cabin will have the thermometer, and when a person arrives at the entrance he will take out the thermometer through a hole in the acrylic screen and without any physical contact will determine if the person is in good health conditions to enter the place. Furthermore, right next to the cabin will be located a pedal-operated gel dispenser made of PVC tubes which will be used on a mandatory basis for people who are close to the cabin. The dispenser will have a specialized Antibacterial gel with expert approval called Klaxin fco x 60 tan, (this gel has no side effects on people’s bodies). In addition, our design includes a disinfectant shoe mat made from cheap and recyclable materials, such as a 20-liter bottle, artificial grass, and foam. This accessory will be located just in front of the cabin and will be used by everyone entering this space. Finally, our design is open to receive your own variations that best suit your own needs.",,,,,COVID19,5e8c60e91741d4521eabb1a2
Clear Face Mask,https://tomglobal.org/project?id=5f234be01ed8952fe0d944a4,"Traditional face masks interfere with lip reading and transmission of ASL facial grammar, disrupting communication for Deaf, DeafBlind, and hard of hearing individuals. This project aims to guide sewists who are interested in sewing clear face masks.",,,,,COVID19,technology:DIY; condition:hygiene; condition:deaf; bodypart:face; general:mask
Open Source Respirators & Ventilators,https://tomglobal.org/project?id=5ee0fb4b5ea9e13b5a3af253,This design was created by the talented makers of the TOM:Mexico community. For more details and full information please see the resource section below. Please see - https://makersmexico.org/ventmex/,,,,,COVID19,general:ventilator
COVID-19 PPE Solutions,https://tomglobal.org/project?id=5edf91ec5ea9e13b5a3af251,Modular and easily customizable flexible entry intubation box designed by Something Labs.,,,,,COVID19,general:ventilator; bodypart:full body
Open Source Respirators & Ventilators,https://tomglobal.org/project?id=5e83971eb371ab0d680c3edd,"Copper3D Inc. in collaboration with prof. Jorge Zúñiga from the U. Nebraska Omaha, Biomechanics department and TOM:Chile, have developed the ""H Connector"", a simple 3D printed part that can multiply the productivity of an X4 mechanical fan.
In other words, with the same mechanical ventilator, 4 patients can be ventilated at the same time. This was validated in the USA and builds on previous studies by Dr. Charlene Irvin Babcock. For more information please see the Resources section.",,,,,COVID19,technology:DIY; technology:3D Printing; general:ventilator
COVID-19 PPE Solutions,https://tomglobal.org/project?id=5ede84055ea9e13b5a3af24a,"Gowns act as a protective layer to keep patients’ bodily fluids off of health workers’ clothes and skin. This design, by SF-based initiative Something Labs, modified other open-source designs to make the highest level of protection (AAMI Level 4) for mass production.",,,,,COVID19,condition:hygiene; bodypart:full body
Open Source PPE,https://tomglobal.org/project?id=5ede3dba5ea9e13b5a3af236,"These CAPR / PAPR lens cuff replacements designed by Something Labs are being provided
in response to the shortage in supply of replacement shields
in urgent COVID needs. They are intended as part of a system
to provide health workers with a high degree of safety when
seeing potentially COVID-positive patients.",,,,,COVID19,technology:DIY; condition:hygiene; condition:deaf; bodypart:face; general:mask
How can we protect the healthcare personnel?,https://tomglobal.org/project?id=5ec31ffa543a4748b3d4bcb1,"After having investigated and analyzed the possible sources of contagion for health personnel, the EscafMED project team has leaned towards developing a diving suit used by medical personnel in intensive care units to prevent COVID-19 contagion, since this is the place where they take the patient in the most critical stage of the disease. It is a closed and very small area (15 m2), in which the health personnel remains caring for the patient more than the time necessary to be infected, obtaining a high probability of acquiring intra-hospital infections, also generating high levels of stress at the personal, social and family level; because it can be frowned upon as a source of contagion since when accessing this space, direct contact is made with the virus in its most aggressive and fatal stage. After having a broad vision of the spaces and problems faced by health personnel within hospitals and clinics when caring for patients with positive results for COVID19, the team that today presents EscafMED led by Julián Andrés Zuñiga and Andrés Torres launched into the challenge of creating this prototype, a technological innovation that seeks to prevent the spread of COVID19 in medical personnel who enter the ICU, without leaving aside a design that generates greater comfort for those who use it. So far, facial protection designs that have a good virus macromolecule filter generate facial discomfort.",,,,,COVID19,condition:hygiene
How can we help with the maintenance and disinfection of support products for people with disabilities?,https://tomglobal.org/project?id=5ec31fa9543a4748b3d4bcaf,"The purpose of this silicon and fabric coverage is used to protect the user from touching and contaminating their device with any virus or bacteria. During this pandemic, this device will serve as a barrier between the user's support implement, the user's body, and the assistance in order to prevent the contraction of coronavirus and other bacterias.",,,,,COVID19,condition:hygiene
Mop,https://tomglobal.org/project?id=5ca3885cb506a2297168aaaf,The team designed a mop which is anchored with a cane so they have extra support in order to clean without falling or slipping.,,,,,,
Easy-cut (nail clipper),https://tomglobal.org/project?id=5d873a85b810e413a5281255,The product allows people who lack fine motor skills or amputees to cut their nails themselves. The nail cutter is connected to a cable and a pedal.,,,,,Daily Living,priority; bodypart:hand; bodypart:nails
Double Amputee - PJ Prosthesis,https://tomglobal.org/project?id=5cd427894f1da0025c9d5862,The PJ Prosthesis Double Amputee Module (aka Boonsthetic) is an easy to use Prosthetic hand for Bilateral BE (amputation below the elbow on both the hands) made from readily available and cost effective materials. Read more on Product Specs and Development History in Resources.,,,,,Daily Living,priority; condition:amputee; bodypart:hand; assistivetool:prosthesis
"3D Printed Hand, Aesthetic Prothestic Team",https://tomglobal.org/project?id=5ca3885db506a2297168abb9,"Using the e-NABLE design, Jade and Maria created two hands for a young veteran that lost her hand when she was in the military. Maria is a scout leader who drove in from Maine with girls to take part in the Makeathon.",,,,,,
Nim's Leg,https://tomglobal.org/project?id=5ca3885db506a2297168ab75,"This device is a prosthetic canine forelimb for dogs amputated below the carpal joint. The device allows for a more natural, four-legged gait and even weight distribution across the limbs.",,,,,,
Hand Rest,https://tomglobal.org/project?id=5ca3885cb506a2297168ab6b,"The team designed an extra layer for a hand rest which is soft and can be adjusted as needed, which gives support to the hand.",,,,,5d483893327725170bc5f970,
Food to Go,https://tomglobal.org/project?id=5ca3885cb506a2297168ab4b,The team created a lunchbox which Ely can open simply by pressing a button.,,,,,,
EyeTracker,https://tomglobal.org/project?id=5ca3885cb506a2297168ab45,The team designed a protective and functional case. The Aqua-1 is an assistive device designed to enable patients using Eye-Gaze systems to use their devices (tablets or laptops) in a wet environment.,,,,,,
Winter Challenge 2,https://tomglobal.org/project?id=5ca3885cb506a2297168ab35,Her team designed a motorized and removable wheel cleaner that she can quickly clip onto her wheels to clean before entering into the house.,,,,,,
One Hand Crafting,https://tomglobal.org/project?id=5ca3885cb506a2297168ab2d,"One Hand Crafting is a collection of small tools that adapt to everyday school activities - cutting, using a ruler, etc. Ido had a whole host of different challenges. The team split up into two groups and designed a few solutions for Ido. They created a tube that holds the paper so he has better control in order to cut the paper. They created a magnet for a ruler so it holds steady. They created a keychain for his marker bag that can easily remove marker caps. The most important thing that the team gave Ido is a sense of independence - being able to keep up with his classmates without needing to ask anyone for help.",,,,,,
Eurika,https://tomglobal.org/project?id=5ca3885cb506a2297168aad3,The team designed a special vest that connects with his computer so he can control the mouse on his chest.,,,,,,
Koli,https://tomglobal.org/project?id=5ca3885cb506a2297168aabf,"They sat together with her with a collection of emojis and had her choose the ones she liked and connected with. In 3 days, the makers created an android app to help Liat communicate her wants and needs.",,,,,,
Aid for hypotonia,https://tomglobal.org/project?id=5dce8addd848736b09554182,"The intended user is a 4-year-old girl with SMA type 2 without muscle strength to hold her head against gravity influence. Even when she does get into the position, she doesn’t have the endurance to maintain the position for a prolonged period of time in order to perform certain tasks such as reading, drawing, playing, etc.",,,,,Daily Living,assistivetool:wheelchair; bodypart:head; age:kids
TechNeck,https://tomglobal.org/project?id=5ca3885cb506a2297168aa43,"Team TechNeck made a robotic wheelchair headrest for Christian that will move with his head to provide lateral support. This design can be mounted on any wheelchair and features adjustable pivot points, an on-off switch, and a quick removable mechanism. Christian can now move his head into the position he wants with reduced pain and discomfort.",,,,,Daily Living,condition:paralysis; bodypart:hand; bodypart:legs; assistivetool:wheelchair; bodypart:head; bodypart:full body
Uyen,https://tomglobal.org/project?id=5ca3885cb506a2297168a9fb,Uyen's team of Makers designed a special wheelchair that can support her body and expand as she grows. The wheelchair is very affordable at a cost of only $88.,,,,,Daily Living,condition:paralysis; bodypart:legs; condition:CP; assistivetool:wheelchair; bodypart:full body; age:kids
Joint Rehabilitation Devices,https://tomglobal.org/project?id=5ca3885cb506a2297168a9f7,Makers designed fiberglass splints with electric joints to help support his ankles.,,,,,Daily Living,condition:paralysis; bodypart:legs; assistivetool:wheelchair; condition:walking problems; assisitvetool:splint
Stair Climbing With a Walker,https://tomglobal.org/project?id=5ca3885cb506a2297168a9cf,"The device is a rollator, retrofitted with two 3-wheel stair-climbing wheels, and a telescoping door-stopper allow the user to easily traverse up stairs and through any push/pull door-way. The device is intended for an elderly woman who is reliant on supplemental oxygen because of a respiratory illness. She gets winded easily by dragging the rollator up and down the stairs and through two doorways to her apartment entrance. This could potentially be extended to any person who is capable of navigating a stairway and doorway with a rollator, but struggles to do so for whatever physical reason.",,,,,Daily Living,condition:paralysis; bodypart:legs; condition:walking problems; assistivtool:walker
Team ‘Bioj4ck’,https://tomglobal.org/project?id=5ca3885cb506a2297168a9c9,"Team ‘Bioj4ck’ created a dynamic elbow extension wearable from the bicep to the hand, enhancing muscle activity and improving Nij’s range of motion by providing support for full arm extension. The team also designed a glove which strengthens his wrist and stabilizes his grip when using dumbbells and bars.",,,,,Therapy,condition:paralysis; bodypart:hand; assisitvetool:splint
Gripper,https://tomglobal.org/project?id=5ca3885cb506a2297168a9af,"Currently, Bonnie relies on a grabber arm to pick things from her wheelchair. Most of these grabbers rely heavily on wrist and grip strength, making them impossible for Bonnie to operate with one hand. Current devices also have difficulty picking up objects heavier than one pound, forcing Bonnie to rely on maneuvering a converted dustbin to lift heavy objects. Bonnie has two solutions - a telescoping device with a sticky pad and a magnet as well as a dustpan and broom to sweep up larger objects. She has noted that these solutions are frustraiting to use and lack versatility. Our solution seeks to combine the functionalities of these two into a single device while also enhancing usability.",,,,,Daily Living,condition:paralysis; bodypart:legs; assistivetool:wheelchair
Leg Bag Emptier,https://tomglobal.org/project?id=5ca3885cb506a2297168a9ad,"The challenge requires the leg bag team to develop a solution that is easy, quick, reliable, and completely sanitary. Sensors on the bag controlled by an Arduino connect to Rafe’s iPhone, where he can use an app that keeps track of the last time the bag was emptied and it's current volume.",,,,,Daily Living,condition:paralysis; bodypart:legs; condition:hygiene; assistivetool:wheelchair; technology:app; general:toilet
iEat,https://tomglobal.org/project?id=5ca3885cb506a2297168a987,"The team designed an arm that can help Zebreda eat independently. It is a reliable, comfortable and clean way to enable movement limited individuals to independently feed themselves. The potential benefits of such a product are innumerous, with greater personal independence chief among them.",,,,,Daily Living,condition:paralysis; bodypart:hand
Carry Crutches,https://tomglobal.org/project?id=5ca3885cb506a2297168a97b,"Carry crutches are a simple crutches add-on to carry drinks.
see also: https://tomglobal.org/project?id=5ca3885cb506a2297168a9a1",,,,,Daily Living,duplicate
Rotating Cane Tip (Offical),https://tomglobal.org/project?id=65eb3b90c360e629290d6a4e,Rotating Cane Tip (Offical),"Joshua has a visual impairment, and is aided by a mobility stick. This white cane helps him detect changes in ground texture and level due to his poor depth perception and blurry vision.","With the mobility stick, there is typically an attachment on the end of the cane that makes contact with the ground in front of the user. The point of our project is to make Joshua a longer lasting, versatile, and cost efficient cane attachment","Our solution addresses the challenge in many ways. This solution for the cane attachment supports many sustainable practices, will provide empowerment for communities, and will encourage others to help raise awareness.","With the mobility stick, there is typically an attachment on the end of the cane that makes contact with the ground in front of the user. The point of our project is to make Joshua a longer lasting, versatile, and cost efficient cane attachment. Tools needed PC or MAC I7 + Measurement tool Digital caliber Pliers Needle-nose pliers Wood Filing Tool FDM Printer Flash",Daily Living; Outdoor; Hobbies,
Protective Face Shield,https://tomglobal.org/project?id=5e7e7253700d243bd850e10b,"This design was created by the Open Face PPE Project (https://open-face-ppe.now.sh/) in collaboration with the NYU COVID-19 Task Force and many others. The Open Source Face Shield is a low cost, medical face shield designed to be quickly made using almost any flat material fabrication equipment (laser cutters, rule dies, drag knife, CNC punch, etc.), or even scissors and an office hole punch from any clear flexible material.
It requires no hardware or 3D printed parts, just two pieces of flexible clear plastic and an elastic band. Check Resources section ,building instructions and video demo.",,,,,COVID19,condition:hygiene; bodypart:face; technology:sawing; general:mask
COVID-19 - PPE solutions,https://tomglobal.org/project?id=5e8bc6e01741d4521eabb185,"This design was created by Dusty Richardson MD, Spencer E. Zaugg, DMD and Microbiologist Colton Zaugg.
The Montana Mask is a highly effective filtration mask. It’s a 3D printable and the design files are free for public use. It can be sanitized and reused. Although not approved by the FDA or NIOSH, the mask has been rigorously tested. The level of protection is customizable, depending on which material you use for the filter. For more information please check the resources section.
.
The Montana Mask is a highly effective filtration mask. It’s a 3D printable and the design files are free for public use. It can be sanitized and reused. Although not approved by the FDA or NIOSH, the mask has been rigorously tested. The level of protection is customizable, depending on which material you use for the filter.  For more information please see resources section.",,,,,COVID19,technology:DIY; condition:hygiene; bodypart:face; technology:3D Printing; general:mask
COVID-19 - PPE solutions,https://tomglobal.org/project?id=5e8bc6b91741d4521eabb184,"This model was created by Zachary Stewart. This is a simple loop mask clip/holder to reduce irritation to the back of the medical professional's ear throughout the extended use of loop-based mask.
Two designs are included, the original design is for use with N95 styled masks and the ""Long"" models are for other surgical masks/alternative use.
This should 3D print in 20 minutes or less and should be sturdy and comfortable enough for weeks of repeated use.",,,,,COVID19,technology:DIY; bodypart:face; technology:3D Printing; general:mask
COVID-19 - PPE solutions,https://tomglobal.org/project?id=5e8bc67a1741d4521eabb183,"This design was created by Jessica Nandino, a former trauma/flight nurse currently on sabbatical in urgent care.
For more details and instructions use the following link - https://www.instructables.com/id/AB-Mask-for-a-Nurse-by-a-Nurse/.
This project has been replicated more than 100 times.!",,,,,COVID19,technology:DIY; condition:hygiene; bodypart:face; technology:sawing; general:mask
Open Source Respirators & Ventilators,https://tomglobal.org/project?id=5e83fd37b371ab0d680c3ee5,This open source 3D-printed ventilator quad splitter allows to use one ventilator to ventilate 7 patients. The splitter was designed by IntCadSol in collaboration with doctors from Manchester Memorial Hospital in CT.,,,,,COVID19,technology:DIY; technology:3D Printing; general:ventilator
Aut2Talk,https://tomglobal.org/project?id=5ca3885cb506a2297168a96f,The solution is an application for iOS and Android devices that allows the user to record videos of themselves performing tasks and allows them to playback those videos to help understand verbal communication. The videos are played back when the user presses a button with an emoji associated with the feeling or need that is being communicated.,"Shirley is the mother of Arnold, a kid who has non-verbal Autism Spectrum Disorder (ASD).","Arnold's challenge is to find a way to verbally communicate his feelings, wants and needs.",,The solution is an application for iOS and Android devices that allows the user to record videos of themselves performing tasks and allows them to playback those videos to help understand verbal communication. The videos are played back when the user presses a button with an emoji associated with the feeling or need that is being communicated.,Therapy,activity:communication
Medtronic Portable Ventilator,https://tomglobal.org/project?id=5e834e79b371ab0d680c3ed3,Medtronic is publicly sharing the design specifications for the Puritan Bennett™ 560 (PB 560) to enable participants across industries to evaluate options for rapid ventilator manufacturing to help doctors and patients dealing with COVID-19. The PB 560 is compact and lightweight making it suitable for different healthcare environments and settings. This is a qualified design with 10 years of medical use.,,,,,COVID19,general:ventilator
Open Source Respirators & Ventilators,https://tomglobal.org/project?id=5e828f81b371ab0d680c3ebe,"This design was created especially for the TOM:Mexico City community by the MakersMexico group. This Splitter is designed to divide the airflow of an artificial ventilator so that it can be shared by two patients. The design is meant to optimize better airflow, mechanical resistance and ease of 3D printing. The splitter is currently being tested at The National Institute of Medical Sciences and Nutrition Salvador Zubirán (INCMNSZ) in Mexico City. Check the Resources section to watch the demo test.",,,,,COVID19,technology:DIY; technology:3D Printing; general:ventilator
Open Source Respirators & Ventilators,https://tomglobal.org/project?id=5e828c6bb371ab0d680c3eb8,"This design was created by Isinnova Inc., together with a former head physician of the Gardone Valtrompia Hospital, Dr. Renato Favero. This design works with a 3D printed valve and a regular snorkeling mask sold by Decatlon and/or other companies. To see full details please check Resources section.",,,,,COVID19,technology:DIY; priority; condition:hygiene; bodypart:face; technology:3D Printing; general:mask
COVID-19 PPE Solutions,https://tomglobal.org/project?id=5e81e5aee097a87da75e6315,This is a modified open source face shield developed by Florida International University (FIU) and Baptist Health South Florida.  See additional info in the resources tab.,,,,,COVID19,technology:DIY; condition:hygiene; bodypart:face; technology:3D Printing; general:mask
COVID-19 PPE Solutions,https://tomglobal.org/project?id=5e80fb15e097a87da75e62e5,This is a modified open source face shield developed by Florida International University (FIU) and Baptist Health South Florida.  See additional info in the resources tab.,,,,,COVID19,technology:DIY; condition:hygiene; condition:deaf; bodypart:face; general:mask
COVID-19 - PPE solutions,https://tomglobal.org/project?id=5e7e7302700d243bd850e10c,"The Open Source Face Shield is a low cost, medical face shield designed to be quickly made using almost any flat material fabrication equipment (laser cutters, rule dies, drag knife, CNC punch, etc.), or even scissors and an office hole punch from any clear flexible material.
It requires no hardware or 3D printed parts, just two pieces of flexible clear plastic and an elastic band.
This design was created by Vadim Gordin (https://www.linkedin.com/in/vadimgordin/) as part of the Open Face PPE Project.",,,,,COVID19,technology:DIY; condition:hygiene; bodypart:face; general:mask
COVID-19 - PPE solutions,https://tomglobal.org/project?id=5e8bc6fe1741d4521eabb186,The Stopgap Face Mask was created as an emergency action in an effort to protect people by providing backup PPE options if the standard PPE has become unavailable. This device has not gone through the same regulatory approval process as standard PPE but according to the NIH: this design has undergone review in a clinical setting and is recommended when fabricated as instructed. Please see the resources section for information.,,,,,COVID19,technology:DIY; condition:hygiene; bodypart:face; general:mask
COVID-19 PPE Solutions,https://tomglobal.org/project?id=5e7d5afe700d243bd850e0d6,"This open source face shield was designed by faculty members at Georgia Tech, who rapidly developed and prototyped several unique and simple designs, based on direct input and feedback from healthcare workers and hospital supply chain managers. This solution is a scalable one, as well as one that anyone can produce from home using widely available materials.",,,,,COVID19,technology:DIY; condition:hygiene; condition:deaf; bodypart:face; technology:3D Printing; general:mask
COVID-19 PPE Solutions,https://tomglobal.org/project?id=5e7d52df700d243bd850e0d4,"This is the first medically reviewed open source gown design by Open Source COVID19 Medical Supplies headed by Gui Cavalcanti in Berkeley, California.
The Open Source Medical Supplies medical team has reviewed this suit design, and suggested it be made out of the Tyvek 1433R (i.e. thin and flexible covering) that could be found in any hardware store.
The pattern has minimal seams as sewing seams make the garment more permeable because of needle holes. Please read through the techpack for full construction details based on what kind of machine you have accessible. These recommendations are here to try and get it to be the best as we can despite it being a non medical grade suit. The less seams the better!
*Disclaimer: These suits are not medical grade, but still can be used by other hospital workers and staff who don’t necessarily come in direct contact with patients.
Their fabrication package can be found here:
https://drive.google.com/open?id=1-Xr-67gs2qw0o44-hy-INb89I9m-wcLD",,,,,COVID19,priority; condition:hygiene; technology:sawing; bodypart:full body
Protective Face Shield,https://tomglobal.org/project?id=5e7d4ca4700d243bd850e0d0,"This design was created by the Swedish company 3DVerkstan. Their design is unique because it takes into account the difference in household hole-puncher that exists between countries (Sweden, Europe and North America)",,,,,COVID19,technology:DIY; priority; condition:hygiene; bodypart:face; technology:3D Printing; general:mask
COVID-19 PPE Solutions,https://tomglobal.org/project?id=5e7c9f20700d243bd850e088,"The Disposable Protective Face Shield is manufactured from a plastic sheet, foam tape and elastic. The lean design UW Madision and Delve, Midwest Prototyping allows for fast production at large quantities. Note that the foam cannot be sanitized so this is a SINGLE USE product. This product was reviewed by the OSCMS Medical Review Team. For information about the shield's development, cost per unit, manufacturing specs and materials please see resources.",,,,,COVID19,technology:DIY; condition:hygiene; condition:deaf; bodypart:face; general:mask
Protective Face Shield,https://tomglobal.org/project?id=5e7c9b02700d243bd850e084,This is the third iteration of the face shield prototype developed by Prusa Research. The design has two types of visors that can be utilized. This prototype has undergone two rounds of verification with the Czech Ministry of Health. Read more about the mask specs and development history under resources.,,,,,COVID19,technology:DIY; condition:hygiene; bodypart:face; general:mask
Respirator Face Mask (N95) - Coronavirus (COVID-19),https://tomglobal.org/project?id=5e72bb6294711e10b13ebe38,"***DISCLAIMER***
THIS IS AN INITIAL DESIGN THAT IS CURRENTLY BEING IMPROVED. VER 2.0 WILL BE PUBLISHED SOON.
THIS DESIGN IS INTENDED TO BE USED WITH COPPER3D ANTIMICROBIAL MATERIAL ONLY ***DISCLAIMER***
The NanoHack - the open-source respirator mask. Designed by Copper3D, a TOM:Chile Partner, company that manufactures PLACTIVE® an innovative Nano-composite developed with a high-quality PLA and a patented, scientifically validated and highly effective Nano-Copper additive that provides antimicrobial and antiviral protection.
NanoHack was inspired by the great global pandemic. The most radical innovations are born from crises.
This design provides the following advantages:
**FLAT PATTERN** which allow for easier manufacturing and massive shipping. **THERMOFORMING CAPABILITIES** At 55º - 60º C to allow the use of hair dryers or warm water to give the correct shape of the anatomy of any face. **REUSABLE & RECYCLABLE** You can use this mask any time you want, just wash it with soap and water. **MODULAR FILTRATION SYSTEM** that includes several layers with different geometries to provide an effective fine particle filtration. Furthermore, this system can house third party filtration materials, such as non-woven propylene, clothing, sponges, or textiles. **CONTROL OF THE FILTRATION AND AIR INTAKE** Prolong use of N95 respirators have shown to reduce lung capacity. These single-use respirators do not allow the regulation of air intake or particle size. NanoHack incorporates a modular filtration disc that can effectively regulate the air intake and the particle size.
***DISCLAIMER***
THIS IS AN INITIAL DESIGN THAT IS CURRENTLY BEING IMPROVED. VER 2.0 WILL BE PUBLISHED SOON.
THIS DESIGN IS INTENDED TO BE USED WITH COPPER3D ANTIMICROBIAL MATERIAL ***DISCLAIMER***",,,,,,
Debbie's backrest,https://tomglobal.org/project?id=5e6f7eee94711e10b13ebdf9,"A device used to change the back position when lying down.
This product allows people with disabilities to change their body position when lying on a bed and make their bed more comfortable for reading a book, watching TV or just staying on the bed at whatever level they'd like. This item is easily carried, doesn't weigh much, folds up and is most ideal to take with you
on vacation. We have developed this product for the ALS patient, but it can be used by anyone who needs or wants it, and it is very easy to make.",,,,,,
Team James,https://tomglobal.org/project?id=5e56c4e84deecb1a69968c42,"The InstaSleep is a rollable addition to a couch that makes it a pull-out couch. The
device provides extra space and support for couch sleepers with osteoarthritis. It
includes a half-moon shaped pillow that can be velcroed to the rollable mattress
for stability at night.",,,,,Daily Living,activity:sleep
Team Joán,https://tomglobal.org/project?id=5e3b9603d848736b09554583,"This device is a prosthetic leg for people amputated above the knee. Our goal was to develop a mechanical prosthetic that is water resistant in order to allow users to keep them on while showering or walking in the rain. This device is also meant to have a much lower cost than commercial prosthetics and simple to dimension and recreate in any makerspace.
This project was developed at the Makeathon at Columbia in 2020 based on the needs of Joán Bolanos Martinez, whose leg was amputated almost a decade ago after a car accident. After a couple calls and meetings with Joán in order to prepare for the event, we settled on our first priorities for the product and some possible design ideas. Over the course of the three days we developed a working prototype with PVC, aluminum extrusion, and silicon.",,,,,Daily Living,condition:amputee; bodypart:legs; assistivetool:prosthesis
Team Michelle- Hand warmers,https://tomglobal.org/project?id=5e3b9322d848736b09554580,This device is a fingerless glove for people with poor circulation in their hands and arms. The device takes into account the environment around the skin and can be manually or automatically set.,,,,,Daily Living,bodypart:hand; bodypart:fingers
Portable Dress Stick,https://tomglobal.org/project?id=645052644996735f844e8f58,Portable Dress Stick,Millie uses a motorized wheelchair and getting dressed independently can be challenging so she uses a dressing stick as an aid.,Millie would like a portable dress stick that she can bring with her when she travels.,"It will allow for a light, portable dress stick that is fully customizable.","We are making a portable dress stick, made from PVC pipes that can be unscrewed. It will also have detachable and modular fittings for the ends based on the person's needs. Tools needed Prusa slicer Pvc pipe cutter FDM Printer",Daily Living,
Head Tilt Sensor and Indicator,https://tomglobal.org/project?id=65106472ed09cf6fe1bd55e4,Head Tilt Sensor and Indicator,"Some patients with neurological impairments aren't able to recognize when their head is significantly tilted. This can potentially lead to muscle strain and other issues. Therefore, this project aims to provide solutions to patients to help them.","Patients with neurological impairments cannot sense when their head or body is not truly aligned with vertical. This results in an unconscious tendency to hold their head and neck in lateral flexion, causing balance issues and potentially neck pain",The device/design chosen will provide solutions to allow patients to become aware of their posture and correct it.,The design will most likely be a wearable head tilt indicator device. Tools needed scissors scissors Hot glue gun Soldering set Cable stripper,Therapy,
Firing position for Yulia,https://tomglobal.org/project?id=64db365b11cbb40cdff43268,Firing position for Yulia,"She immigrated to Israel from Kazakhstan, works for an electrical company, loves sports, participates in para-sports competitions, and currently focuses on shooting as her main sport.","Julia needs a new table and chair that she uses as a shooting position. Yulia wants the product to be lightweight and easy to carry, as well as simple to assemble.",The solution helps them in carrying and transporting a shooting position in flights and setting them up in competitions,"A table and chair that will be small in size, lightweight, foldable and convenient to carry and transport Tools needed Face shield Prusa slicer Wooden chop set scissors scissors scissors scissors Electric Srewdriver Circular saw FDM Printer Tester Flash Trigger CNC Machine Laser Cutter",Sports,
Seeing Ski,https://tomglobal.org/project?id=5ca3885cb506a2297168a959,A mini ski-like attachment that can attach to the bottom of a seeing cane.,,,,,Daily Living,condition:visually impaired; assistivtool:walker
Aditional backrest for a student chair,https://tomglobal.org/project?id=649ae6caaf332521756371fa,Aditional backrest for a student chair,"Abed, a 20-years-old architecture student, lives with his family in the north of Israel. Abed has a rare syndrome called FOP (Fibrodysplasia ossificans progressiva). This syndrome makes it difficult for him to dress, bend down and sit comfortably.","During class, Abed sits on an uncomfortable plastic student chair that is not padded. In addition, the chair is not suitable for Abed's body, which may contribute to the disease's development.",We provide a portable and comfortable backrest that fits Abed's sitting position and measurements and actually solves the problem of prolonged sitting.,"The solution we offer is a portable backrest adapted to Abed's measurements, and suitable to his student chair at the college. Tools needed Protective glasses Measurement tool Digital caliber scissors Stanley knife sewing machine scissors",Daily Living,
F.O.P Specialized Toothbrush,https://tomglobal.org/project?id=649ad1baaf33252175636947,F.O.P Specialized Toothbrush,"Nastya is a 9-year-old girl, who is faced with a daily challenge due to her FOP. Her condition limits her mouth's opening to just 4 mm, preventing her from effectively cleaning the inside of her teeth during regular brushing.",For Nastya and other FOP patients will be able to brush the inside of their mouth due to complications from the disease.,By making a brush small enough to fit through her teeth in order for her to brush the insides of her mouth,A brushing device specifically designed to effectively clean the inner surfaces of teeth Tools needed Fusion 360 Prusa slicer Measurement tool Digital caliber Needle-nose pliers scissors FDM Printer,Daily Living,
BackHelper,https://tomglobal.org/project?id=6490724f9fe0310468ecbb5d,BackHelper,"Came from Ukraine 5 years ago, lives with her parents and brother and has many pets. Goes to a regular school and whishes to be like everyone else.",To help the girl sit comfortably and in a balanced position during her time at school.,"Our challenge was to enable the girl to sit in class in a comfortable way, without feeling unusual. The backrest let's her lean in a specific angle and helps her stay rested and relaxed.",An offset to the original backrest that meets the girl's needs. We will allow the girl to sit comfortably and be able to lean back without hurting herself. Tools needed Protective glasses Face shield Measurement tool Digital caliber Screwdriver set Electric Srewdriver,Daily Living,
"Design by - Design Factory Shenkar, Shenkar- Engineering. Design. Art",https://tomglobal.org/project?id=648ee4229fe0310468ec71d0,"Design by - Design Factory Shenkar, Shenkar- Engineering. Design. Art",A sweet 8-year-old girl with many hobbies and extracurricular activities.,Providing support to a girl who is dealing with FOP to enable her to shower and wash herself independently.,It .helps Anastasia maintain her privacy and bathe independently.,We offer a wooden rod with an ideal angle. Tools needed Wooden chop set CNC Machine,Daily Living,
The magnetic crutch,https://tomglobal.org/project?id=648dbf7a9fe0310468ec469f,The magnetic crutch,"a program that helps to find solution for FOP patients with association with Shenkar College , Thomas Jefferson University , TOM Community and Meir Medical Center.",Help people with a disability to pick things up from the floor without having to bend over.,people that uses a crutch on a daily basis will have a solution for their bending issues.,a rod that is connected to a crutch with an opening mechanism that in the end of it there is a magnet to pick up stuff. Watch the video for more information --> Tools needed PC or MAC I7 + Screwdriver set Hot glue gun FDM Printer,Daily Living,
Infusion Tube Holder,https://tomglobal.org/project?id=66d998d1cb3e430013d7c164,Infusion Tube Holder,"As a pediatric oncology patient, my chemotherapy tubes often broke due to movement, causing spills that risk burns, blood contamination, and environmental hazards. I aim to solve this problem by designing a safer, more secure solution for tube connections.","Accidental disconnection of an infusion set during chemotherapy cause damages: overflow of cytotoxic substances, environmental pollution, contamination in the infusion set, waste of nursing time & waste of a set of infusion sets.","This innovative connector features a two-step locking mechanism, similar to a childproof door lock, to prevent accidental disconnections.",This is a 3D-printed external connector compatible with various infusion tube sizes. Tools needed Prusa slicer FDM Printer,Therapy,
Hands Free Shoehorn,https://tomglobal.org/project?id=646f3eebb5ec567e9efd8181,Hands Free Shoehorn,Our product is designed for people who has a disability about their hands or arms and struggle to use a normal shoehorn.,This project is made for those who have difficulty in wearing shoes due to any disability.,"The solution is offered by a lever-like tool that helps its users who either has no hands or whose hands are occupied, by making its users able to adjust the shoehorn attached to the tool while sitting with their legs.","Hands-Free Shoehorn offers its users a practical, easy and efficient way to wear shoes, without using any hands. Tools needed Measurement tool Silicone gun Hot glue gun FDM Printer",Daily Living,
Equal Access Guide,https://tomglobal.org/project?id=6519fa1bed09cf6fe1bf9c88,Equal Access Guide,Brendon is a 30 year old Blind male currently studying International Relations at Griffith University.,"Brendon currently experiences various challenges while being at uni - challenges engaging in pre-class activities and assignments, in classroom discussions with his peers, and attending social events.","1. The website will have information informing university staff of how to make learning more accessible for a Blind person. 2. When Brendon's peers access the website, they engage him in discussions and interact with him as they would with anyone",1. A website available for Brendon to show to university staff and students. This website will be available to view on a QR code. 2. A lanyard with ID holder that tells his peers to state their name and has the QR code. 3. A placard that has a big sign Tools needed PC or MAC I7 +,Daily Living,
Spring Dice Box,https://tomglobal.org/project?id=644e9f734996735f8449b4de,Spring Dice Box,"HMS School for Children with Cerebral Palsy, located in the University City neighborhood of Philadelphia, serves school-age children and young adults through age 21 who have complex, multiple disabilities",Rolling dice for those who struggle with fine motor skills,"It will allow someone to roll dice without the need for fine motor skills, precision in aiming, or force",A dice box attached to a spring Tools needed Hot glue gun,Fun/Leisure,
spinning pillow,https://tomglobal.org/project?id=644e21e84996735f844815d6,A spinning pillow that helps a person with a disability turn their body into the car.,"Paz have Cerebral Palsy, she can't move the left side of her body. She use a wheelchair. she find it struggle to get into the car seat",beacuse she can't move her body into the car by herself.,"the pillow help the left side of her body to turn into the car, so she don't need to lift her legs with her right arm or ask for help.",A spinning pillow that helps a person with a disability turn their body into the car. Tools needed PC or MAC I7 + Measurement tool Digital caliber Wooden chop set scissors Monkey wrench Wood Filing Tool Nail Gun sewing machine scissors set of needles Electric Srewdriver FDM Printer Laser Cutter,Daily Living; Outdoor,
LAIR,https://tomglobal.org/project?id=644d2c37ad4bc417dadfd500,LAIR,People who are taking care of the elderly or patients with mobility challenges.,Caregivers are prone to physical injuries due to the physically demanding nature of their job. Some of their main tasks include lifting and transferring patients from either the bed or wheelchair to their desired locations.,"By raising the height of the person sitting on the wheelchair as well as providing a tilt towards the caregiver, caregivers no longer need to physically strain themselves to lift the person up and can just hook them off the wheelchair do the transfer.",We are making an assistive lifting equipment that reduces the amount force that is required from the caregivers when performing their tasks. The solution can be readily integrated into any wheelchair. Tools needed Heavy duty gloves PC or MAC I7 + Fusion 360 Prusa slicer Measurement tool Digital caliber Clamps scissors Hot air blower FDM Printer Soldering set Voltmeter Cable stripper CNC Machine,Daily Living,
height adjustable laundry basket,https://tomglobal.org/project?id=644b1acfad4bc417dade0b81,height adjustable laundry basket,Zach is a college student at Penn State studying accounting. Zach suffers from chronic back issues and struggles bending over.,We created this product to help Zach do his laundry without bending over,"By having the laundry basket move up and down, Zach will not need to bend down to do his laundry, making the process pain free.",We are building a laundry basket that its height is adjustable. Tools needed Protective glasses Measurement tool Clamps Screwdriver set scissors Pull saw Pvc pipe cutter scissors scissors Electric Srewdriver Circular saw Soldering set,Daily Living,
GilGul: Dynamic Therapy Floor Seat,https://tomglobal.org/project?id=6751d26d8617b500142a7dd5,GilGul: Dynamic Therapy Floor Seat,"The device was originally designed for children with functional difficulties, providing core strengthening and mobility progression opportunities.","Children with functional challenges struggle with postures that limit activity or cause discomfort. GilGul combines chair and floor benefits, enables quick adjustments, expands workspace, and ensures a secure, versatile setup for therapy and play.","Designed to be modular and adaptive to each user, this innovative approach bridges gaps in functionality, accessibility, and therapy optimization, making it a versatile and essential tool in pediatric therapy.","GilGul is a multifunctional sitting device designed to support a range of activities. It's not just a chair but a therapeutic tool that enables proper sitting posture, balance shifting, and the integration of aiding devices tailored to specific activities. Tools needed Allen keys set Pliers CNC Machine",Therapy,
Hugh - Adaptable Computer Mouse,https://tomglobal.org/project?id=6448142eabd8c804e3243e6b,Hugh - Adaptable Computer Mouse,"Hugh Lang is a 7 year-old boy with clubbed arms, four fingers on his right hand, and three fingers on his left hand.","Since he doesn’t have thumbs, Hugh mainly uses his pinky fingers. However, this means that a normal computer mouse is not very practical for him. He can either move the mouse or click on it, but cannot do both at the same time.","By separating the buttons from the mouse, this design presents a two-handed system. Hugh will be able to press the buttons and move the mouse simultaneously.","The solution is a redesign of a traditional mouse that consists of a mouse for cursor movement and a box that has three buttons on it, one for right-clicking, one for left-clicking, and one for scrolling. This system uses USB to connect to any computer. Tools needed Protective glasses Screwdriver set Cutter Hot glue gun Soldering set Cable stripper Laser Cutter",Daily Living,
Digitus (Typing Prothesis),https://tomglobal.org/project?id=6443f10f3bdf1254762a1bba,Digitus (Typing Prothesis),Rigoberto Zapata is 47 years old and lives with his family. He is a university student who requires a device to quickly manage computer keyboards. Rigoberto lost both of his hands over 20 years ago due to an explosion during his time in the police force.,"Rigoberto is in need of a device that offers a high level of mobility to carry out his computer-related tasks effectively while in university.    Ideally, he would prefer an assistive device that extends up to his wrist area.",This solution will address the challenge because it will allow Rigoberto to fully use a computer in a quick and easy way. The idea is that it can be recreated in the future by people with similar problems in an easy way.,"The project involves a bracelet with an adaptable connection that can securely and efficiently allow Rigoberto to type and use his mouse in the computer. The idea is that the adapter can add other functions like cutlery pincers, and more. Tools needed PC or MAC I7 + Fusion 360 Prusa slicer Measurement tool Screwdriver set Allen keys set Cutter Metal scissors Silicone gun Stanley knife sewing machine scissors set of needles FDM Printer",Daily Living,
MP3 at the Touch of a Key,https://tomglobal.org/project?id=644011c94a71f83b72b83ae6,MP3 at the Touch of a Key,She has CP and limited motor functions in her hands,she loves listening to music but is unable to control her own device,it will provide Kayla with usable equipment,a music system with preloaded songs and larger controls for easier accessibility Tools needed Measurement tool FDM Printer Soldering set Cable stripper,Daily Living,
High Hip joint for SKY Lifechanger Prosthetic Limb,https://tomglobal.org/project?id=643429e97ffef4046d3a02f9,High Hip joint for SKY Lifechanger Prosthetic Limb,https://skyyouth.org/life-changer-prosthetics,This addition to SKY's original prosthetic leg will allow for wider group of amputees to receive prosthetic limbs for use in daily life.,"SKY's life changer limb project supports individuals with above the knee amputations, The part we are making will allow them to adapt this project to individuals with almost no leg below the hip, at a low cost and using commercial off the shelf fasteners.","We intend to create a viable alternative to expensive and proprietary High Hip Disarticulation products that will be simpler to make, lower cost, and easier to maintain. Tools needed Protective glasses Fusion 360 Digital caliber Allen keys set Rubber Hammar CNC Machine",Daily Living,
PVC Pipe Children's Wheelchair,https://tomglobal.org/project?id=662b9860853f090012c9ae4b,PVC Pipe Children's Wheelchair,Children with Physical Disabilities,Children all around the world suffer from physical disabilities that keep them from being able to walk. A simple solution to the problem is needed that will allow these children to move. PVC pipe is a readily available material that can solve this issue.,This will allow kids and families that may not be able to afford a high end wheelchair to make their own out of cheap materials.,"A small, child sized wheelchair made out of PVC pipes and joints that will allow kids all over the world to have access to wheelchairs. Tools needed Pvc pipe cutter",Daily Living,
RAM Mount,https://tomglobal.org/project?id=65e71c54c360e629290a8f6a,RAM Mount,"This project is needed for stability and safety in the class. Many students like to throw things that are in front of them including iPads. Not only does this break the iPads, but it can also injure a student.",We recently started working with Scott from the AIU for the past month. He asked us to developed an iPad enclosure that pairs with the RAM Mount. This enclosure will be used to hold iPads that help disabled students communicate.,"This holder allows the iPad to be safely secure, easily accessible and transportable, as well as functional for the student in need.",Stable iPad holder that encloses the iPad and securely attaches it to the RAM mount. Tools needed Protective glasses Measurement tool Clamps Nail Gun Circular saw,Daily Living,
TWIST’N PASTE,https://tomglobal.org/project?id=65e4fb90c360e62929093535,TWIST’N PASTE,Our product was designed for people with muscle fatigue or movement limitations that would obstruct them from squezing a toothpaste tube.,This project is made for those who have difficulty in squezing a toothpaste tube and therefore brushing their teeth due to some disability or movement restriction.,The solution is offered by a 3D printed wall attachment tool that helps its users who can’t coordinate their both hands together or who has one hand missing by making its users able to get the toothpaste out by only turning a simple key.,"Twist’n Paste offers its users a practical, easy and efficient way to brush their teeth, without using mustiple hands or any complicated hand movements. Tools needed FDM Printer",Daily Living,
Vora: Inclusive Feminine Hygiene,https://tomglobal.org/project?id=65d9421c4aeece0594f711d7,Vora: Inclusive Feminine Hygiene,Our need knower is a 24 year old female diagnosed with Rheumatoid Arthritis who had challenges managing her monthly feminine hygiene. Her complaints included inability to grasp small tampon applicator without pain and fatigue with the pushing mechanism.,Our goal is to increase independence for individuals with feminine hygiene challenges. This project is needed to address the lack of inclusivity in the types of tampon applicators that are on the market. Vora allows for a wider grip and larger grasp.,This solution will decrease the fine motor coordination and strength needed that a typical tampon applicator would require.,A piece of adaptive equipment to extend and build up a typical tampon applicator. This solution offers individuals with various hand and wrist conditions to maintain their independence and autonomy with feminine hygiene. Tools needed Face shield PC or MAC I7 + Fusion 360 Measurement tool sewing machine scissors FDM Printer,Daily Living,
Spoon for Mohammad,https://tomglobal.org/project?id=65cdde819c60ec10f918fa19,"Our solution will be designed by Mohammad needs and capabalities, so Mohammad will eat food independently by using it.","Mohammad is a 20 year old boy, he has CP and he has lack of ability to move his hand freely, but he is ambitious and he studies at college and he has big dreams!",We need this project because Mohammad wants to eat indepentently without help from his family.,"Our solution will be designed by Mohammad needs and capabalities, so Mohammad will eat food independently by using it.",A designed spoon Tools needed PC or MAC I7 + Measurement tool FDM Printer,Daily Living,
Cup holder,https://tomglobal.org/project?id=66098f454d0b0076f8f72c3c,3D Printed holders / mounts with rubbery bottom.,A man with a vision disability.,There is a need to hold still the cup on the table for a man with a vision disability.,"Improve the stability of cup-coaster system, by widening it and pulling down the center of mass.",3D Printed holders / mounts with rubbery bottom. Tools needed PC or MAC I7 + Prusa slicer Digital caliber Cutter scissors FDM Printer,Daily Living,
Blind Ludo game,https://tomglobal.org/project?id=6617a0a6e9cb5f00141bfafd,Blind Ludo game,"Those with visual and motor disabilities, and their family and friends who are not disabled","For people with disabilities and the people around them, it is a challenge to find a game that they can play together and enjoy it as much without the feeling that they are watching the game or not being able to play it like everyone else.","The game will create a balance calculation, and will give pleasure to all the participants in the game, a place for connecting people with disabilities without disabilities and a better understanding of the other",Blind game - a game for everyone that gives room for play between people with visual and motor disabilities and friends and family who are not disabled Tools needed Protective glasses Prusa slicer Measurement tool Digital caliber Pull saw Circular saw FDM Printer CNC Machine,Fun/Leisure,
Bottle Opener,https://tomglobal.org/project?id=659c54004c273656c6121504,Bottle Opener,Our product is designed for people who have difficulty opening bottles with one hand.,People who are having difficulty in moving their bodies often struggle to do the most basic things on a daily basis. With this project it is wanted to find a solution for people who have limited mobility in one side of their body.,"This design enables people to open bottles without struggling, moreover it also helps its user by keeping the bottle stable.","Bottle opener is a 3D printed tool that allows people, who can not use their one hand, to open bottles in a practical, easy and efficient way. Tools needed FDM Printer",Daily Living,
Multi-Sensory Learning box,https://tomglobal.org/project?id=6626c709853f090012c7e76c,"A sensory box with various sensory inputs, including auditory, visual, and tactile elements, is available to meet the needs of the child and enhance focus, attention, exploring and playing.","Mohammed,a 4y.o diagnosed with cerebral palsy and having (CVI)cortical visual impairment.helps to attract his attention by engaging multiple senses.touch, vision hearing autism ,ADHD,visual impairments,developmental delay normal children can be be benefit.","""Helping children focus and pay attention and explore in sensory, writing, and pre-writing skill activities In a fun, flexible, and cost-effective way. It can be used in sessions at centers and also in homes.",Providing the necessary sensory inputs for the child to be receptive to learning skills and not distracted by sensory issues.,"A sensory box with various sensory inputs, including auditory, visual, and tactile elements, is available to meet the needs of the child and enhance focus,attention,exploring and playing. Tools needed Prusa slicer Rubber Hammar FDM Printer Laser Cutter",Therapy,
Stick for Sock Aid,https://tomglobal.org/project?id=659bbe254c273656c611b904,Stick for Sock Aid,Older people often have difficulty bending over when wearing their socks.,This project is necessary because the elderly have difficulty wearing socks and this causes them pain.,"Our solution is to develop a stick to help them when wearing their socks. First, they will attach their socks on the sock holder at the end of the stick. In this way, they can be worn their socks while standing.","Thanks to this stick, especially elderly people will be able to easily put on their socks without bending over. Thus, there will be no pain in their back. Tools needed PC or MAC I7 + FDM Printer",Daily Living,
Shopping Cart to Crutch Adapter,https://tomglobal.org/project?id=642b59a07ffef4046d37ead7,Shopping Cart to Crutch Adapter,Jenna is a college student studying public relations and political science.,"Jenna was in a car accident recently and Lisfranc fractured her foot, forcing her to be on crutches for 6 months. During this time Jenna has had trouble grocery shopping independently as she could not push a cart and use her crutches at the same time.",This device will allow individuals on crutches to grocery shop independently.,We are building a device that will allow users to use their crutches to push a shopping cart. Tools needed Protective glasses PC or MAC I7 + Fusion 360 Prusa slicer Measurement tool Digital caliber Vise grip Dremel,Daily Living,
Bottle Opener Bracelet,https://tomglobal.org/project?id=65958528a41b5427742e0566,Bottle Opener Bracelet,"People in this group may include those with disabilities including arthritis, restricted hand movement, limb variations, or other diseases that impact their ability to perform precise movements and coordinate their hands.",As people who have arthritis or other diseases that make it hard to use fine motor skills might not be able to use traditional bottle openers. This project is an inclusive answer that lets more people enjoy the freedom of opening bottle without help.,"The solution's focus on simplicity, ease of manufacture, practicality in usage, and long-term utility perfectly matches with the objectives of addressing the challenge.","To produce a product that can be made quickly and easily with simple products in terms of design, as well as being practical in terms of use and useful in the long term. Tools needed Measurement tool scissors Silicone gun scissors FDM Printer",Daily Living,
A moving handle for a hand rest,https://tomglobal.org/project?id=656f5680b5e3760523ec6994,A moving handle for the hand rest. The regular handle body will have a moving flexible hand resting piece. This piece is made to be anti-slip and move smoothly with the user's hand.,"Our need knower name is Sadeel,a 14 years old.she attends a special school for disabled students in Arara, using a wheelchair.She suffers from CMV disease, which deteriorates her physical health.Her fixed back limits her to bending only from the pelvis.",To help Sadeel and other individuals in need at being able to use the toilet safely and independently.,"The handles flexibility enables the individual in need to stand, turn and set safely on the toilet seat independently.",Our suggestion is a moving handle for the hand rest. The regular handle body will have a moving flexible hand resting piece. This piece is made to be anti-slip and move smoothly with the user's hand. Tools needed Protective glasses Fusion 360 Measurement tool Digital caliber FDM Printer,Daily Living,
Clothes Hanger for a person in a wheelchair,https://tomglobal.org/project?id=662fc9d98a678500136f7acc,Clothes Hanger for a person in a wheelchair,person in a wheelchair,"A person in a wheelchair cannot reach the clothes on the high shelves in the closet and of course cannot return them. The person in the wheelchair cannot be independent, and this is a basic thing he need to do every day.","Taking a garment out of the closet is a basic, everyday task, and people in wheelchairs are limited in terms of the height they can reach. The product allows to increase it and instead of a pile, take out one garment at a time in an easy & comfortable way.","A hanger for every garment that is worn on the shelf in the closet. The rack includes a handle and it hangs on the shelf itself and stabilizes itself by 2 bent metal rods, which are welded to a central metal rod. Tools needed Heavy duty gloves Protective glasses Face shield Protective headphones PC or MAC I7 + Prusa slicer Measurement tool Digital caliber Clamps Agle Grinder Dremel FDM Printer",Daily Living,
Aya's First Steps - A forearm rest that connects to standard reverse walker,https://tomglobal.org/project?id=6630ddac8a6785001371a469,"The solution can help anyone who use (or want to use) a reverse walker, in order for him/her to be able to walk independently, and cannot hold a standard reverse walker. In this case, adapted to a user with Apert syndrome.","The solution can help anyone who use (or want to use) a reverse walker, in order for him/her to be able to walk independently, and cannot hold a standard reverse walker. In this case, adapted to a user with Apert syndrome.",To help Apertsyndrome child to walk and to gain independence.,"The solution will allow Aya (user) to use and practice walking with a standard reverse walker, independently. Without the solution, Aya cannot walk on her own.","To help Aya walk by herself for the first time in her life! To turn a standard reverse walker into a forearm walker, adapted to Aya's (user) needs. We want to create a forearm walker attachment (forearm rest) that connects to a standard reverse walker. Tools needed Protective glasses PC or MAC I7 + Prusa slicer Measurement tool Screwdriver set scissors Staple gun sewing machine Jigsaw FDM Printer",Daily Living,
Blood Pressure Cuff Valve Knob,https://tomglobal.org/project?id=656cdb0ab5e3760523eb0773,Blood Pressure Cuff Valve Knob,"OT students and a faculty member who had difficulty with turning the knob of a BP cuff due to decreased hand strength/coordination/sensation, increased hand pain, or a need to complete this task easily with one hand.","BP cuff valves are hard to turn. The inability to use their cuffs impacted school and work (respectively), and also their ability to care for their clients without harming themselves. This simple built-up knob allowed them to complete needed clinical work.","The improved ergonomics and increased size of the knob addresses their symptoms and functional limitations by reducing stress and pain on joints and removing the need for extra strength, sensation, or coordination to turn the knob.",Built up knob that attaches to the valve of a BP cuff with indentations for fingers. Tools needed PC or MAC I7 + Digital caliber FDM Printer,Daily Living,
Adjustable Guide Dog Harness,https://tomglobal.org/project?id=6537abc9f103d305f7c2f06b,Adjustable Guide Dog Harness,"Anna has a seeing impairment and therefore relies on her guide dog for support. However, Harlem's current harness is not adjustable and when Anna changes her footwear, the harness becomes difficult to use and compromises her safety.","There is an explicit need to design a harness that does not compromise Anna's freedom of fashion expression for her safety. And allows her to dress freely and remain in control of her dog. The design needs to also be easy to use, clean and maintain.","By being able to adjust the height of the harness to match her shoe type, Anna will be able to freely and easily manage her way around without concern for her safety, control and ability to receive/ read the micro movements of the dog.","The re-designed harness will have a height-adjusting mechanism, allowing for the overall harness length to be extended by up to 100mm. Tools needed Fusion 360 Cutter scissors FDM Printer",Daily Living; Outdoor; Fun/Leisure,
MALT - Communication device cover,https://tomglobal.org/project?id=651f4a1cf9511c151391a1d0,MALT - Communication device cover,"Alan has varied cultural interests and a strong independent streak, demonstrated by his personal style and daily activities; however, he's hindered by his communication device's vulnerability to weather and his mobility limitations.","AAC devices are invaluable tools that empower Alan, facilitate community engagement, and enhance his quality of life. Unfortunately, there are no available potection for his device to support his outdoor participation.","By using the water-resistant and anti-glare cover, Alan's autonomy and community engagement can be enhanced as he can navigate his environment and communicate without barriers.",Enhancing AAC devices with a water-resistant and anti-glare cover Tools needed Protective glasses Ratchet + Boxes set scissors scissors scissors scissors Laser Cutter,Outdoor,
Personalised shopping list,https://tomglobal.org/project?id=651f4650f9511c1513918d39,Personalised shopping list,"Geoffery recently moved to Hawthorn and lives by himself. He has two brothers living nearby, who are very supportive to him. He had nuchal birth injury, which impacts his speech and executive functioning. However, he still has good memory.",Geoffery's executive functioning impacts his ability of planning the shopping list and navigating in the supermarket. This personalised shopping list aims to support Geoffery's independence in shopping in Woolworth in Toorak Road and IGA in Glenferrie Rd.,"The personalised shopping book uses colour coding system, visualised shopping item stickers to support Geoffery on creating his shopping list and navigating the aisles in supermarket.","A personalised shopping book is introduced to Geoffery with laminated shopping items, which Geoffery often shops. Tools needed Measurement tool scissors",Daily Living,
Kneel-Flex,https://tomglobal.org/project?id=651aac23ed09cf6fe1c05b16,Kneel-Flex,A single mother with a diagnosis of Ehlers-Danlos Syndrome currently  experiences difficulty with bathing her daughter due to pain and hypermobility,To assist her with providing self-care of her daughter,"To address this pain point, we have created a kneeling stool which hard cushions padding for knees and buttocks",We are offering a solution that will reduce pain and risk of injury when in the kneeling position Tools needed Heavy duty gloves Protective glasses Protective headphones Measurement tool Clamps Vise grip Screwdriver set Hammer scissors Staple gun Pull saw Wood Filing Tool scissors scissors sewing machine scissors set of needles Electric Srewdriver Jigsaw Hot glue gun Flash Trigger Dslr Camera Studio Backdrop,Daily Living,
Office Chair Stopper,https://tomglobal.org/project?id=62cb6fb0242da04cdcd17c09,"The office chair stopper is a button-activated brake system for rolling chairs. It enables individuals reliant on chair sturdiness and stability in order to sit down and stand up, to do so independently and anywhere they desire.",Batia Shviki is a formal paralympic winner in multiply sports. She is paraplegic due to polio disease and mostly moves around with the help of crutches.,"In order for Batia to comfortably and safely sit down and stand up from her office chair, she needs it to stay in place to provide the proper support. Until now, she has always dragged the chair next to a wall so it wouldn’t roll away, but this is very inconvenient!","This solution combines mechanisms with electronics to create a system in which at the push of a button, a chair brake is activated (moves up and down). Tools Needed 3D printer Batteries / Power Screwdriver set Bill of Materials Please see detailed BOM and printing models in the downloadable product file. Estimated Time to Make 20-40 hours of machine time 0.5 hours of assembly time","The office chair stopper is a button-activated brake system for rolling chairs. It enables individuals reliant on chair sturdiness and stability in order to sit down and stand up, to do so independently and anywhere they desire.",Daily Living,condition:paralysis; technology:3D Printing; condition:walking problems; condition:motor problems
Cardboard Workstation Easel,https://tomglobal.org/project?id=63fb7b225bcc0e51812a9e24,"The product is a simple cardboard structure that is lightweight but can support a wide variety of items. The cubby in the back can be counterweighted to stabilize the structure or balance heavier devices.
This product was developed by ADA, the Adaptive Design Association.","The Cardboard Workstation Easel is designed for anyone who needs to support a book, tablet, or other items at or close to eye level.",Many existing products are item-specific and can be costly.,"This product will provide a low-cost, versatile option to position items at a better viewing angle to the user. Tools Needed Tri-wall cardboard — or — single-wall cardboard — or — 0.625” plywood CNC — or — jigsaw — or bandsaw Ruler Pencil Scissors Utility knife Hot glue White glue Sandpaper Thick paper Plastic Card Weights Paintbrush Bill of Materials Please see the detailed BOM and printing models in the downloadable product file. Estimated Time to Make 1 hour of machine time 1 hour of assembly time",The product is a simple cardboard structure that is lightweight but can support a wide variety of items. The cubby in the back can be counterweighted to stabilize the structure or balance heavier devices.,Fun/Leisure,technology:DIY; condition:amputee; condition:paralysis; bodypart:hand; condition:autism; condition:CP; condition:tremor; condition:parkinson; age:kids; bodypart:eyes
ERGO – HOLDER Adjustable Ergonomic Glasses Holder,https://tomglobal.org/project?id=63f0c51ff041a658aee46bcd,ERGO – HOLDER Adjustable Ergonomic Glasses Holder,He has trouble wearing glasses after an ear surgery.,"This apparatus has been designed to facilitate the use of glasses by people who have any physical problems in their ears. Many people have to wear glasses due to various eye defects. Normally, the spectacle frame is used behind the ear, but in some cases.",It is designed to make it easier for people with physical deformation in their ears to use glasses.,"In this study, in order to eliminate all these disadvantages, an adjustable ergonomic glasses holder (Ergo – Holder) was designed using Solid Works and 3D printer. It will be delivered to need knowers as a working model. Tools needed PC or MAC I7 + Fusion 360 FDM Printer",Daily Living,
A Writing Board For Deaf-Blind People,https://tomglobal.org/project?id=680f8cf3450ab500128de3b3,A Writing Board For Deaf-Blind People,DeafBlind Community,"Deafblind individuals face major communication challenges. Speech, when possible, is often unclear, limiting interaction. Loss of sight and hearing also disrupts spatial orientation, making writing and other traditional communication methods difficult.","Our solution provides a communication board to enable independent writing and improve interaction, fostering autonomy and connection.","The board enables Yael to locate where she is writing, move between lines independently, and communicate more freely with others, helping her gain greater independence. Tools needed PC or MAC I7 + scissors set of needles FDM Printer",Daily Living; Hobbies; Fun/Leisure,
Toddler Food Cart,https://tomglobal.org/project?id=62f38b0ba7ed4865a540a7dd,"The solution offers height-adjusted hand grips for toddlers, enabling an unobstructed view while pushing a food cart.",,,,,Daily Living,general:handle; condition:walking problems; assistivtool:walker; age:kids; condition:motor problems
Drawing Aid,https://tomglobal.org/project?id=68113fb377611400126cf51c,Drawing Aid,Individuals with clubbed hand syndrome or other hand disabilities.,The project is needed to allow for easy capping and recapping of drawing utensils.,This solution will address the challenge by eliminating the demand for high dexterity while recapping drawing utensils.,A 3D printed Marker Cap Gripper Tools needed PC or MAC I7 + Fusion 360 Electric Srewdriver FDM Printer,Hobbies; Fun/Leisure,
Hang Over,https://tomglobal.org/project?id=62d6c00caafd87662b35df42,A hanging sling wheelchair accessory that neutralizes gravity to help patients achieve greater upper extremity range of motion.,"Individuals with upper extremity motor challenges; originally designed for patients post neurological incidents, strokes, or spinal cord injuries.","After such incidents, most patients struggle to perform daily tasks such as eating and drinking, and despite rehabilitation training, many require additional help to gain independence in these areas.",An arm sling mechanism that hangs from a pole positioned above the wheelchair to neutralize gravity. Tools Needed Ratchet set Lathe Milling Walder table saw Caliber Sewing machine Grinder Bill of Materials Please see detailed BOM and printing models in the downloadable product file. Estimated Time to Make 10 hours of machine time (if manually manufacturing parts) 1.5 hours of assembly time,"A wheelchair accessory that helps patients achieve greater upper extremity range of motion. It was based and redesigned on an existing product from Hadassah’s Rehabilitation Department which is big, heavy and not mobile or detachable.",Daily Living,bodypart:hand; assistivetool:wheelchair; assisitvetool:splint; activity:eat; activity:paint; condition:motor problems
Natik - Wheelchair Side Storage,https://tomglobal.org/project?id=62d3e7f0aafd87662b3599d9,“Natik” is a bag that is easily mounted on the wheels of a wheelchair using a quick release pin. It stays upright even while the wheels are turning and is easily accessible from the chair.,Nati was an athlete and a competitive cyclist for many years. He also uses a wheelchair. Nati is a very independent person and manages the field of cycling at Etgarim.,"Nati lacks storage space while moving around with his chair and traditional back mounted bags are not comfortable for him, and also shifts the balance point of the chair backward and can cause Nati to flip. He is looking for side storage that he can easily access while in the chair.","""Natik"" can be mounted and disassembled quickly on the wheelchair and thus does not make it difficult to move in narrow places and the time of folding and assembling the chair quickly during storage in Nati's vehicle. Machines Needed CNC table Vacuum forming machine Sewing machine Metal lathe FDM 3D printer Tools Needed Drill Box cutter Clips ½”-20 UNF Tap Orbital Sander + 120 grit paper Philips screwdriver Wrench 7mm Hex key 1.5mm Moist rag Spray glue “3M super 77"" R21 glue - type MP2 Bill of Materials Please see detailed BOM and printing models in the downloadable product file. Estimated Time to Make 12 hours of machine time 48 hours of assembly time","“Natik” is a bag that was designed to solve all those issues, it is mounted on the wheel’s quick release pin and supplies quick attachment and access.",Daily Living,
Project Nira - Standing Arm Supporter,https://tomglobal.org/project?id=62cb7d1b242da04cdcd17c88,This is a standing arm supporter. It is an adaptive device that holds the hand at an angle to allow one to put on and take off clothes more efficiently. One of the main benefits of the device is increased user independence.,Our Need-Knower is Nira - who's among millions of people around the world who suffered from a stroke and as a result is paralyzed on the left half of her body.,"Nira struggles with dressing independently because she is paralyzed on the left side of the body. A disability such as this is common among people who suffered from a stroke. Every year, 15 million people around the world experience a stroke and its affects.","Our solution enables independence and accessibility in daily activities, especially in the act of dressing. Many people are dependent on assistants just to get dressed and it severely compromises time, independence, and self-esteem. Tools Needed screwdriver set wood-saw wood glue sewing machine sponge foam Bill of Materials Please see detailed BOM and printing models in the downloadable product file. Estimated Time to Make 1 hour of machine time 2 hours of assembly time",The solution we are offering is an adaptive device that supports an arm by holding the hand at an angle. This allows the user to dress and undress themselves independently.,Daily Living,
Camera Adaptation,https://tomglobal.org/project?id=68128498bb626b0012cdd9a6,Camera Adaptation,"Jen is part of AbleVoices, a charity that brings photography to teens and adults with disabilities as a means of self-expression.",Some photography students are unable to participate in photography sessions because they do not have the fine motor skills to click the camera button and take photos. A modified camera button allows these students to have more autonomy while taking photos.,It will allow any users who have lost fine motor skills to be able to take pictures independently.,A camera attachment that provides a button that can be hit without the need for hand movement. Tools needed PC or MAC I7 + Fusion 360 Prusa slicer Allen keys set Hot air blower FDM Printer Soldering set Cable stripper,Hobbies,
Adapted Checkers and Backgammon,https://tomglobal.org/project?id=681306abbb626b0012cf711e,Adapted Checkers and Backgammon,People with limited finger mobility and occupational therapists,This project is needed to allow checkers to be used by people who do not have the hand dexterity to pick up pieces of checkers and backgammon with their fingers. It allows for practice of hand-eye coordination and difficult wrist mobility.,This  solution can help the after school program attendees independently play checkers. This also helps physical therapist Sharon Dalfen with gamifying fine motor skill practice and wrist extension and retraction.,"This solution offers a customizable hand attachment with a hook that allows people to pick up checker pieces that have a hoop attachment. The hook cuff has two lengths, so the user can choose which works best for themself. Tools needed Prusa slicer FDM Printer",Hobbies; Fun/Leisure,
Portable Floor Sitter,https://tomglobal.org/project?id=63fb82e75bcc0e51812aa12a,"The product has an adjustable wooden frame with hinges and modular parts that can be tailored to the user while still being easy to set up and use. It’s relatively lightweight but durable enough for outdoor use and the tripod leg design allows it to be placed on slightly uneven surfaces like dirt, sand, or grass.
This product was developed by ADA, the Adaptive Design Association.",The Portable Floor Sitter is designed for children aged 2-4 who need a portable device to aid in independent sitting close to floor level.,Existing adaptive seats are often much larger/heavier and aren’t designed with portability in mind.,This product will provide a supportive seating surface with armrests and belts to aid in independent sitting. Its legs can be folded and stowed when traveling. Tools Needed 0.25” drill bit #1 drill bit (.228”) Drill Hex tool Orbital sander CNC mill or jigsaw Ruler Pencil Sandpaper Bill of Materials Please see detailed BOM and printing models in the downloadable product file. Estimated Time to Make 2 hours of machine time 3 hours of assembly time,"The product is an adjustable wooden frame with hinges and modular parts that can be tailored to the user while still being easy to set up and use. It’s relatively lightweight but durable enough for outdoor use and the tripod leg design allows it to be placed on slightly uneven surfaces like dirt, sand, or grass.",Daily Living,technology:DIY; condition:autism; assistivetool:wheelchair; age:kids
FlipPad - Assistive Gaming Touchpad,https://tomglobal.org/project?id=62bc20b9b5d54e22c71e9182,"The FlipPad combines a low-cost capacitive touchpad module with a microcontroller and sensors. It can control computers via USB, smartphones via Bluetooth, and even TV sets/other devices via infrared - just by small fingertip movements.","Felix is a passionate computer gamer who loves nature and Marvel movies. Due to his disability (Spinal Muscular Atrophy, SMA Type 3), Felix has only very limited finger mobility, however, it is very important for him to still be able to use computers and smartphones.","Although many alternative input devices are available today, none of those can be fully tailored to individual capabilities or give access to different devices. We want to fill this gap by providing a low-cost, flexible, and open-source input solution.","Together with Felix, we developed a special touchpad that can be mounted easily on a wheelchair or tabletop. Using the accessible Configuration Manager, settings can be adjusted together with Need Knowers, making the system customizable for any user. Tools Needed Screwdriver set Soldering iron Solder Wire cutter 3D printer Bill of Materials Please see detailed BOM and printing models in the downloadable product file. Estimated Time to Make 3 hours of print time 2 hours of assembly time","The FlipPad combines a low-cost capacitive touchpad module with a microcontroller and sensors. It can control computers via USB, smartphones via Bluetooth, and even TV sets/other devices via infrared - just by small fingertip movements.",Daily Living,technology:3D Printing; general:games; bodypart:fingers
Boost Plus Shake Opener,https://tomglobal.org/project?id=682571ba69571c0013bd4b04,Boost Plus Shake Opener,"We designed an accessible Boost bottle opener to assist individuals with fine motor challenges or limited grip strength, making it easier to open bottles without requiring significant pressure.","Riddhi, who lives with dystonia, struggles with tasks like opening bottles due to tremors and limited muscle control. We created an accessible Boost bottle opener to help her and others like her open bottles with ease and independence.","The design uses a comfortable grip and ridges that match the cap shape, making it easier to twist open without strong hands or fine motor control. It helps users with conditions like dystonia open bottles smoothly, with less strain and greater ease.","The opener’s ergonomic handle and cap-aligned ridges reduce the pressure and grip strength needed to twist off Boost bottle caps. This allows people with fine motor challenges to open bottles more easily, safely, and independently. Tools needed Fusion 360 Pliers FDM Printer",Daily Living,
Compactible Shower Stabilizer,https://tomglobal.org/project?id=6235d3f00abab55beec71b92,"The Compactible Shower Stabilizer is a collapsible, suction-based shower handle with a waterproof phone attachment that can be used at home or on the road. The handle will provide stability in the shower, and
the phone attachment will allow the Need-Knower to contact others while in the shower.",,,,,Daily Living,technology:3D Printing; general:handle; activity:shower
Lightbulb Message Notification System,https://tomglobal.org/project?id=6230b2180abab55beec71b89,"The Lightbulb Message Notification System is an LED and app-based system that uses visual cues to alert the user when a notification has been received on their phone. The LED ""lightbulb"" can be placed anywhere around the users home. When a notification is received on the phone, the LED will turn or flash a certain color based on the notification. The color and pulse of the LED is fully customizable and can be set by the user in the app.",,,,,Daily Living,condition:deaf; technology:app; activity:communication
SmartVision Stick,https://tomglobal.org/project?id=61b9bd624f10776dbe488792,"This is a ""smart"" cane that warns of obstacles above your head and
below your feet.
People with loss of vision usually use a cane that will ensure safe movement
around the city. In urban conditions, there are a lot of obstacles not only on the ground, but also above the head and below our feet.
Our solution will allow such people to avoid collisions with obstacles and falling into depressions (pits, ditches).",,,,,Daily Living,condition:visually impaired; assisitvetool:cane
DJ console,https://tomglobal.org/project?id=61b9b9544f10776dbe488791,"An accessible console that allows people with disabilities to
be DJs.
It is combined with a Single controller, The bottom has two large push buttons, in the middle step, there are slider and joystick buttons and at the top tier has four small push buttons. On the right side of the console, there is a switch off button and on the other side a USB connection.",,,,,Hobbies; Fun/Leisure,condition:amputee; condition:paralysis; technology:3D Printing; general:music; condition:motor problems
Amorphous keyboard,https://tomglobal.org/project?id=61b9a86d4f10776dbe48878e,"Our solution is a customizable acrylic board to suit any type of hand
position and tackle the problem of WASD (keyboard controls) with a joystick.
We laser cut the acrylic board with accurate measurements to easily
fit the switches and joystick. The electronics is a simple keyboard
matrics that can be easily stored in a case.",,,,,Fun/Leisure,condition:amputee; bodypart:hand; condition:motor problems
Tahel's Straw,https://tomglobal.org/project?id=61b897734f10776dbe48878d,"A kit that includes an adjustable straw that can be attached to a spoon, fork and knife.
It will help the person to drink more comfortably by adjusting the length of the straw.
It is used for our most basic need, drinking. Made with dignity and doesn’t look unusual.",,,,,Daily Living,condition:paralysis; condition:CP; general:drink; condition:motor problems
Using Smartphone,https://tomglobal.org/project?id=61b728d74f10776dbe488783,"The prototype consists of two parts: a mobile phone holder for easier
handling and a ring-shaped part and a connection with the arm
above the prosthesis
This prototype is aimed for the phone screen to react to the touch of
the prosthesis.",,,,,Daily Living,condition:amputee; bodypart:hand
Portable Ramp,https://tomglobal.org/project?id=67cb566763ce640013c82829,Portable Ramp,This ramp is specifically designed for individuals who use electric wheelchairs and need assistance navigating a single step of up to 12 cm in height.,"Many homes and buildings have a single step at entrances, making access difficult for electric wheelchair users. This ramp provides a simple and effective solution for smoother mobility.","The ramp features a 15-degree incline, ensuring a stable and manageable slope for electric wheelchair users. It is placed securely against the step, allowing easy and safe movement up and down.","The Portable Ramp is a lightweight, durable wooden ramp designed to assist individuals using electric wheelchairs in overcoming a single step. Tools needed Protective glasses Measurement tool Screwdriver set Rubber Hammar scissors Electric Srewdriver Circular saw CNC Machine",Daily Living,
UP_MD_01,https://tomglobal.org/project?id=679d004530ee740012dc27f0,UP_MD_01,"The device is for children with autism and motor challenges, especially those struggling with buttoning. It promotes independence and reduces frustration. Parents, caregivers, therapists, and educators can use it to improve daily skills.","Baldo has autism, motor difficulties, and gets frustrated when he can’t button his clothes. He struggles with finger coordination and following steps. This device helps him button independently, reducing frustration and reliance on his mom.","This solution directly addresses the challenge by making buttoning accessible for Baldo. Traditional buttons require precise coordination and grip strength, which can be frustrating or even imposible. It's 3D printable makes it an affordable option.","We are offering an ergonomic button designed for Baldo a child with autism, fine motor difficulties. Our buttons feature an optimized shape that requires less dexterity and force to fasten, making dressing easier and more independent for Baldo Tools needed Fusion 360 scissors sewing machine set of needles FDM Printer",Daily Living,
Tracito-Rex-Tool to support handwriting and fine motor activities,https://tomglobal.org/project?id=679d018c30ee740012dc3f6f,Tracito-Rex-Tool to support handwriting and fine motor activities,people who have any motor deficiency,"To aid in simple activities such as writing and painting, as well as simple movements in steady activities. Our goal is to transform difficult or awkward tasks and make them seem approachable. Self-sufficiency is our priority.","By limiting erratic movement, we achieve a more controlled and steady hand motion, allowing our user to better complete his tasks and activities.",Our solution consists of an aiding adaptable device. The instrument is composed by a frame that will adjust to a variety of surfaces. It will permit limited movement vertically and horizontally. Also a handle with an ergonomic approach. Tools needed Protective glasses PC or MAC I7 + Measurement tool Pull saw Hot glue gun FDM Printer Laser Cutter,Daily Living,
emBrace,https://tomglobal.org/project?id=64269b7898e921284174aba0,emBrace,"Patients who suffer from slipped disc, especially younger adults who commute to work or want to enjoy travelling.","Slipped disc patients have trouble sitting for long periods of time, which is common during long-distance travel (e.g., buses, trains, and planes).",It aims to increase comfort levels during long travel for slipped disc patients,A reactive brace which initiates a corrective mechanism when it senses the patient being in a dangerous position for their condition Tools needed PC or MAC I7 + Fusion 360 Prusa slicer Screwdriver set Silicone gun scissors sewing machine set of needles FDM Printer Soldering set Voltmeter Cable stripper Tester,Daily Living; Therapy; Outdoor; Fun/Leisure,
Enabling a parapeligc parent to get of his whellchair on to the floor and back independently.,https://tomglobal.org/project?id=67b5c05830ee740012e0a602,Enabling a parapeligc parent to get of his whellchair on to the floor and back independently.,"The primary users of your product are individuals with mobility impairments, particularly those paralyzed from the chest down who need assistance transitioning safely between a wheelchair and the floor for daily activities.","The project was designed to meet Michal's need for a safe way to transition from her wheelchair to the floor so she could play with her children, as she is paralyzed from the chest down.","This solution facilitates safe, independent transitions from a wheelchair to the floor for those with severe mobility impairments, using a specially designed railing system to enhance safety and autonomy.",railing system intended to simplify and support Michal’s transition from the floor to her wheelchair. Tools needed Heavy duty gloves Protective glasses Face shield Protective headphones Measurement tool Digital caliber Leveler Clamps Vise grip Electric Srewdriver Agle Grinder Jigsaw FDM Printer,Daily Living,
SenseSpace,https://tomglobal.org/project?id=64244e8198e9212841745477,SenseSpace,Joshua gradually became blind during his teenage years. Due to this he had to develop new skills and methods to get around both with a companion and independently. He is looking for solutions that may help him experience his surroundings more.,Joshua is unable to appreciate visual experiences during travel,"This will help Joshua translate the visual experience that he can no longer enjoy into physical experiences that reflects the scenery, helping him form memories based on ""visual"" characteristics.",We are creating a sensation creating forearm sleeve that utilizes vibrotaactile technology to provide the user with feedback from the sceneries that they are observing. Tools needed Protective glasses Prusa slicer sewing machine scissors set of needles FDM Printer Soldering set,Outdoor,
Raised Keyboard Letters,https://tomglobal.org/project?id=6423249898e921284172fda6,Raised Keyboard Letters,Jessica needs these letters for a student with muscular issues. The raised letters will help the student type with fewer errors.,No raised keyboard like this exists. It allows people with muscular control issues to type with fewer errors. Being further from the keys allows users to avoid hitting multiple keys at once.,The need-knower will be able to type with fewer errors due to a greater distance between their fingers and keys. This reduces the number of keys pressed at the same time by accident.,3D print letters to be attached to keyboard Tools needed Heavy duty gloves Fusion 360 Wood Filing Tool FDM Printer,Daily Living,
GripUp,https://tomglobal.org/project?id=67c1fb40aed0180013053b55,GripUp,"Chava is a 7-year-old boy with Down syndrome. He wears glasses and is intolerant to certain textures and sensitive to smells. Has low muscle tone, lacks strength, and has no fine motor control.","Chava is highly motivated by cooking activities.  Adaptive tools like a specialized knife can support his development while respecting his sensory needs, promoting greater independence.","This adaptive knife helps kids with motor and sensory challenges to build motor skills and independence. Its ergonomic acrylic design and interchangeable blades make cooking safe, motivating, and accessible, supporting growth through real, meaningful tasks",Our project is the design and development of an adaptive kitchen knife specifically tailored for children with motor and sensory challenges—particularly those with Down syndrome. Tools needed PC or MAC I7 + Fusion 360 FDM Printer Laser Cutter,Hobbies; Daily Living,
Cooking and Learning,https://tomglobal.org/project?id=67c854cdaed018001306462f,Cooking and Learning,Kids with cognitive disabilities,Kids with cognitive disabilities might often be distracted in their culinary program. We think is important to create something that keeps them focused in class. Making them enjoy and learn more and more every time.,"It helps children stay engaged, follow cooking steps easily, improve focus, and develop key skills through a fun, structured, and interactive game experience.","We are designing an interactive board game where children can learn and practice the steps of cooking (specifically baking cookies) in a fun, structured, and accessible way. Through colorful game pieces, recipe cards, mini-challenges, and a dynamic board. Tools needed Protective glasses PC or MAC I7 + Measurement tool scissors FDM Printer",Daily Living; Hobbies; Fun/Leisure,
E-Braille,https://tomglobal.org/project?id=6421b9f298e9212841727afe,E-Braille,This will help people who are blind and deaf.,Our project is needed because right now it is hard for people who are blind and deaf to easily recive text messages and our project would allow them to more efficiently,"This will address the challenge because the options currently available for use are very expensive, large, and not portable. Our product is unlike anything currently available on the market.","Our solution is product that translates online messaging into braille for people to read. Our project would cost less than $100 and would be more compact, portable, and efficient then the models currently available. Tools needed PC or MAC I7 + Measurement tool Cutter scissors scissors Hot glue gun FDM Printer",Daily Living,
shaving disabled people,https://tomglobal.org/project?id=61b61bdc4f10776dbe48877d,"We're offering a completely fully built and tested system that will
solve Djordje's problem with shaving. The system will have most of
its parts fully printable and adjustable, so it fits someone else's needs
and problems with of-the-self components.
The system has several degrees of freedom and rotations that will
give Djordje complete control of the trimmer. He can precisely
position the system, so it shaves even the most difficult areas, while
fully controlling it with his right arm.",,,,,Daily Living,condition:paralysis
3D Printed ATM For Kids,https://tomglobal.org/project?id=641e833f98e921284171ae6f,3D Printed ATM For Kids,Teri Campus of Life is an organization that houses and educates individuals that are born with autism from 6 years old to 60 years of age. Their goal is to give those with disabilities the same happy life that we all should have equally.,This project was brought up by one of the educational counselor for the younger individuals that have autism. The idea of this project is to teach how to do day to day transactions. To simplify and make it fun how to understand money.,The solution addresses the challenge by simplifying the teaching method of how money works by having an 3D printed box that interacts with the individual like an ATM.,The solution is to have an easier understanding of money for kids that suffer with autism. It will be a more interactive and fun experience for the individuals. Tools needed Fusion 360 Measurement tool Hot glue gun FDM Printer,Fun/Leisure,
Wifi Glasses,https://tomglobal.org/project?id=641e813498e921284171a6b9,Wifi Glasses,Teri Campus of Life is an organization that houses and educates individuals that are born with autism from 6 years old to 60 years of age. Their goal is to give those with disabilities the same happy life that we all should have equally.,When meeting with Teri Campus of Life one of the difficulties they had was having more supervision for their students so the idea came to use smart glasses that can alert a close by counselor that their individual is leaving the perimeter or is in danger.,This solution will address the challenge by being able to alert the counselor that their individual is in danger or is in an area that they are not suppose to be in.,The solution being offered is to have extra safety for those that watch over people with disabilities in case they wander outside the viewing range of the person watching over them. Tools needed Protective glasses PC or MAC I7 + FDM Printer Voltmeter,Daily Living,
Shoelace assistive device,https://tomglobal.org/project?id=640f8ef66377df4983d03bbd,An assistive device that will help Ori to tie his shoes.,"Uri, a 17-year-old, born with CP that has impacted his fine motor skills. Despite his condition, he is a highly independent individual. However, the one activity that bothers him and he struggles to do by himself is tying his shoes.",Helping Uri to tie his shoes independedly.,Option 1: Design an cool and accessible spring that will hold his shoe lace tied. Option 2: Two sticks he can hold the shoe lace with and tie them.,An assistive device that will help Ori to tie his shoes Tools needed PC or MAC I7 + Cutter FDM Printer,Daily Living,
HappyWalk,https://tomglobal.org/project?id=640f644f6377df4983ce7269,"HappyWalk is a low-cost, adjustable pediatric walker made of wood and 3D-printed plastic parts. It promotes mobility and independence for children with disabilities, and allows them to participate in the design process through coloring the plastic pieces.","Sarah, 4, needs walking support due to her condition. Her parents tried other aids, but they didn't work or were too expensive. She wants to explore and be independent.",HappyWalk is needed as it provides an affordable and accessible solution for children with mobility challenges. Traditional walkers can be expensive and hard to use. Children with disabilities need safe and supportive aids to explore and move independently,HappyWalk provides safe and supportive mobility for children with disabilities. Its adjustable design and low-cost materials make it accessible to families in need. Involving children in the design process promotes creativity and independence.,"HappyWalk is a low-cost, adjustable pediatric walker made of wood and 3D-printed plastic parts. It promotes mobility and independence for children with disabilities, and allows them to participate in the design process through coloring the plastic pieces. Tools needed Face shield PC or MAC I7 + Prusa slicer Electric Srewdriver",Daily Living,
Interactive Light and Sound Pyramid,https://tomglobal.org/project?id=67ead752b1049f00124102b9,Interactive Light and Sound Pyramid,Daycare students with visual impairments and/or motor deficits.,"Children with visual and motor impairments struggle to play with standard toys, limiting their ability to engage with peers. A toy with light-touch buttons and lights provides accessible play, helping to support social development and fine motor skills.","The pyramids buttons and lights make play accessible for impaired students, while its multi-sensory design fosters dexterity, creativity, and social interaction. Accommodating multiple children at once, it encourages peer interaction and communication.","A multi-sensory light and sound pyramid with interactive LCD screens, large light up buttons, and a giant glowing pegboard for accessible play. Tools needed Protective glasses PC or MAC I7 + Clamps Screwdriver set Metal scissors scissors Electric Srewdriver Hot glue gun Soldering set Laser Cutter",Fun/Leisure; Daily Living; Therapy,
diPlay controller — an accessible and adjustable interface for videogames,https://tomglobal.org/project?id=640f12e06377df4983ce077c,diPlay controller — an accessible and adjustable interface for videogames,"The Portuguese Association of Parents and Friends of the Mentally Disabled Citizen of Lisbon - APPACDM of Lisbon - has as its Mission to promote the inclusion of people with disabilities in society, with respect for the right to exercise full citizenship.","A high percentage of people with intellectual disabilities in this institution cannot play video games with a keyboard or comercial controllers, and existing accessible interfaces are too expensive to purchase.","Button press is made easier by size, distance, shape customisation and number of active buttons (e.g. a two-key game will only have 2 buttons visible). A dedicated software allows to associate the keys of a keyboard to any of the 8 possible buttons.","A video game interface, accessible to people with mental and/or motor disabilities, modular in the number and position of buttons, low cost and reproducible with fabLabs technologies Tools needed PC or MAC I7 + FDM Printer Soldering set Cable stripper Laser Cutter",Therapy; Fun/Leisure,
Magnetic Co-Board,https://tomglobal.org/project?id=640a86426377df4983c8944f,Magnetic Co-Board,"Guy Slome is a left Hemiplegic  and struggle to mix ingredient in bowl independently . He apart of a cooking class at Access Inc and would like simple, inconspicuous solution enables more independence while preparing food.",Whilst there are existing kitchen mobility aids on the current market that assist  individuals with limited mobilities to cook independently. These devices often lack the consideration of durable materials to stabilized a bowl for a left Hemiplegic .,"Through a base assembled from several laser-cut 0.3 Acrylic sheets, laminated together with stainless screws to help strategically encase a set of magnets and a weighted plate. To help stabilize a cooking bowl in place, which will also magnetize on top .",The solution being offered is a magnetic base that assists individuals with limited body movement to keep a cooking bowl stable while mixing ingredients independently with one hand. Tools needed Heavy duty gloves Protective glasses PC or MAC I7 + Measurement tool Digital caliber Clamps Vise grip Screwdriver set Ratchet + Boxes set Pliers Cutter Metal scissors Wood Filing Tool Agle Grinder Laser Cutter,Daily Living,
HandsUp,https://tomglobal.org/project?id=640470d75bcc0e51812bbae7,"A sign language translation app ""HandsUp"" that translates spoken language, both text and audio, to sign language using a 3D avatar or fictional person, and vice versa, in order to break down communication barriers and alleviate deaf people's fears.","The Palestinian Red Crescent School for the Education and Rehabilitation of the Deaf was established in 1997, with the objective of providing comprehensive educational and rehabilitation services to deaf students.","Many deaf and hard of hearing students have a fear of communication due to the lack of access to sign language translators. They fear not being able to effectively communicate in various aspects of life, including education, employment, and healthcare.","The deaf person can communicate with others by translating text or audio sent to him into sign language via avatar, and the hearing person can understand what the deaf person is trying to communicate by translating SL into text or audio via real-time video","A sign language translation app ""HandsUp"" that translates spoken language, both text and audio, to sign language using a 3D avatar or fictional person, and vice versa, in order to break down communication barriers and alleviate deaf people's fears. Tools needed PC or MAC I7 +",Daily Living,
U-Piller,https://tomglobal.org/project?id=67f1dd14b1049f0012452a6f,U-Piller,People with involuntary oral movement struggling with daily medicine in-take.,"Due to her involuntary mouth movement, she struggles to take medication orally.",We are addressing the issue of the involuntary bites with a buffer to preserve the pet-piller syringe.,"Our solution is the use of a pet-piller with a wider nozzle for bigger pills, combined with a mouthpiece with a hole for the pet-piller to fit through, preventing the bites from cracking the pet-piller. Tools needed Fusion 360 Measurement tool Cutter scissors FDM Printer",Daily Living,
